/*M!999999\- enable the sandbox mode */ 
-- MariaDB dump 10.19  Distrib 10.11.11-MariaDB, for Linux (x86_64)
--
-- Host: localhost    Database: amtstx_lar
-- ------------------------------------------------------
-- Server version	10.11.11-MariaDB

/*!40101 SET @OLD_CHARACTER_SET_CLIENT=@@CHARACTER_SET_CLIENT */;
/*!40101 SET @OLD_CHARACTER_SET_RESULTS=@@CHARACTER_SET_RESULTS */;
/*!40101 SET @OLD_COLLATION_CONNECTION=@@COLLATION_CONNECTION */;
/*!40101 SET NAMES utf8mb4 */;
/*!40103 SET @OLD_TIME_ZONE=@@TIME_ZONE */;
/*!40103 SET TIME_ZONE='+00:00' */;
/*!40014 SET @OLD_UNIQUE_CHECKS=@@UNIQUE_CHECKS, UNIQUE_CHECKS=0 */;
/*!40014 SET @OLD_FOREIGN_KEY_CHECKS=@@FOREIGN_KEY_CHECKS, FOREIGN_KEY_CHECKS=0 */;
/*!40101 SET @OLD_SQL_MODE=@@SQL_MODE, SQL_MODE='NO_AUTO_VALUE_ON_ZERO' */;
/*!40111 SET @OLD_SQL_NOTES=@@SQL_NOTES, SQL_NOTES=0 */;

--
-- Table structure for table `comp_docs`
--

DROP TABLE IF EXISTS `comp_docs`;
/*!40101 SET @saved_cs_client     = @@character_set_client */;
/*!40101 SET character_set_client = utf8mb4 */;
CREATE TABLE `comp_docs` (
  `id` int(11) NOT NULL AUTO_INCREMENT,
  `name` int(11) DEFAULT NULL,
  `type` varchar(300) DEFAULT NULL,
  `expire_date` date DEFAULT NULL,
  `doc_path` varchar(600) DEFAULT NULL,
  `customer_id` bigint(20) unsigned NOT NULL,
  `created_at` timestamp NULL DEFAULT NULL,
  `updated_at` timestamp NULL DEFAULT NULL,
  `remind_date` date DEFAULT NULL,
  PRIMARY KEY (`id`),
  KEY `store_id` (`customer_id`),
  CONSTRAINT `comp_docs_ibfk_1` FOREIGN KEY (`customer_id`) REFERENCES `users` (`id`)
) ENGINE=InnoDB AUTO_INCREMENT=59 DEFAULT CHARSET=utf8mb4 COLLATE=utf8mb4_general_ci;
/*!40101 SET character_set_client = @saved_cs_client */;

--
-- Dumping data for table `comp_docs`
--

LOCK TABLES `comp_docs` WRITE;
/*!40000 ALTER TABLE `comp_docs` DISABLE KEYS */;
INSERT INTO `comp_docs` (`id`, `name`, `type`, `expire_date`, `doc_path`, `customer_id`, `created_at`, `updated_at`, `remind_date`) VALUES (1,3,'Annual','2024-09-10','21/21 - RAKF.pdf',21,'2024-07-30 12:19:08','2024-07-31 03:08:16',NULL),
(2,1,'Annual','2024-09-19',NULL,21,'2024-07-31 03:45:28','2024-07-31 03:45:28',NULL),
(3,2,'Annual','2024-09-30',NULL,21,'2024-08-01 04:17:48','2024-08-01 04:17:48',NULL),
(4,2,'Annual','2025-08-10','21/21 - ust-initial-registration-form.pdf',21,'2024-08-10 19:38:39','2024-08-10 19:38:39',NULL),
(5,1,'Annual','2024-11-20','64/64 - Record of Release Detection Annual Testing.pdf',64,'2024-09-05 02:31:40','2024-09-05 02:31:40',NULL),
(6,3,'Every 3 years','2026-11-16','64/64 - RP1200 Appendix C 5 OVERFILL.pdf',64,'2024-09-05 02:32:17','2024-09-05 02:32:17',NULL),
(7,5,'Monthly','2024-09-19',NULL,66,'2024-09-08 06:39:37','2024-09-08 06:39:37',NULL),
(8,1,'Annual','2024-11-08','127/127 - Mickeys 14 LLT 2023.pdf',127,'2024-09-25 17:32:14','2024-09-25 17:32:14',NULL),
(9,1,'Annual','2024-11-13','130/130 - PARKING SITE PLAN C-100-Model.pdf',130,'2024-09-26 23:01:46','2024-09-26 23:01:46',NULL),
(10,1,'Annual','2025-10-05','626/626 - Shell Food Mart LLT 2024.pdf',626,'2025-01-31 08:55:23','2025-01-31 08:55:39',NULL),
(11,4,'Every 3 years','2027-06-26','626/626 - Shell Food Mart CP 2024.pdf',626,'2025-01-31 08:59:32','2025-01-31 08:59:32',NULL),
(12,1,'Annual','2025-08-21','604/604 - Kool Corner LLT 2024.pdf',604,'2025-01-31 09:04:48','2025-01-31 09:04:48',NULL),
(13,4,'Every 3 years','2026-07-20','604/604 - CP 2023.pdf',604,'2025-01-31 09:05:18','2025-01-31 09:05:18',NULL),
(14,1,'Annual','2026-02-12','136/136 - All Star Grocery 3_LLT 2025.pdf',136,'2025-04-09 14:32:41','2025-04-09 14:32:41',NULL),
(16,19,'Annual','2025-09-18','701/701 - Tank Insurance_BZ MILA LLC DBA SNACK STOP.pdf',701,'2025-04-09 23:33:32','2025-04-09 23:33:32',NULL),
(17,19,'Monthly','2025-04-17','128/128 - test.pdf',128,'2025-04-10 07:00:02','2025-04-10 07:00:02',NULL),
(18,18,'Every 3 years','2025-05-30','130/130 - 71 Hill_A+B Certificate.pdf',130,'2025-04-10 13:39:53','2025-04-10 13:39:53',NULL),
(19,19,'Annual','2025-11-09','130/130 - Tank Insurance 2024-25.pdf',130,'2025-04-10 13:40:50','2025-04-10 13:40:50',NULL),
(20,1,'Annual','2025-07-16','149/149 - Big Bucket 4 LLT 2024.pdf',149,'2025-04-10 13:42:38','2025-04-10 13:42:38',NULL),
(21,2,'Annual','2025-07-16','149/149 - Big Bucket 4 Stage 1 2024.pdf',149,'2025-04-10 13:42:56','2025-04-10 13:42:56',NULL),
(22,3,'No Expiry',NULL,'149/149 - Overfill Prevention.pdf',149,'2025-04-10 13:43:17','2025-04-10 13:43:17',NULL),
(23,6,'Annual','2025-09-10','149/149 - Annual Sump Inspection.pdf',149,'2025-04-10 13:43:53','2025-04-10 13:43:53',NULL),
(24,8,'Every 3 years','2027-06-17','149/149 - C3 Spill Bucket Test.pdf',149,'2025-04-10 13:44:24','2025-04-10 13:44:24',NULL),
(25,10,'Every 3 years','2027-06-17','149/149 - C5 Overfill Test.pdf',149,'2025-04-10 13:45:00','2025-04-10 13:45:00',NULL),
(26,18,'Every 3 years','2026-11-11','149/149 - Class AB.pdf',149,'2025-04-10 13:45:33','2025-04-10 13:45:33',NULL),
(27,14,'No Expiry',NULL,'149/149 - Tank Verification.PDF',149,'2025-04-10 13:46:07','2025-04-10 13:46:07',NULL),
(28,19,'Annual','2025-05-06','149/149 - Tank Insurance.pdf',149,'2025-04-10 13:46:35','2025-04-10 13:46:35',NULL),
(29,17,'Every 3 years','2024-09-02','149/149 - Class C (1).pdf',149,'2025-04-10 13:49:56','2025-04-10 13:49:56',NULL),
(30,17,'Every 3 years','2027-11-05','149/149 - Class C (2).pdf',149,'2025-04-10 13:51:32','2025-04-10 13:51:32',NULL),
(31,1,'Annual','2025-07-13','505/505 - Foodies Corner 5 LLT 2024.pdf',505,'2025-04-29 09:42:04','2025-04-29 09:42:04',NULL),
(32,2,'Annual','2025-07-13','505/505 - Foodies Corner 5 Stage 1 2024.pdf',505,'2025-04-29 09:42:17','2025-04-29 09:42:17',NULL),
(33,3,'No Expiry',NULL,'505/505 - Overfill Prevention.pdf',505,'2025-04-29 09:42:31','2025-04-29 09:42:31',NULL),
(34,4,'Every 3 years','2025-07-25','505/505 - Foodies Corner 5_CP 2022.pdf',505,'2025-04-29 09:42:56','2025-04-29 09:42:56',NULL),
(35,6,'Annual','2025-06-17','505/505 - Annual Sump Inspection.pdf',505,'2025-04-29 09:44:22','2025-04-29 09:44:22',NULL),
(36,8,'Every 3 years','2027-06-17','505/505 - C3 Spill Bucket Test.pdf',505,'2025-04-29 09:45:07','2025-04-29 09:45:07',NULL),
(37,10,'Every 3 years','2027-06-17','505/505 - C5 Overfill Test.pdf',505,'2025-04-29 09:45:28','2025-04-29 09:45:28',NULL),
(38,14,'No Expiry',NULL,'505/505 - Tank Verification.pdf',505,'2025-04-29 09:45:57','2025-04-29 09:45:57',NULL),
(39,17,'Every 3 years','2027-08-19','505/505 - Class C (1).pdf',505,'2025-04-29 09:48:29','2025-04-29 09:48:29',NULL),
(40,17,'Every 3 years','2028-01-26','505/505 - Class C (2).pdf',505,'2025-04-29 09:48:55','2025-04-29 09:48:55',NULL),
(41,18,'Every 3 years','2026-06-08','505/505 - Class AB.pdf',505,'2025-04-29 09:49:22','2025-04-29 09:49:22',NULL),
(42,11,'Annual','2025-06-17','505/505 - C7 ATG Test.pdf',505,'2025-04-29 09:49:39','2025-04-29 09:49:39',NULL),
(43,19,'Annual','2026-03-24','505/505 - Tank Insurance.pdf',505,'2025-04-29 09:50:09','2025-04-29 09:50:09',NULL),
(44,1,'Annual','2025-10-04','147/147 - Big Bucket LLT 2024.pdf',147,'2025-04-29 09:53:18','2025-04-29 09:53:18',NULL),
(45,2,'Annual','2025-10-04','147/147 - Big Bucket Stage 1 2024.pdf',147,'2025-04-29 09:53:44','2025-04-29 09:53:44',NULL),
(46,8,'Every 3 years','2027-09-11','147/147 - C3 Spill Bucket Test.pdf',147,'2025-04-29 09:54:05','2025-04-29 09:54:05',NULL),
(47,10,'Every 3 years','2027-09-11','147/147 - C5 Overfill Test.pdf',147,'2025-04-29 09:54:24','2025-04-29 09:54:24',NULL),
(48,9,'Every 3 years','2027-09-11','147/147 - Containment Sump Tests.pdf',147,'2025-04-29 09:55:01','2025-04-29 09:55:01',NULL),
(49,12,'Annual','2025-09-11','147/147 - C8 Sensor Test.pdf',147,'2025-04-29 09:55:52','2025-04-29 09:55:52',NULL),
(50,11,'Annual','2025-09-11','147/147 - C7 ATG Test .pdf',147,'2025-04-29 09:56:09','2025-04-29 09:56:09',NULL),
(51,3,'No Expiry',NULL,'147/147 - Overfill Prevention.pdf',147,'2025-04-29 09:56:21','2025-04-29 09:56:21',NULL),
(52,6,'Annual','2025-09-11','147/147 - Annual Sump Inspection.pdf',147,'2025-04-29 09:56:45','2025-04-29 09:56:45',NULL),
(53,14,'No Expiry',NULL,'147/147 - Tank Verification.pdf',147,'2025-04-29 09:56:58','2025-04-29 09:56:58',NULL),
(54,18,'Every 3 years','2025-07-19','147/147 - Class AB.pdf',147,'2025-04-29 09:58:54','2025-04-29 09:58:54',NULL),
(55,19,'Annual','2025-09-27','147/147 - Tank Insurance.pdf',147,'2025-04-29 09:59:17','2025-04-29 09:59:17',NULL),
(56,17,'Every 3 years','2027-01-17','147/147 - Class C (1).pdf',147,'2025-04-29 10:00:23','2025-04-29 10:00:23',NULL),
(57,17,'Annual','2028-01-06','147/147 - Class C (2).pdf',147,'2025-04-29 10:00:43','2025-04-29 10:00:43',NULL),
(58,17,'Every 3 years','2026-11-23','147/147 - Class C (3).pdf',147,'2025-04-29 10:01:31','2025-04-29 10:01:31',NULL);
/*!40000 ALTER TABLE `comp_docs` ENABLE KEYS */;
UNLOCK TABLES;

--
-- Table structure for table `cus_licenses`
--

DROP TABLE IF EXISTS `cus_licenses`;
/*!40101 SET @saved_cs_client     = @@character_set_client */;
/*!40101 SET character_set_client = utf8mb4 */;
CREATE TABLE `cus_licenses` (
  `id` int(11) NOT NULL AUTO_INCREMENT,
  `name` varchar(300) DEFAULT NULL,
  `type` varchar(300) DEFAULT NULL,
  `expire_date` date DEFAULT NULL,
  `agency` varchar(300) DEFAULT NULL,
  `doc_path` varchar(600) DEFAULT NULL,
  `customer_id` bigint(20) unsigned NOT NULL,
  `created_at` timestamp NULL DEFAULT NULL,
  `updated_at` timestamp NULL DEFAULT NULL,
  `remind_date` date DEFAULT NULL,
  PRIMARY KEY (`id`),
  KEY `store_id` (`customer_id`),
  CONSTRAINT `cus_licenses_ibfk_1` FOREIGN KEY (`customer_id`) REFERENCES `users` (`id`)
) ENGINE=InnoDB AUTO_INCREMENT=453 DEFAULT CHARSET=utf8mb4 COLLATE=utf8mb4_general_ci;
/*!40101 SET character_set_client = @saved_cs_client */;

--
-- Dumping data for table `cus_licenses`
--

LOCK TABLES `cus_licenses` WRITE;
/*!40000 ALTER TABLE `cus_licenses` DISABLE KEYS */;
INSERT INTO `cus_licenses` (`id`, `name`, `type`, `expire_date`, `agency`, `doc_path`, `customer_id`, `created_at`, `updated_at`, `remind_date`) VALUES (121,NULL,'Delivery Certificate','2025-10-31','TCEQ','21/21 - DC 2025.pdf',21,'2024-05-10 13:32:19','2025-03-05 12:07:57','2025-01-22'),
(122,'Annual Line Test','Line & Leak Test Result','2025-03-06',NULL,'78/78 - Fillin Station Express LLT 2024.pdf',78,'2024-07-29 05:53:34','2024-07-29 05:53:34',NULL),
(123,'Tank Insurance','Tank Insurance','2024-06-09','Mid-Continent Insurance',NULL,21,'2024-07-30 03:41:26','2025-01-22 00:00:03','2025-01-22'),
(124,'A+B Operating','A+B Operting','2024-09-30','PASS Training & Compliance',NULL,21,'2024-07-30 04:33:29','2025-01-22 00:00:03','2025-01-22'),
(125,'Delivery Certificate','Delivery Certificate','2024-08-30','TCEQ','64/64 - Texas Class C Checklist.pdf',64,'2024-09-05 02:33:12','2025-01-22 00:00:03','2025-01-22'),
(126,'Motor Fuel Metering Certificate','Calibration','2024-10-30','TDLR','64/64 - RP1200 Appendix C 3 SPILL BUCKET.pdf',64,'2024-09-05 02:34:10','2025-01-22 00:00:03','2025-01-22'),
(127,NULL,'Delivery Certificate','2026-01-31','TCEQ','98/98 - DC 2026.pdf',98,'2024-09-08 06:06:51','2025-03-05 12:01:43','2025-01-22'),
(128,'Motor Fuel Metering Certificate','Calibration','2024-10-03','TDLR',NULL,70,'2024-09-08 06:08:03','2024-09-08 06:08:03',NULL),
(129,NULL,NULL,'2025-04-30',NULL,'66/66 - DC 2025.pdf',66,'2024-09-08 06:32:00','2025-02-28 13:39:48',NULL),
(132,'Motor Fuel Metering Certificate','Calibration','2024-10-01',NULL,'66/66 - Texas Class C Checklist.pdf',66,'2024-09-09 00:58:35','2024-09-09 00:58:35',NULL),
(133,'Motor Fuel Metering Certificate','Calibration','2024-10-01','TDLR','66/66 - Demoliton License Application_San Antonio.pdf',66,'2024-09-09 22:06:43','2024-09-09 22:06:43',NULL),
(134,'test edited','test type','2024-09-14','test agent','70/70 - ROUND TOUR CLASSIC - 04 NIGHTS.pdf',70,'2024-09-13 12:23:57','2024-09-13 12:47:53',NULL),
(135,'test nm','tst','2024-09-18','test ag','70/70 - ROUND TOUR CLASSIC - 04 NIGHTS.pdf',70,'2024-09-13 12:49:10','2024-09-13 12:49:20',NULL),
(136,'Delivery Certificate','Delivery Certificate','2024-09-30','TCEQ','21/21 - Demoliton License Application_San Antonio.pdf',21,'2024-09-14 20:26:22','2024-09-14 20:26:22',NULL),
(137,'Tank Insurance','Insurance','2024-10-09','TCEQ','66/66 - Demoliton License Application_San Antonio.pdf',66,'2024-09-15 21:46:21','2024-09-15 21:46:21',NULL),
(138,'DC 2025','Delivery Certificate','2025-08-31','tceq','129/129 - DC 2025.pdf',129,'2025-02-26 13:16:55','2025-02-26 13:16:55',NULL),
(139,'DC 2025','Delivery Certificate','2025-07-31','TCEQ','438/438 - Dc 2025.pdf',438,'2025-02-26 13:20:01','2025-02-26 13:20:01',NULL),
(140,'DC 2025','Delivery Certificate','2025-09-30','TCEQ','128/128 - DC 2025.pdf',128,'2025-02-26 13:21:45','2025-02-26 13:21:45',NULL),
(141,'DC 2025','Delivery Certificate','2025-08-31','TCEQ','130/130 - DC 2025.pdf',130,'2025-02-26 13:22:29','2025-02-26 13:22:29',NULL),
(142,'DC 2025','Delivery Certificate','2025-09-30','TCEQ','737/737 - DC 2025.pdf',737,'2025-02-26 13:24:13','2025-02-26 13:24:13',NULL),
(145,NULL,'Delivery Certificate','2026-03-31','TCEQ','133/133 - DC 2026.pdf',133,'2025-02-28 08:39:58','2025-02-28 08:39:58',NULL),
(146,NULL,'Delivery Certificate','2026-02-28','TCEQ','134/134 - DC 2026.pdf',134,'2025-02-28 08:41:07','2025-02-28 08:41:07',NULL),
(147,NULL,'Delivery Certificate','2025-09-30','TCEQ','131/131 - DC 2025.pdf',131,'2025-02-28 11:02:44','2025-02-28 11:02:44',NULL),
(148,NULL,'Delivery Certificate','2026-05-31','TCEQ','132/132 - DC 2026.pdf',132,'2025-02-28 11:05:21','2025-04-21 10:26:42',NULL),
(149,NULL,'Delivery Certificate','2025-08-31','TCEQ','135/135 - DC 2025.pdf',135,'2025-02-28 11:06:02','2025-02-28 11:06:02',NULL),
(150,NULL,'Delivery Certificate','2026-01-31','TCEQ','136/136 - DC 2026.pdf',136,'2025-02-28 11:06:44','2025-02-28 11:06:44',NULL),
(151,NULL,'Delivery Certificate','2025-04-30','TCEQ','904/904 - DC 2025.pdf',904,'2025-02-28 11:09:25','2025-02-28 11:09:25',NULL),
(152,NULL,'Delivery Certificate','2026-02-28','TCEQ','137/137 - DC 2026.pdf',137,'2025-02-28 11:10:06','2025-02-28 11:10:06',NULL),
(153,NULL,'Delivery Certificate','2025-09-30','TCEQ','138/138 - DC 2025.pdf',138,'2025-02-28 11:10:39','2025-02-28 11:10:39',NULL),
(154,NULL,'Delivery Certificate','2025-09-30','TCEQ','139/139 - DC 2025.pdf',139,'2025-02-28 11:11:14','2025-02-28 11:11:14',NULL),
(155,NULL,'Delivery Certificate','2025-09-30','TCEQ','898/898 - DC 2025.pdf',898,'2025-02-28 11:12:10','2025-02-28 11:12:10',NULL),
(156,NULL,'Delivery Certificate','2026-02-28','TCEQ','140/140 - DC 2026.pdf',140,'2025-02-28 11:18:40','2025-02-28 11:18:40',NULL),
(157,NULL,'Delivery Certificate','2025-05-31','TCEQ','142/142 - DC 2025.pdf',142,'2025-02-28 11:20:12','2025-02-28 11:20:12',NULL),
(158,NULL,'Delivery Certificate','2025-09-30','TCEQ','143/143 - DC 2025.pdf',143,'2025-02-28 11:20:46','2025-02-28 11:20:46',NULL),
(159,NULL,'Delivery Certificate','2025-08-31','TCEQ','144/144 - DC 2025.pdf',144,'2025-02-28 11:32:56','2025-02-28 11:32:56',NULL),
(160,NULL,'Delivery Certificate','2025-05-31','TCEQ','145/145 - DC 2025.pdf',145,'2025-02-28 11:33:29','2025-02-28 11:33:29',NULL),
(161,NULL,'Delivery Certificate','2025-05-31','TCEQ','146/146 - DC 2025.pdf',146,'2025-02-28 11:34:06','2025-02-28 11:34:06',NULL),
(162,NULL,'Delivery Certificate','2026-01-31','TCEQ','81/81 - DC 2026.pdf',81,'2025-02-28 11:34:59','2025-02-28 11:34:59',NULL),
(163,NULL,'Delivery Certificate','2025-09-30','TCEQ','82/82 - DC 2025.pdf',82,'2025-02-28 11:36:28','2025-02-28 11:36:28',NULL),
(164,NULL,'Delivery Certificate','2026-04-30','TCEQ','147/147 - DC 2026.pdf',147,'2025-02-28 11:37:05','2025-04-21 10:13:13',NULL),
(165,NULL,'Delivery Certificate','2025-10-31','TCEQ','148/148 - DC 2025.pdf',148,'2025-02-28 11:37:43','2025-02-28 11:37:43',NULL),
(166,NULL,'Delivery Certificate','2026-01-31','TCEQ','149/149 - DC 2026.pdf',149,'2025-02-28 11:38:19','2025-02-28 11:38:19',NULL),
(167,NULL,'Delivery Certificate','2026-03-31','TCEQ','150/150 - DC 2026.pdf',150,'2025-02-28 11:39:00','2025-04-21 09:58:10',NULL),
(168,NULL,'Delivery Certificate','2025-06-30','TCEQ','151/151 - DC 2025.pdf',151,'2025-02-28 11:39:38','2025-02-28 11:39:38',NULL),
(169,NULL,'Delivery Certificate','2025-08-31','TCEQ','863/863 - DC 2025.pdf',863,'2025-02-28 11:40:58','2025-02-28 11:40:58',NULL),
(170,NULL,'Delivery Certificate','2025-04-30','TCEQ','180/180 - DC 2025.pdf',180,'2025-02-28 11:41:34','2025-02-28 11:41:34',NULL),
(171,NULL,'Delivery Certificate','2025-08-31','TCEQ','152/152 - DC 2025.pdf',152,'2025-02-28 11:43:26','2025-02-28 11:43:26',NULL),
(172,NULL,'Delivery Certificate','2025-08-31','TCEQ','901/901 - DC 2025.pdf',901,'2025-02-28 11:45:58','2025-02-28 11:45:58',NULL),
(173,NULL,'Delivery Certificate','2025-06-30','TCEQ','153/153 - DC 2025.pdf',153,'2025-02-28 12:00:22','2025-02-28 12:00:22',NULL),
(174,NULL,'Delivery Certificate','2025-10-31','TCEQ','154/154 - DC 2025.pdf',154,'2025-02-28 12:00:55','2025-02-28 12:00:55',NULL),
(175,NULL,'Delivery Certificate','2026-02-28','TCEQ','77/77 - DC 2026.pdf',77,'2025-02-28 12:01:55','2025-02-28 12:01:55',NULL),
(176,NULL,'Delivery Certificate','2025-09-30','TCEQ','155/155 - DC 2025.pdf',155,'2025-02-28 12:02:33','2025-02-28 12:02:33',NULL),
(177,NULL,'Delivery Certificate','2026-03-31','TCEQ','875/875 - DC 2026.pdf',875,'2025-02-28 12:03:02','2025-04-21 10:10:57',NULL),
(178,NULL,'Delivery Certificate','2026-04-30','TCEQ','156/156 - DC 2026.pdf',156,'2025-02-28 12:03:33','2025-04-21 10:13:38',NULL),
(179,NULL,'Delivery Certificate','2026-03-31','TCEQ','157/157 - DC 2026.pdf',157,'2025-02-28 12:05:38','2025-04-21 09:59:41',NULL),
(180,NULL,'Delivery Certificate','2026-02-28','TCEQ','158/158 - DC 2026.pdf',158,'2025-02-28 12:26:21','2025-02-28 12:26:21',NULL),
(182,NULL,'Delivery Certificate','2025-06-30','TCEQ','183/183 - DC 2025.pdf',183,'2025-02-28 12:27:26','2025-02-28 12:27:26',NULL),
(183,NULL,'Delivery Certificate','2025-08-31','TCEQ','159/159 - DC 2025.pdf',159,'2025-02-28 12:27:54','2025-02-28 12:27:54',NULL),
(184,NULL,'Delivery Certificate','2025-09-30','TCEQ','160/160 - DC 2025.pdf',160,'2025-02-28 12:30:10','2025-02-28 12:30:10',NULL),
(185,NULL,'Delivery Certificate','2025-08-31','TCEQ','161/161 - DC 2025.pdf',161,'2025-02-28 13:00:09','2025-02-28 13:00:09',NULL),
(186,NULL,'Delivery Certificate','2025-05-31','TCEQ','162/162 - DC 2025.pdf',162,'2025-02-28 13:00:31','2025-02-28 13:00:31',NULL),
(187,NULL,'Delivery Certificate','2025-07-31','TCEQ','163/163 - DC 2025.pdf',163,'2025-02-28 13:01:12','2025-02-28 13:01:12',NULL),
(188,NULL,'Delivery Certificate','2025-08-31','TCEQ','164/164 - DC 2025.pdf',164,'2025-02-28 13:02:29','2025-02-28 13:02:29',NULL),
(189,NULL,'Delivery Certificate','2026-02-28','TCEQ','856/856 - Circle Bar Truck Corral DC 2026.pdf',856,'2025-02-28 13:06:40','2025-02-28 13:06:40',NULL),
(190,NULL,'Delivery Certificate','2025-10-31','TCEQ','83/83 - DC 2025.pdf',83,'2025-02-28 13:09:09','2025-02-28 13:09:09',NULL),
(191,NULL,'Delivery Certificate','2025-10-31','TCEQ','67/67 - DC 2025.pdf',67,'2025-02-28 13:10:47','2025-02-28 13:10:47',NULL),
(192,NULL,'Delivery Certificate','2025-06-30','TCEQ','74/74 - DC 2025.pdf',74,'2025-02-28 13:11:16','2025-02-28 13:11:16',NULL),
(193,NULL,NULL,'2026-01-31',NULL,'85/85 - DC 2026.pdf',85,'2025-02-28 13:11:50','2025-02-28 13:11:56',NULL),
(194,NULL,'Delivery Certificate','2026-01-31','TCEQ','165/165 - DC 2026.pdf',165,'2025-02-28 13:13:26','2025-02-28 13:13:26',NULL),
(195,NULL,'Delivery Certificate','2025-05-31','TCEQ','90/90 - DC 2025.pdf',90,'2025-02-28 13:13:56','2025-02-28 13:13:56',NULL),
(196,NULL,'Delivery Certificate','2026-02-28','TCEQ','739/739 - DC 2026.pdf',739,'2025-02-28 13:14:40','2025-02-28 13:14:40',NULL),
(197,NULL,'Delivery Certificate','2025-05-31','TCEQ','873/873 - DC 2025.pdf',873,'2025-02-28 13:19:02','2025-02-28 13:19:02',NULL),
(198,NULL,'Delivery Certificate','2026-03-31','TCEQ','450/450 - DC 2026.pdf',450,'2025-02-28 13:35:13','2025-04-21 10:10:11',NULL),
(199,NULL,'Delivery Certificate','2026-02-28','TCEQ','853/853 - DC 2026.pdf',853,'2025-02-28 13:35:56','2025-02-28 13:35:56',NULL),
(200,NULL,'Delivery Certificate','2026-03-31','TCEQ','166/166 - DC 2026.pdf',166,'2025-02-28 13:36:32','2025-02-28 13:36:32',NULL),
(201,NULL,'Delivery Certificate','2026-03-31','TCEQ','167/167 - DC 2026.pdf',167,'2025-02-28 13:37:33','2025-04-21 10:01:19',NULL),
(202,NULL,'Delivery Certificate','2025-10-31','TCEQ','168/168 - DC 2025.pdf',168,'2025-02-28 13:38:29','2025-02-28 13:38:29',NULL),
(203,NULL,'Delivery Certificate','2025-08-31','TCEQ','742/742 - DC 2025.pdf',742,'2025-02-28 13:38:58','2025-02-28 13:38:58',NULL),
(204,NULL,'Delivery Certificate','2026-04-30','TCEQ','66/66 - DC 2026.pdf',66,'2025-02-28 13:40:11','2025-04-21 10:14:07',NULL),
(205,NULL,'Delivery Certificate','2026-01-31','TCEQ','169/169 - DC 2026.pdf',169,'2025-02-28 13:40:41','2025-02-28 13:40:41',NULL),
(206,NULL,'Delivery Certificate','2026-04-30','TCEQ','118/118 - DC 2026.pdf',118,'2025-02-28 13:41:09','2025-04-21 10:15:13',NULL),
(207,NULL,'Delivery Certificate','2026-04-30','TCEQ','170/170 - DC 2026.pdf',170,'2025-02-28 13:41:40','2025-04-21 10:15:40',NULL),
(208,NULL,'Delivery Certificate','2026-04-30','TCEQ','171/171 - DC 2026.pdf',171,'2025-02-28 13:42:09','2025-04-21 10:16:13',NULL),
(209,NULL,'Delivery Certificate','2025-05-31','TCEQ','72/72 - DC 2025.pdf',72,'2025-02-28 13:47:56','2025-02-28 13:47:56',NULL),
(210,NULL,'Delivery Certificate','2025-09-30','TCEQ','176/176 - DC 2025.pdf',176,'2025-02-28 13:48:45','2025-02-28 13:48:45',NULL),
(211,NULL,'Delivery Certificate','2025-09-30','TCEQ','177/177 - DC 2025.pdf',177,'2025-02-28 13:49:22','2025-02-28 13:49:22',NULL),
(212,NULL,'Delivery Certificate','2025-07-31','TCEQ','172/172 - DC 2025.pdf',172,'2025-02-28 13:50:01','2025-02-28 13:50:01',NULL),
(213,NULL,'Delivery Certificate','2026-02-28','TCEQ','173/173 - DC 2026.pdf',173,'2025-02-28 13:53:14','2025-02-28 13:53:14',NULL),
(214,NULL,'Delivery Certificate','2026-03-31','TCEQ','897/897 - DC 2026.pdf',897,'2025-02-28 13:56:20','2025-02-28 13:56:20',NULL),
(215,NULL,'Delivery Certificate','2025-06-30','TCEQ','174/174 - DC 2025.pdf',174,'2025-02-28 13:56:53','2025-02-28 13:56:53',NULL),
(216,NULL,'Delivery Certificate','2026-01-31','TCEQ','175/175 - DC 2026.pdf',175,'2025-02-28 13:57:24','2025-02-28 13:57:24',NULL),
(217,NULL,'Delivery Certificate','2026-02-28','TCEQ','900/900 - DC 2026.pdf',900,'2025-02-28 14:00:53','2025-02-28 14:00:53',NULL),
(218,NULL,'Delivery Certificate','2025-08-31','TCEQ','874/874 - DC 2025.pdf',874,'2025-02-28 14:04:34','2025-02-28 14:04:34',NULL),
(219,NULL,'Delivery Certificate','2025-07-31','TCEQ','491/491 - DC 2025.pdf',491,'2025-02-28 14:06:27','2025-02-28 14:06:27',NULL),
(220,NULL,'Delivery Certificate','2025-06-30','TCEQ','492/492 - DC 2025.pdf',492,'2025-02-28 14:06:55','2025-02-28 14:06:55',NULL),
(221,NULL,'Delivery Certificate','2025-06-30','TCEQ','110/110 - DC 2025.pdf',110,'2025-02-28 14:07:24','2025-02-28 14:07:24',NULL),
(222,NULL,'Delivery Certificate','2026-03-31','TCEQ','493/493 - DC 2026.pdf',493,'2025-02-28 14:08:14','2025-04-21 10:02:34',NULL),
(223,NULL,'Delivery Certificate','2025-05-31','TCEQ','494/494 - DC 2025.pdf',494,'2025-02-28 14:12:41','2025-02-28 14:12:41',NULL),
(224,NULL,'Delivery Certificate','2026-03-31','TCEQ','495/495 - DC 2026.pdf',495,'2025-02-28 14:20:45','2025-04-21 10:03:05',NULL),
(225,NULL,'Delivery Certificate','2025-09-30','TCEQ','496/496 - DC 2025.pdf',496,'2025-02-28 14:23:25','2025-02-28 14:23:25',NULL),
(226,NULL,'Delivery Certificate','2025-07-31','TCEQ','700/700 - DC 2025.pdf',700,'2025-02-28 14:28:11','2025-02-28 14:28:11',NULL),
(227,NULL,'Delivery Certificate','2025-08-31','TCEQ','497/497 - DC 2025.pdf',497,'2025-02-28 14:29:07','2025-02-28 14:29:07',NULL),
(228,NULL,'Delivery Certificate','2025-08-31','TCEQ','89/89 - DC 2025.pdf',89,'2025-02-28 14:29:32','2025-02-28 14:29:32',NULL),
(229,NULL,'Delivery Certificate','2026-03-31','TCEQ','500/500 - DC 2026.pdf',500,'2025-02-28 14:30:10','2025-02-28 14:30:10',NULL),
(230,NULL,'Delivery Certificate','2025-08-31','TCEQ','498/498 - DC 2025.pdf',498,'2025-02-28 14:32:14','2025-02-28 14:32:14',NULL),
(231,NULL,'Delivery Certificate','2025-08-31','TCEQ','499/499 - DC 2025.pdf',499,'2025-02-28 14:36:15','2025-02-28 14:36:15',NULL),
(232,NULL,'Delivery Certificate','2025-09-30','TCEQ','501/501 - DC 2025.pdf',501,'2025-02-28 14:36:47','2025-02-28 14:36:47',NULL),
(233,NULL,'Delivery Certificate','2025-07-31','TCEQ','503/503 - DC 2025.pdf',503,'2025-02-28 14:37:35','2025-02-28 14:37:35',NULL),
(234,NULL,'Delivery Certificate','2025-07-31','TCEQ','504/504 - DC 2025.pdf',504,'2025-02-28 14:38:35','2025-02-28 14:38:35',NULL),
(235,NULL,'Delivery Certificate','2025-07-31','TCEQ','505/505 - DC 2025.pdf',505,'2025-02-28 14:40:23','2025-02-28 14:40:23',NULL),
(236,NULL,'Delivery Certificate','2026-01-31','TCEQ','455/455 - DC 2026.pdf',455,'2025-02-28 14:40:57','2025-02-28 14:40:57',NULL),
(237,NULL,'Delivery Certificate','2026-02-28','TCEQ','506/506 - DC 2026.pdf',506,'2025-02-28 14:42:39','2025-02-28 14:42:39',NULL),
(238,NULL,'Delivery Certificate','2025-05-31','TCEQ','855/855 - DC 2025.pdf',855,'2025-02-28 14:45:18','2025-02-28 14:45:18',NULL),
(239,NULL,'Delivery Certificate','2025-08-31','TCEQ','846/846 - DC 2025.pdf',846,'2025-02-28 14:48:33','2025-02-28 14:48:33',NULL),
(240,NULL,'Delivery Certificate','2026-04-30','TCEQ','123/123 - DC 2026.pdf',123,'2025-02-28 14:55:07','2025-04-21 10:16:58',NULL),
(241,NULL,'Delivery Certificate','2025-07-31','TCEQ','848/848 - DC 2025.pdf',848,'2025-02-28 15:02:11','2025-02-28 15:02:11',NULL),
(242,NULL,'Delivery Certificate','2026-05-31','TCEQ','738/738 - DC 2026.pdf',738,'2025-02-28 15:03:32','2025-04-21 10:27:24',NULL),
(243,NULL,'Delivery Certificate','2025-07-31','TCEQ','507/507 - DC 2025.pdf',507,'2025-02-28 15:04:03','2025-02-28 15:04:03',NULL),
(244,NULL,'Delivery Certificate','2025-08-31','TCEQ','569/569 - DC 2025.pdf',569,'2025-02-28 15:09:51','2025-02-28 15:09:51',NULL),
(245,NULL,'Delivery Certificate','2026-02-28','TCEQ','570/570 - DC 2026.pdf',570,'2025-02-28 15:10:34','2025-02-28 15:10:34',NULL),
(246,NULL,'Delivery Certificate','2026-04-30','TCEQ','571/571 - DC 2026.pdf',571,'2025-02-28 15:12:12','2025-04-21 10:17:24',NULL),
(247,NULL,'Delivery Certificate','2025-08-31','TCEQ','572/572 - DC 2025.pdf',572,'2025-02-28 15:22:00','2025-02-28 15:22:00',NULL),
(248,NULL,'Delivery Certificate','2025-06-30','TCEQ','574/574 - DC 2025.pdf',574,'2025-02-28 15:22:37','2025-02-28 15:22:37',NULL),
(250,NULL,'Delivery Certificate','2025-03-31','TCEQ','1074/1074 - 133 - DC 2026.pdf',1074,'2025-03-01 20:47:17','2025-03-01 20:47:17',NULL),
(251,NULL,NULL,'2025-05-31',NULL,'1074/1074 - 1074 - 133 - DC 2026.pdf',1074,'2025-03-01 20:49:14','2025-03-01 20:51:20',NULL),
(253,NULL,'Delivery Certificate','2026-01-31','TCEQ','576/576 - DC 2026.pdf',576,'2025-03-03 14:06:27','2025-03-03 14:06:27',NULL),
(254,NULL,'Delivery Certificate','2026-02-28','TCEQ','577/577 - DC 2026.pdf',577,'2025-03-03 14:07:18','2025-03-03 14:07:18',NULL),
(255,NULL,'Delivery Certificate','2025-05-31','TCEQ','502/502 - DC 2025.pdf',502,'2025-03-03 14:12:07','2025-03-03 14:12:07',NULL),
(256,NULL,'Delivery Certificate','2025-08-31','TCEQ','109/109 - DC 2025.pdf',109,'2025-03-03 14:12:54','2025-03-03 14:12:54',NULL),
(257,NULL,'Delivery Certificate','2026-04-30','TCEQ','580/580 - DC 2026.pdf',580,'2025-03-03 14:13:24','2025-04-21 10:18:01',NULL),
(258,NULL,'Delivery Certificate','2026-01-31','TCEQ','850/850 - DC 2026.pdf',850,'2025-03-03 14:14:05','2025-03-03 14:14:05',NULL),
(259,NULL,'Delivery Certificate','2025-05-31','TCEQ','454/454 - DC 2025.pdf',454,'2025-03-03 14:14:57','2025-03-03 14:14:57',NULL),
(260,NULL,'Delivery Certificate','2025-06-30','TCEQ','896/896 - DC 2025.pdf',896,'2025-03-05 11:44:25','2025-03-05 11:44:25',NULL),
(261,NULL,'Delivery Certificate','2026-03-31','TCEQ','588/588 - DC 2026.pdf',588,'2025-03-05 11:45:05','2025-03-05 11:45:05',NULL),
(262,NULL,'Delivery Certificate','2025-05-31','TCEQ','122/122 - DC 2025.pdf',122,'2025-03-05 11:47:00','2025-03-05 11:47:00',NULL),
(263,NULL,'Delivery Certificate','2025-08-31','TCEQ','584/584 - DC 2025.pdf',584,'2025-03-05 11:47:38','2025-03-05 11:47:38',NULL),
(264,NULL,'Delivery Certificate','2025-08-31','TCEQ','584/584 - DC 2025.pdf',584,'2025-03-05 11:47:38','2025-03-05 11:47:38',NULL),
(265,NULL,'Delivery Certificate','2026-03-31','TCEQ','587/587 - DC 2026.pdf',587,'2025-03-05 11:48:26','2025-03-05 11:48:26',NULL),
(266,NULL,'Delivery Certificate','2026-03-31','TCEQ','79/79 - DC 2026.pdf',79,'2025-03-05 11:48:46','2025-04-21 10:04:51',NULL),
(267,NULL,'Delivery Certificate','2025-09-30','TCEQ','86/86 - DC 2025.pdf',86,'2025-03-05 11:49:16','2025-03-05 11:49:16',NULL),
(268,NULL,'Delivery Certificate','2026-02-28','TCEQ','88/88 - DC 2026.pdf',88,'2025-03-05 11:49:39','2025-03-05 11:49:39',NULL),
(269,NULL,'Delivery Certificate','2026-03-31','TCEQ','75/75 - DC 2026.pdf',75,'2025-03-05 11:50:24','2025-03-05 11:50:24',NULL),
(270,NULL,'Delivery Certificate','2026-03-31','TCEQ','457/457 - DC 2026.pdf',457,'2025-03-05 11:50:54','2025-03-05 11:50:54',NULL),
(271,NULL,'Delivery Certificate','2026-01-31','TCEQ','603/603 - DC 2026.pdf',603,'2025-03-05 11:56:07','2025-03-05 11:56:07',NULL),
(272,NULL,'Delivery Certificate','2026-04-30','TCEQ','607/607 - DC 2026.pdf',607,'2025-03-05 11:56:44','2025-04-21 10:18:34',NULL),
(273,NULL,'Delivery Certificate','2026-01-31','TCEQ','851/851 - DC 2026.pdf',851,'2025-03-05 11:57:11','2025-03-05 11:57:11',NULL),
(274,NULL,'Delivery Certificate','2025-05-31','TCEQ','606/606 - DC 2025.pdf',606,'2025-03-05 11:57:48','2025-03-05 11:57:48',NULL),
(275,NULL,'Delivery Certificate','2025-10-31','TCEQ','604/604 - DC 2025.pdf',604,'2025-03-05 11:58:13','2025-03-05 11:58:13',NULL),
(276,NULL,'Delivery Certificate','2025-07-31','TCEQ','907/907 - DC 2025.pdf',907,'2025-03-05 12:01:11','2025-03-05 12:01:11',NULL),
(277,NULL,'Delivery Certificate','2026-03-31','TCEQ','743/743 - DC 2026.pdf',743,'2025-03-05 12:05:35','2025-04-21 10:09:39',NULL),
(278,NULL,'Delivery Certificate','2025-08-31','TCEQ','456/456 - DC 2025.pdf',456,'2025-03-05 12:06:16','2025-03-05 12:06:16',NULL),
(279,NULL,'Delivery Certificate','2025-08-31','TCEQ','615/615 - DC 2025.pdf',615,'2025-03-05 12:06:37','2025-03-05 12:06:37',NULL),
(280,NULL,'Delivery Certificate','2025-05-31','TCEQ','613/613 - DC 2025.pdf',613,'2025-03-05 12:08:19','2025-03-05 12:08:19',NULL),
(281,NULL,'Delivery Certificate','2026-03-31','TCEQ','181/181 - DC 2026.pdf',181,'2025-03-05 12:08:48','2025-03-05 12:08:48',NULL),
(282,NULL,'Delivery Certificate','2025-10-31','TCEQ','735/735 - DC 2025.pdf',735,'2025-03-05 12:09:10','2025-03-05 12:09:10',NULL),
(283,NULL,'Delivery Certificate','2025-09-30','TCEQ','878/878 - Luck Key Mart - DC 2025.pdf',878,'2025-03-05 12:09:33','2025-03-05 12:09:33',NULL),
(284,NULL,'Delivery Certificate','2025-07-31','TCEQ','126/126 - DC 2025.pdf',126,'2025-03-05 12:12:06','2025-03-05 12:12:06',NULL),
(285,NULL,'Delivery Certificate','2026-04-30','TCEQ','652/652 - DC 2026.pdf',652,'2025-03-05 12:13:21','2025-04-21 10:19:04',NULL),
(286,NULL,'Delivery Certificate','2026-03-31','TCEQ','653/653 - DC 2026.pdf',653,'2025-03-05 12:13:52','2025-03-05 12:13:52',NULL),
(287,NULL,'Delivery Certificate','2026-01-31','TCEQ','179/179 - DC 2026.pdf',179,'2025-03-05 12:14:24','2025-03-05 12:14:24',NULL),
(288,NULL,'Delivery Certificate','2025-05-31','TCEQ','854/854 - DC 2025.pdf',854,'2025-03-05 12:16:14','2025-03-05 12:16:14',NULL),
(289,NULL,'Delivery Certificate','2026-04-30','TCEQ','876/876 - DC 2026.pdf',876,'2025-03-05 12:21:59','2025-04-21 10:19:41',NULL),
(290,NULL,'Delivery Certificate','2026-01-31','TCEQ','449/449 - DC 2026.pdf',449,'2025-03-05 12:23:55','2025-03-05 12:23:55',NULL),
(291,NULL,'Delivery Certificate','2025-08-31','TCEQ','654/654 - DC 2025.pdf',654,'2025-03-05 12:25:26','2025-03-05 12:25:26',NULL),
(292,NULL,'Delivery Certificate','2025-10-31','TCEQ','655/655 - DC 2025.pdf',655,'2025-03-05 12:26:44','2025-03-05 12:26:44',NULL),
(293,NULL,'Delivery Certificate','2026-01-31','TCEQ','661/661 - DC 2026.pdf',661,'2025-03-05 12:28:01','2025-03-05 12:28:01',NULL),
(294,NULL,'Delivery Certificate','2026-01-31','TCEQ','662/662 - DC 2026.pdf',662,'2025-03-05 12:28:56','2025-03-05 12:28:56',NULL),
(295,NULL,'Delivery Certificate','2026-01-31','TCEQ','127/127 - DC 2026.pdf',127,'2025-03-05 12:29:42','2025-03-05 12:29:42',NULL),
(296,NULL,'Delivery Certificate','2026-01-31','TCEQ','673/673 - DC 2026.pdf',673,'2025-03-05 12:31:47','2025-03-05 12:31:47',NULL),
(297,NULL,'Delivery Certificate','2026-01-31','TCEQ','663/663 - DC 2026.pdf',663,'2025-03-05 12:33:16','2025-03-05 12:33:16',NULL),
(298,NULL,'Delivery Certificate','2026-01-31','TCEQ','664/664 - DC 2026.pdf',664,'2025-03-05 12:34:08','2025-03-05 12:34:08',NULL),
(299,NULL,'Delivery Certificate','2026-01-31','TCEQ','665/665 - DC 2026.pdf',665,'2025-03-05 12:35:09','2025-03-05 12:35:09',NULL),
(300,NULL,'Delivery Certificate','2026-01-31','TCEQ','666/666 - DC 2026.pdf',666,'2025-03-05 12:35:50','2025-03-05 12:35:50',NULL),
(301,NULL,'Delivery Certificate','2026-01-31','TCEQ','667/667 - DC 2026.pdf',667,'2025-03-05 12:38:54','2025-03-05 12:38:54',NULL),
(302,NULL,'Delivery Certificate','2026-01-31','TCEQ','668/668 - DC 2026.pdf',668,'2025-03-05 12:39:38','2025-03-05 12:39:38',NULL),
(303,NULL,'Delivery Certificate','2026-01-31','TCEQ','669/669 - DC 2026.pdf',669,'2025-03-05 12:40:40','2025-03-05 12:40:40',NULL),
(304,NULL,'Delivery Certificate','2026-01-31','TCEQ','670/670 - DC 2026.pdf',670,'2025-03-05 12:41:31','2025-03-05 12:41:31',NULL),
(305,NULL,'Delivery Certificate','2026-01-31','TCEQ','671/671 - DC 2026.pdf',671,'2025-03-05 12:42:19','2025-03-05 12:42:19',NULL),
(306,NULL,'Delivery Certificate','2026-01-31','TCEQ','674/674 - DC 2026.pdf',674,'2025-03-05 12:43:19','2025-03-05 12:43:19',NULL),
(307,NULL,'Delivery Certificate','2026-01-31','TCEQ','672/672 - DC 2026.pdf',672,'2025-03-05 12:44:21','2025-03-05 12:44:21',NULL),
(308,NULL,'Delivery Certificate','2026-01-31','TCEQ','656/656 - DC 2026.pdf',656,'2025-03-05 12:46:02','2025-03-05 12:46:02',NULL),
(309,NULL,'Delivery Certificate','2025-05-31','TCEQ','657/657 - DC 2025.pdf',657,'2025-03-05 12:49:21','2025-03-05 12:49:21',NULL),
(310,NULL,'Delivery Certificate','2026-02-28','TCEQ','184/184 - DC 2026.pdf',184,'2025-03-05 12:50:10','2025-03-05 12:50:10',NULL),
(311,NULL,'Delivery Certificate','2026-02-28','TCEQ','1075/1075 - DC 2026.pdf',1075,'2025-03-05 12:56:52','2025-03-05 12:56:52',NULL),
(312,NULL,'Delivery Certificate','2025-09-30','TCEQ','902/902 - DC 2025.pdf',902,'2025-03-05 13:02:34','2025-03-05 13:02:34',NULL),
(313,NULL,'Delivery Certificate','2025-09-30','TCEQ','658/658 - DC 2025.pdf',658,'2025-03-05 13:03:53','2025-03-05 13:03:53',NULL),
(314,NULL,'Delivery Certificate','2025-09-30','TCEQ','659/659 - DC 2025.pdf',659,'2025-03-05 13:04:47','2025-03-05 13:04:47',NULL),
(315,NULL,'Delivery Certificate','2025-10-31','TCEQ','740/740 - DC 2025.pdf',740,'2025-03-05 13:05:30','2025-03-05 13:05:30',NULL),
(316,NULL,'Delivery Certificate','2026-02-28','TCEQ','905/905 - DC 2026.pdf',905,'2025-03-05 13:10:12','2025-03-05 13:10:12',NULL),
(317,NULL,'Delivery Certificate','2026-03-31','TCEQ','660/660 - DC 2026.pdf',660,'2025-03-05 13:11:24','2025-03-05 13:11:24',NULL),
(318,NULL,'Delivery Certificate','2026-04-30','TCEQ','744/744 - DC 2026.pdf',744,'2025-03-05 13:12:19','2025-04-21 10:20:23',NULL),
(319,NULL,'Delivery Certificate','2025-06-30','TCEQ','675/675 - Payless - DC 2025.pdf',675,'2025-03-05 13:46:12','2025-03-05 13:46:12',NULL),
(320,NULL,'Delivery Certificate','2026-03-31','TCEQ','676/676 - DC 2026.pdf',676,'2025-03-05 13:47:04','2025-03-05 13:47:04',NULL),
(321,NULL,'Delivery Certificate','2026-01-31','TCEQ','677/677 - DC 2026.pdf',677,'2025-03-05 13:47:57','2025-03-05 13:47:57',NULL),
(322,NULL,'Delivery Certificate','2025-05-31','TCEQ','678/678 - DC 2025.pdf',678,'2025-03-05 13:49:02','2025-03-05 13:49:02',NULL),
(323,NULL,'Delivery Certificate','2025-08-31','TCEQ','706/706 - DC 2025.pdf',706,'2025-03-05 13:50:46','2025-03-05 13:50:46',NULL),
(324,NULL,'Delivery Certificate','2024-03-05','TCEQ','679/679 - DC 2024.pdf',679,'2025-03-05 13:53:20','2025-03-05 13:53:20',NULL),
(325,NULL,'Delivery Certificate','2026-04-30','TCEQ','567/567 - DC 2026.pdf',567,'2025-03-05 13:54:22','2025-04-21 10:21:33',NULL),
(326,NULL,'Delivery Certificate','2025-05-31','TCEQ','680/680 - DC 2025.pdf',680,'2025-03-05 13:55:04','2025-03-05 13:55:04',NULL),
(327,NULL,'Delivery Certificate','2026-03-31','TCEQ','877/877 - DC 2026.pdf',877,'2025-03-05 13:55:56','2025-03-05 13:55:56',NULL),
(328,NULL,'Delivery Certificate','2026-03-31','TCEQ','681/681 - DC 2026.pdf',681,'2025-03-05 13:56:39','2025-03-05 13:56:39',NULL),
(329,NULL,'Delivery Certificate','2025-06-30','TCEQ','845/845 - DC 2025.pdf',845,'2025-03-05 13:59:08','2025-03-05 13:59:08',NULL),
(330,NULL,'Delivery Certificate','2025-10-31','TCEQ','682/682 - DC 2025.pdf',682,'2025-03-05 13:59:48','2025-03-05 13:59:48',NULL),
(331,NULL,'Delivery Certificate','2025-10-31','TCEQ','860/860 - DC 2025.pdf',860,'2025-03-05 14:15:15','2025-03-05 14:15:15',NULL),
(332,NULL,'Delivery Certificate','2025-09-30','TCEQ','864/864 - DC 2025.pdf',864,'2025-03-05 14:29:24','2025-03-05 14:29:24',NULL),
(333,NULL,'Delivery Certificate','2026-01-31','TCEQ','857/857 - DC 2026.pdf',857,'2025-03-05 14:30:45','2025-03-05 14:30:45',NULL),
(334,NULL,'Delivery Certificate','2026-02-28','TCEQ','859/859 - DC 2026.pdf',859,'2025-03-05 14:46:12','2025-03-05 14:46:12',NULL),
(335,NULL,'Delivery Certificate','2026-04-30','TCEQ','865/865 - DC 2026.pdf',865,'2025-03-05 15:40:15','2025-04-21 10:22:04',NULL),
(336,NULL,'Delivery Certificate','2025-08-31','TCEQ','862/862 - DC 2025.pdf',862,'2025-03-05 15:40:39','2025-03-05 15:40:39',NULL),
(337,NULL,'Delivery Certificate','2025-07-31','TCEQ','858/858 - DC 2025.pdf',858,'2025-03-05 15:41:04','2025-03-05 15:41:04',NULL),
(338,NULL,'Delivery Certificate','2025-06-30','TCEQ','861/861 - DC 2025.pdf',861,'2025-03-05 15:41:34','2025-03-05 15:41:34',NULL),
(339,NULL,'Delivery Certificate','2025-05-31','TCEQ','124/124 - DC 2025.pdf',124,'2025-03-05 15:42:09','2025-03-05 15:42:09',NULL),
(340,NULL,'Delivery Certificate','2025-07-31','TCEQ','866/866 - DC 2025.pdf',866,'2025-03-05 15:42:30','2025-03-05 15:42:30',NULL),
(341,NULL,'Delivery Certificate','2026-02-28','TCEQ','683/683 - DC 2026.pdf',683,'2025-03-05 15:43:14','2025-03-05 15:43:14',NULL),
(342,NULL,'Delivery Certificate','2026-01-31','TCEQ','684/684 - DC 2026.pdf',684,'2025-03-05 15:43:40','2025-03-05 15:43:40',NULL),
(343,NULL,'Delivery Certificate','2025-10-31','TCEQ','685/685 - DC 2025.pdf',685,'2025-03-05 15:44:03','2025-03-05 15:44:03',NULL),
(344,NULL,'Delivery Certificate','2025-07-31','TCEQ','686/686 - DC 2025.pdf',686,'2025-03-05 15:44:43','2025-03-05 15:44:43',NULL),
(345,NULL,'Delivery Certificate','2026-02-28','TCEQ','687/687 - DC 2026.pdf',687,'2025-03-05 15:45:19','2025-03-05 15:45:19',NULL),
(346,NULL,'Delivery Certificate','2026-02-28','TCEQ','125/125 - Quick N Easy Beverage Barn DC 2026.pdf',125,'2025-03-05 15:45:52','2025-03-05 15:45:52',NULL),
(347,NULL,'Delivery Certificate','2026-04-30','TCEQ','688/688 - DC 2026.pdf',688,'2025-03-05 15:46:22','2025-04-21 10:22:33',NULL),
(348,NULL,'Delivery Certificate','2025-08-31','TCEQ','625/625 - DC 2025.pdf',625,'2025-03-05 15:49:00','2025-03-05 15:49:00',NULL),
(349,NULL,'Delivery Certificate','2026-03-31','TCEQ','689/689 - DC 2026.pdf',689,'2025-03-05 15:50:19','2025-04-21 10:07:29',NULL),
(350,NULL,'Delivery Certificate','2025-05-31','TCEQ','445/445 - DC 2025.pdf',445,'2025-03-05 15:51:59','2025-03-05 15:51:59',NULL),
(351,NULL,'Delivery Certificate','2026-03-31','TCEQ','690/690 - DC 2026.pdf',690,'2025-03-05 15:57:25','2025-03-05 15:57:25',NULL),
(352,NULL,'Delivery Certificate','2026-01-31','TCEQ','691/691 - DC 2026.pdf',691,'2025-03-05 15:58:12','2025-03-05 15:58:12',NULL),
(353,NULL,'Delivery Certificate','2025-07-31','TCEQ','899/899 - DC 2025.pdf',899,'2025-03-05 16:02:34','2025-03-05 16:02:34',NULL),
(354,NULL,'Delivery Certificate','2025-07-31','TCEQ','899/899 - DC 2025.pdf',899,'2025-03-05 16:02:34','2025-03-05 16:02:34',NULL),
(355,NULL,'Delivery Certificate','2026-02-28','TCEQ','692/692 - DC 2026.pdf',692,'2025-03-05 16:03:12','2025-03-05 16:03:12',NULL),
(356,NULL,'Delivery Certificate','2025-10-31','TCEQ','451/451 - DC 2025.pdf',451,'2025-03-05 16:04:38','2025-03-05 16:04:38',NULL),
(357,NULL,'Delivery Certificate','2026-05-31','TCEQ','728/728 - DC 2026.pdf',728,'2025-03-05 16:06:04','2025-04-21 10:28:06',NULL),
(358,NULL,'Delivery Certificate','2026-04-30','TCEQ','141/141 - DC 2026.pdf',141,'2025-03-05 16:07:19','2025-04-21 10:12:31',NULL),
(359,NULL,'Delivery Certificate','2025-06-30','TCEQ','693/693 - DC 2025.pdf',693,'2025-03-05 16:08:19','2025-03-05 16:08:19',NULL),
(360,NULL,'Delivery Certificate','2026-01-31','TCEQ','849/849 - DC 2026.pdf',849,'2025-03-05 16:12:31','2025-03-05 16:12:31',NULL),
(361,NULL,'Delivery Certificate','2025-06-30','TCEQ','879/879 - DC 2025.pdf',879,'2025-03-05 16:13:55','2025-03-05 16:13:55',NULL),
(362,NULL,'Delivery Certificate','2026-04-30','TCEQ','694/694 - DC 2026.pdf',694,'2025-03-05 16:15:48','2025-04-21 10:23:03',NULL),
(363,NULL,'Delivery Certificate','2025-05-31','TCEQ','446/446 - Rodeo Travel center 2_DC.pdf',446,'2025-03-05 16:16:13','2025-03-05 16:16:13',NULL),
(364,NULL,'Delivery Certificate','2025-08-31','TCEQ','695/695 - DC 2025.pdf',695,'2025-03-05 16:17:02','2025-03-05 16:17:02',NULL),
(365,NULL,'Delivery Certificate','2025-05-31','TCEQ','906/906 - DC 2025.pdf',906,'2025-03-05 16:19:05','2025-03-05 16:19:05',NULL),
(366,NULL,'Delivery Certificate','2026-04-30','TCEQ','459/459 - DC 2026.pdf',459,'2025-03-05 16:22:24','2025-04-21 10:23:58',NULL),
(367,NULL,'Delivery Certificate','2025-06-30','TCEQ','225/225 - DC 2025.pdf',225,'2025-03-05 16:23:00','2025-03-05 16:23:00',NULL),
(368,NULL,'Delivery Certificate','2025-10-31','TCEQ','65/65 - DC 2025.pdf',65,'2025-03-05 16:23:52','2025-03-05 16:23:52',NULL),
(369,NULL,'Delivery Certificate','2025-08-31','TCEQ','903/903 - DC 2025.pdf',903,'2025-03-05 16:24:20','2025-03-05 16:24:20',NULL),
(370,NULL,'Delivery Certificate','2025-07-31','TCEQ','80/80 - DC 2025.pdf',80,'2025-03-05 16:25:23','2025-03-05 16:25:23',NULL),
(371,NULL,'Delivery Certificate','2025-05-31','TCEQ','84/84 - DC 2025.pdf',84,'2025-03-05 16:25:45','2025-03-05 16:25:45',NULL),
(372,NULL,'Delivery Certificate','2025-08-31','TCEQ','870/870 - DC 2025.pdf',870,'2025-03-05 16:26:15','2025-03-05 16:26:15',NULL),
(373,NULL,'Delivery Certificate','2026-01-31','TCEQ','847/847 - DC 2026.pdf',847,'2025-03-05 16:26:37','2025-03-05 16:26:37',NULL),
(374,NULL,'Delivery Certificate','2025-09-30','TCEQ','893/893 - DC 2025.pdf',893,'2025-03-05 16:35:26','2025-03-05 16:35:26',NULL),
(375,NULL,'Delivery Certificate','2025-09-30','TCEQ','888/888 - DC 2025.pdf',888,'2025-03-05 16:35:48','2025-03-05 16:35:48',NULL),
(376,NULL,'Delivery Certificate','2025-09-30','TCEQ','885/885 - DC 2025.pdf',885,'2025-03-05 16:36:08','2025-03-05 16:36:08',NULL),
(377,NULL,'Delivery Certificate','2025-09-30','TCEQ','886/886 - DC 2025.pdf',886,'2025-03-05 16:36:28','2025-03-05 16:36:28',NULL),
(378,NULL,'Delivery Certificate','2025-09-30','TCEQ','887/887 - DC 2025.pdf',887,'2025-03-05 16:36:48','2025-03-05 16:36:48',NULL),
(379,NULL,'Delivery Certificate','2025-09-30','TCEQ','890/890 - DC 2025.pdf',890,'2025-03-05 16:46:27','2025-03-05 16:46:27',NULL),
(380,NULL,'Delivery Certificate','2025-09-30','TCEQ','889/889 - DC 2025.pdf',889,'2025-03-05 16:46:46','2025-03-05 16:46:46',NULL),
(381,NULL,'Delivery Certificate','2025-09-30','TCEQ','891/891 - DC 2025.pdf',891,'2025-03-05 16:47:07','2025-03-05 16:47:07',NULL),
(382,NULL,'Delivery Certificate','2025-09-30','TCEQ','881/881 - DC 2025.pdf',881,'2025-03-05 16:47:27','2025-03-05 16:47:27',NULL),
(383,NULL,'Delivery Certificate','2025-09-30','TCEQ','882/882 - DC 2025.pdf',882,'2025-03-05 16:47:45','2025-03-05 16:47:45',NULL),
(384,NULL,'Delivery Certificate','2025-09-30','TCEQ','884/884 - DC 2025.pdf',884,'2025-03-05 16:48:48','2025-03-05 16:48:48',NULL),
(385,NULL,'Delivery Certificate','2025-09-30','TCEQ','880/880 - DC 2025.pdf',880,'2025-03-05 16:49:08','2025-03-05 16:49:08',NULL),
(386,NULL,'Delivery Certificate','2025-09-30','TCEQ','892/892 - DC 2025.pdf',892,'2025-03-05 16:50:40','2025-03-05 16:50:40',NULL),
(387,NULL,'Delivery Certificate','2025-09-30','TCEQ','883/883 - DC 2025.pdf',883,'2025-03-05 16:50:58','2025-03-05 16:50:58',NULL),
(388,NULL,'Delivery Certificate','2025-09-30','TCEQ','894/894 - DC 2025.pdf',894,'2025-03-05 16:51:15','2025-03-05 16:51:15',NULL),
(389,NULL,'Delivery Certificate','2025-05-31','TCEQ','1076/1076 - Xpress 95_DC.pdf',1076,'2025-03-06 08:59:41','2025-03-06 08:59:41',NULL),
(390,NULL,'Delivery Certificate','2026-01-31','TCEQ','1077/1077 - DC 2026.pdf',1077,'2025-03-06 09:00:50','2025-03-06 09:01:04',NULL),
(391,NULL,'Delivery Certificate','2025-08-31','TCEQ','730/730 - DC 2025.pdf',730,'2025-03-06 09:06:28','2025-03-06 09:06:28',NULL),
(392,NULL,'Delivery Certificate','2025-08-31','TCEQ','729/729 - DC 2025.pdf',729,'2025-03-06 09:07:06','2025-03-06 09:07:06',NULL),
(393,NULL,'Delivery Certificate','2025-08-31','TCEQ','734/734 - DC 2025.pdf',734,'2025-03-06 09:07:30','2025-03-06 09:07:30',NULL),
(394,NULL,'Delivery Certificate','2025-08-31','TCEQ','70/70 - DC 2025.pdf',70,'2025-03-06 09:09:19','2025-03-06 09:09:19',NULL),
(395,NULL,'Delivery Certificate','2025-08-31','TCEQ','71/71 - DC 2025.pdf',71,'2025-03-06 09:09:37','2025-03-06 09:09:37',NULL),
(396,NULL,'Delivery Certificate','2025-08-31','TCEQ','731/731 - DC 2025.pdf',731,'2025-03-06 09:10:02','2025-03-06 09:10:02',NULL),
(397,NULL,'Delivery Certificate','2025-08-31','TCEQ','732/732 - DC 2025.pdf',732,'2025-03-06 09:10:22','2025-03-06 09:10:22',NULL),
(398,NULL,'Delivery Certificate','2025-08-31','TCEQ','733/733 - DC 2025.pdf',733,'2025-03-06 09:10:39','2025-03-06 09:10:39',NULL),
(399,NULL,'Delivery Certificate','2025-08-31','TCEQ','64/64 - DC 2025.pdf',64,'2025-03-06 09:11:15','2025-03-06 09:11:15',NULL),
(400,NULL,'Delivery Certificate','2026-03-31','TCEQ','716/716 - DC 2026.pdf',716,'2025-03-06 09:17:46','2025-03-06 09:17:46',NULL),
(401,NULL,'Delivery Certificate','2025-10-31','TCEQ','872/872 - DC 2025.pdf',872,'2025-03-06 09:19:21','2025-03-06 09:19:21',NULL),
(402,NULL,'Delivery Certificate','2026-03-31','TCEQ','717/717 - DC 2026.pdf',717,'2025-03-06 09:20:11','2025-03-06 09:20:11',NULL),
(403,NULL,'Delivery Certificate','2026-01-31','TCEQ','868/868 - DC 2026.pdf',868,'2025-03-06 09:25:31','2025-03-06 09:25:31',NULL),
(404,NULL,'Delivery Certificate','2025-05-31','TCEQ','718/718 - DC 2025.pdf',718,'2025-03-06 09:25:53','2025-03-06 09:25:53',NULL),
(405,NULL,'Delivery Certificate','2025-05-31','TCEQ','718/718 - DC 2025.pdf',718,'2025-03-06 09:25:54','2025-03-06 09:25:54',NULL),
(406,NULL,'Delivery Certificate','2025-03-31','TCEQ','719/719 - DC 2025.pdf',719,'2025-03-06 09:31:21','2025-03-06 09:31:21',NULL),
(407,NULL,'Delivery Certificate','2025-10-31','TCEQ','720/720 - DC 2025.pdf',720,'2025-03-06 09:32:02','2025-03-06 09:32:02',NULL),
(408,NULL,'Delivery Certificate','2025-10-31','TCEQ','867/867 - DC 2025.pdf',867,'2025-03-06 09:33:16','2025-03-06 09:33:16',NULL),
(409,NULL,'Delivery Certificate','2025-06-30','TCEQ','724/724 - DC 2025.pdf',724,'2025-03-06 09:35:36','2025-03-06 09:35:36',NULL),
(410,NULL,'Delivery Certificate','2025-10-31','TCEQ','725/725 - DC 2025.pdf',725,'2025-03-06 09:36:22','2025-03-06 09:36:22',NULL),
(411,NULL,'Delivery Certificate','2026-01-31','TCEQ','726/726 - DC 2026.pdf',726,'2025-03-06 09:36:58','2025-03-06 09:36:58',NULL),
(412,NULL,'Delivery Certificate','2025-09-30','TCEQ','727/727 - DC 2025.pdf',727,'2025-03-06 09:37:22','2025-03-06 09:37:22',NULL),
(413,NULL,'Delivery Certificate','2026-01-31','TCEQ','723/723 - DC 2026.pdf',723,'2025-03-06 09:37:51','2025-03-06 09:37:51',NULL),
(414,NULL,'Delivery Certificate','2026-01-31','TCEQ','722/722 - DC 2026.pdf',722,'2025-03-06 09:38:19','2025-03-06 09:38:19',NULL),
(415,NULL,'Delivery Certificate','2025-07-31','TCEQ','871/871 - DC 2025.pdf',871,'2025-03-06 10:04:25','2025-03-06 10:04:25',NULL),
(416,NULL,'Delivery Certificate','2025-05-31','TCEQ','721/721 - DC 2025.pdf',721,'2025-03-06 10:04:51','2025-03-06 10:04:51',NULL),
(417,NULL,'Delivery Certificate','2025-10-31','TCEQ','867/867 - DC 2025.pdf',867,'2025-03-06 10:20:09','2025-03-06 10:20:09',NULL),
(418,NULL,'Delivery Certificate','2026-02-28','TCEQ','226/226 - DC 2026.pdf',226,'2025-03-06 10:23:18','2025-03-06 10:23:18',NULL),
(419,NULL,'Delivery Certificate','2026-02-28','TCEQ','696/696 - DC 2026.pdf',696,'2025-03-06 10:23:48','2025-03-06 10:23:48',NULL),
(420,NULL,'Delivery Certificate','2026-02-28','TCEQ','697/697 - DC 2026.pdf',697,'2025-03-06 10:24:44','2025-03-06 10:24:44',NULL),
(421,NULL,'Delivery Certificate','2026-01-31','TCEQ','698/698 - DC 2026.pdf',698,'2025-03-06 10:27:15','2025-03-06 10:27:15',NULL),
(422,NULL,'Delivery Certificate','2026-02-28','TCEQ','626/626 - DC 2026.pdf',626,'2025-03-06 12:03:02','2025-03-06 12:03:02',NULL),
(423,NULL,'Delivery Certificate','2026-01-31','TCEQ','73/73 - DC 2026.pdf',73,'2025-03-06 12:03:30','2025-03-06 12:03:30',NULL),
(424,NULL,'Delivery Certificate','2026-01-31','TCEQ','699/699 - DC 2026.pdf',699,'2025-03-06 12:04:06','2025-03-06 12:04:06',NULL),
(425,NULL,'Delivery Certificate','2026-04-30','TCEQ','458/458 - DC 2026.pdf',458,'2025-03-06 12:04:32','2025-04-21 10:24:35',NULL),
(426,NULL,'Delivery Certificate','2025-05-31','TCEQ','701/701 - DC 2025.pdf',701,'2025-03-06 12:04:58','2025-03-06 12:04:58',NULL),
(427,NULL,'Delivery Certificate','2025-06-30','TCEQ','895/895 - DC 2025.pdf',895,'2025-03-06 12:07:30','2025-03-06 12:07:30',NULL),
(428,NULL,'Delivery Certificate','2026-01-31','TCEQ','702/702 - DC 2026.pdf',702,'2025-03-06 12:07:55','2025-03-06 12:07:55',NULL),
(429,NULL,'Delivery Certificate','2025-06-30','TCEQ','87/87 - DC 2025.pdf',87,'2025-03-06 12:08:41','2025-03-06 12:08:41',NULL),
(430,NULL,'Delivery Certificate','2025-09-30','TCEQ','703/703 - DC 2025.pdf',703,'2025-03-06 12:09:01','2025-03-06 12:09:01',NULL),
(431,NULL,'Delivery Certificate','2025-04-30','TCEQ','704/704 - DC 2025.pdf',704,'2025-03-06 12:09:30','2025-03-06 12:09:30',NULL),
(432,NULL,'Delivery Certificate','2025-04-30','TCEQ','120/120 - DC 2025.pdf',120,'2025-03-06 12:13:30','2025-03-06 12:13:30',NULL),
(433,NULL,'Delivery Certificate','2026-04-30','TCEQ','120/120 - DC 2026.pdf',120,'2025-03-06 12:14:12','2025-04-21 10:25:08',NULL),
(434,NULL,'Delivery Certificate','2026-04-30','TCEQ','705/705 - DC 2026.pdf',705,'2025-03-06 12:15:06','2025-04-21 10:25:31',NULL),
(435,NULL,'Delivery Certificate','2026-02-28','TCEQ','461/461 - DC 2026.pdf',461,'2025-03-06 12:17:05','2025-03-06 12:17:05',NULL),
(436,NULL,'Delivery Certificate','2026-01-31','TCEQ','707/707 - DC 2026.pdf',707,'2025-03-06 12:17:42','2025-03-06 12:17:42',NULL),
(437,NULL,'Delivery Certificate','2026-01-31','TCEQ','709/709 - DC 2026.pdf',709,'2025-03-06 12:19:31','2025-03-06 12:19:31',NULL),
(438,NULL,'Delivery Certificate','2026-03-31','TCEQ','464/464 - DC 2026.pdf',464,'2025-03-06 12:20:12','2025-04-21 10:08:35',NULL),
(439,NULL,'Delivery Certificate','2025-08-31','TCEQ','710/710 - DC 2025.pdf',710,'2025-03-06 12:21:51','2025-03-06 12:21:51',NULL),
(440,NULL,'Delivery Certificate','2026-01-31','TCEQ','711/711 - DC 2026.pdf',711,'2025-03-06 12:22:17','2025-03-06 12:22:17',NULL),
(441,NULL,'Delivery Certificate','2025-07-31','TCEQ','712/712 - DC 2025.pdf',712,'2025-03-06 12:22:43','2025-03-06 12:22:43',NULL),
(442,NULL,'Delivery Certificate','2025-07-31','TCEQ','178/178 - DC 2025.pdf',178,'2025-03-06 12:24:49','2025-03-06 12:24:49',NULL),
(443,NULL,'Delivery Certificate','2025-10-31','TCEQ','713/713 - DC 2025.pdf',713,'2025-03-06 12:30:12','2025-03-06 12:30:12',NULL),
(444,NULL,'Delivery Certificate','2025-06-30','TCEQ','714/714 - DC 2025.pdf',714,'2025-03-06 12:30:46','2025-03-06 12:30:46',NULL),
(445,NULL,'Delivery Certificate','2025-05-31','TCEQ','741/741 - DC 2025.pdf',741,'2025-03-06 12:31:08','2025-03-06 12:31:08',NULL),
(446,NULL,'Delivery Certificate','2025-06-30','TCEQ','869/869 - DC 2025.pdf',869,'2025-03-06 12:32:49','2025-03-06 12:32:49',NULL),
(447,NULL,'Delivery Certificate','2025-06-30','TCEQ','869/869 - DC 2025.pdf',869,'2025-03-06 12:32:50','2025-03-06 12:32:50',NULL),
(448,NULL,'Delivery Certificate','2026-01-31','TCEQ','453/453 - DC 2026.pdf',453,'2025-03-06 12:38:57','2025-03-06 12:38:57',NULL),
(449,NULL,'Delivery Certificate','2025-05-31','TCEQ','736/736 - DC 2025.pdf',736,'2025-03-06 12:40:28','2025-03-06 12:40:28',NULL),
(450,NULL,'Delivery Certificate','2026-04-30','TCEQ','119/119 - DC 2026.pdf',119,'2025-03-06 12:41:02','2025-04-21 10:26:08',NULL),
(451,NULL,'Delivery Certificate','2025-08-31','TCEQ','852/852 - DC 2025.pdf',852,'2025-03-06 12:43:23','2025-03-06 12:43:23',NULL),
(452,NULL,'Delivery Certificate','2025-07-31','TCEQ','715/715 - DC 2025.pdf',715,'2025-03-06 12:43:53','2025-03-06 12:43:53',NULL);
/*!40000 ALTER TABLE `cus_licenses` ENABLE KEYS */;
UNLOCK TABLES;

--
-- Table structure for table `cus_notes`
--

DROP TABLE IF EXISTS `cus_notes`;
/*!40101 SET @saved_cs_client     = @@character_set_client */;
/*!40101 SET character_set_client = utf8mb4 */;
CREATE TABLE `cus_notes` (
  `id` int(11) NOT NULL AUTO_INCREMENT,
  `cus_id` bigint(20) unsigned NOT NULL,
  `note` varchar(1000) NOT NULL,
  `status` varchar(20) DEFAULT NULL,
  `reason` varchar(600) DEFAULT NULL,
  `created_by` bigint(11) unsigned DEFAULT NULL,
  `completed_by` bigint(11) unsigned DEFAULT NULL,
  `created_at` timestamp NULL DEFAULT NULL,
  `updated_at` timestamp NULL DEFAULT NULL,
  PRIMARY KEY (`id`),
  KEY `cus_id` (`cus_id`),
  KEY `created_by` (`created_by`),
  KEY `completed_by` (`completed_by`),
  CONSTRAINT `cus_notes_ibfk_1` FOREIGN KEY (`cus_id`) REFERENCES `users` (`id`),
  CONSTRAINT `cus_notes_ibfk_2` FOREIGN KEY (`created_by`) REFERENCES `users` (`id`),
  CONSTRAINT `cus_notes_ibfk_3` FOREIGN KEY (`completed_by`) REFERENCES `users` (`id`)
) ENGINE=InnoDB AUTO_INCREMENT=48 DEFAULT CHARSET=utf8mb4 COLLATE=utf8mb4_general_ci;
/*!40101 SET character_set_client = @saved_cs_client */;

--
-- Dumping data for table `cus_notes`
--

LOCK TABLES `cus_notes` WRITE;
/*!40000 ALTER TABLE `cus_notes` DISABLE KEYS */;
INSERT INTO `cus_notes` (`id`, `cus_id`, `note`, `status`, `reason`, `created_by`, `completed_by`, `created_at`, `updated_at`) VALUES (43,667,'Need filters changed and 2 gas nozzles changed','Pending',NULL,5,NULL,'2025-03-19 16:21:28','2025-03-19 16:21:28'),
(44,1074,'Testing Notes 03/30/25','Completed',NULL,447,NULL,'2025-03-30 18:48:23','2025-03-30 18:49:34'),
(46,1074,'Testing Note Functiona4/1/25','Completed',NULL,1,447,'2025-04-01 23:20:40','2025-04-01 23:25:22'),
(47,21,'Testing Functionality Again...04.01','Completed',NULL,447,1,'2025-04-01 23:26:04','2025-04-02 06:31:32');
/*!40000 ALTER TABLE `cus_notes` ENABLE KEYS */;
UNLOCK TABLES;

--
-- Table structure for table `cus_sir_inv_docs`
--

DROP TABLE IF EXISTS `cus_sir_inv_docs`;
/*!40101 SET @saved_cs_client     = @@character_set_client */;
/*!40101 SET character_set_client = utf8mb4 */;
CREATE TABLE `cus_sir_inv_docs` (
  `id` int(11) NOT NULL AUTO_INCREMENT,
  `type` varchar(60) DEFAULT NULL,
  `expire_date` varchar(30) DEFAULT NULL,
  `doc_path` varchar(600) DEFAULT NULL,
  `customer_id` bigint(20) unsigned NOT NULL,
  `created_at` timestamp NULL DEFAULT NULL,
  `updated_at` timestamp NULL DEFAULT NULL,
  PRIMARY KEY (`id`),
  KEY `store_id` (`customer_id`),
  CONSTRAINT `cus_sir_inv_docs_ibfk_1` FOREIGN KEY (`customer_id`) REFERENCES `users` (`id`)
) ENGINE=InnoDB AUTO_INCREMENT=52 DEFAULT CHARSET=utf8mb4 COLLATE=utf8mb4_general_ci;
/*!40101 SET character_set_client = @saved_cs_client */;

--
-- Dumping data for table `cus_sir_inv_docs`
--

LOCK TABLES `cus_sir_inv_docs` WRITE;
/*!40000 ALTER TABLE `cus_sir_inv_docs` DISABLE KEYS */;
INSERT INTO `cus_sir_inv_docs` (`id`, `type`, `expire_date`, `doc_path`, `customer_id`, `created_at`, `updated_at`) VALUES (1,'SIR','2025-01','463/463 - 577013-858.pdf',463,'2025-01-11 07:14:25','2025-01-11 11:46:15'),
(2,'Inventory Control','2023-01','604/604 - Inventory Control Jan 2023.pdf',604,'2025-01-31 09:10:45','2025-01-31 09:10:45'),
(3,'Inventory Control','2023-02','604/604 - Inventory Control Feb 2023.pdf',604,'2025-01-31 09:11:02','2025-01-31 09:11:02'),
(4,'Inventory Control','2023-03','604/604 - Inventory Control Mar 2023.pdf',604,'2025-01-31 09:11:18','2025-01-31 09:11:18'),
(5,'Inventory Control','2023-04','604/604 - Inventory Control Apr 2023.pdf',604,'2025-01-31 09:11:31','2025-01-31 09:11:31'),
(6,'Inventory Control','2023-05','604/604 - Inventory Control May 2023.pdf',604,'2025-01-31 09:11:44','2025-01-31 09:11:44'),
(7,'Inventory Control','2023-06','604/604 - Inventory Control Jun 2023.pdf',604,'2025-01-31 09:11:57','2025-01-31 09:11:57'),
(8,'Inventory Control','2023-07','604/604 - Inventory Control Jul 2023.pdf',604,'2025-01-31 09:12:11','2025-01-31 09:12:11'),
(9,'Inventory Control','2023-08','604/604 - Inventory Control Aug 2023.pdf',604,'2025-01-31 09:12:22','2025-01-31 09:12:22'),
(10,'Inventory Control','2023-09','604/604 - Inventory Control Sep 2023.pdf',604,'2025-01-31 09:12:39','2025-01-31 09:12:39'),
(11,'Inventory Control','2023-10','604/604 - Inventory Control Oct 2023.pdf',604,'2025-01-31 09:12:55','2025-01-31 09:12:55'),
(12,'Inventory Control','2023-11','604/604 - Inventory Control Nov 2023.pdf',604,'2025-01-31 09:13:08','2025-01-31 09:13:08'),
(13,'Inventory Control','2023-12','604/604 - Inventory Control Dec 2023.pdf',604,'2025-01-31 09:13:22','2025-01-31 09:13:22'),
(14,'Inventory Control','2024-01','604/604 - Inventory Control Jan 2024.pdf',604,'2025-01-31 09:14:01','2025-01-31 09:14:01'),
(15,'Inventory Control','2024-02','604/604 - Inventory Control Feb 2024.pdf',604,'2025-01-31 09:16:06','2025-01-31 09:16:06'),
(16,'Inventory Control','2024-03','604/604 - Inventory Control Mar 2024.pdf',604,'2025-01-31 09:16:16','2025-01-31 09:16:16'),
(17,'Inventory Control','2024-03','604/604 - Inventory Control Mar(2) 2024.pdf',604,'2025-01-31 09:16:27','2025-01-31 09:16:27'),
(18,'Inventory Control','2024-04','604/604 - Inventory Control Apr 2024.pdf',604,'2025-01-31 09:16:40','2025-01-31 09:16:40'),
(19,'Inventory Control','2024-05','604/604 - Inventory Control May 2024.pdf',604,'2025-01-31 09:16:51','2025-01-31 09:16:51'),
(20,'Inventory Control','2024-06','604/604 - Inventory Control Jun 2024.pdf',604,'2025-01-31 09:17:02','2025-01-31 09:17:02'),
(21,'Inventory Control','2024-07','604/604 - Inventory Control Jul 2024.pdf',604,'2025-01-31 09:17:14','2025-01-31 09:17:14'),
(22,'Inventory Control','2024-08','604/604 - Inventory Control Aug 2024.pdf',604,'2025-01-31 09:17:25','2025-01-31 09:17:25'),
(23,'Inventory Control','2024-09','604/604 - Inventory Control Sep 2024.pdf',604,'2025-01-31 09:17:36','2025-01-31 09:17:36'),
(24,'Inventory Control','2024-10','604/604 - Inventory Control Oct 2024.pdf',604,'2025-01-31 09:17:52','2025-01-31 09:17:52'),
(25,'Inventory Control','2024-11','604/604 - Inventory Control Nov 2024.pdf',604,'2025-01-31 09:18:07','2025-01-31 09:18:07'),
(26,'Inventory Control','2024-12','604/604 - Inventory Control Dec 2024.pdf',604,'2025-01-31 09:18:19','2025-01-31 09:18:19'),
(27,'SIR','2023-01','604/604 - Kool Corner Jan 2023.pdf',604,'2025-01-31 09:18:53','2025-01-31 09:18:53'),
(28,'SIR','2023-02','604/604 - Kool Corner Feb 2023.pdf',604,'2025-01-31 09:19:04','2025-01-31 09:19:04'),
(29,'SIR','2023-03','604/604 - Kool Corner Mar 2023.pdf',604,'2025-01-31 09:19:17','2025-01-31 09:19:17'),
(30,'SIR','2023-04','604/604 - Kool Corner Apr 2023.pdf',604,'2025-01-31 09:19:27','2025-01-31 09:19:27'),
(31,'SIR','2023-05','604/604 - Kool Corner May 2023.pdf',604,'2025-01-31 09:19:37','2025-01-31 09:19:37'),
(32,'SIR','2023-06','604/604 - Kool Corner Jun 2023.pdf',604,'2025-01-31 09:19:47','2025-01-31 09:19:47'),
(33,'SIR','2023-07','604/604 - Kool Corner Jul 2023.pdf',604,'2025-01-31 09:19:56','2025-01-31 09:19:56'),
(34,'SIR','2023-08','604/604 - Kool Corner Aug 2023.pdf',604,'2025-01-31 09:20:05','2025-01-31 09:20:05'),
(35,'SIR','2023-09','604/604 - Kool Corner Sep 2023.pdf',604,'2025-01-31 09:20:13','2025-01-31 09:20:13'),
(36,'SIR','2023-10','604/604 - Kool Corner Oct 2023.pdf',604,'2025-01-31 09:20:24','2025-01-31 09:20:24'),
(37,'SIR','2023-11','604/604 - Kool Corner Nov 2023.pdf',604,'2025-01-31 09:20:39','2025-01-31 09:20:39'),
(38,'SIR','2023-12','604/604 - Kool Corner Dec 2023.pdf',604,'2025-01-31 09:20:47','2025-01-31 09:20:47'),
(39,'SIR','2024-01','604/604 - Kool Corner Jan 2024.pdf',604,'2025-01-31 09:21:03','2025-01-31 09:21:03'),
(40,'SIR','2024-02','604/604 - Kool Corner Feb 2024.pdf',604,'2025-01-31 09:21:12','2025-01-31 09:21:12'),
(41,'SIR','2024-03','604/604 - Kool Corner Mar 2024.pdf',604,'2025-01-31 09:21:20','2025-01-31 09:21:20'),
(42,'SIR','2024-03','604/604 - Kool Corner Mar(2) 2024.pdf',604,'2025-01-31 09:21:28','2025-01-31 09:21:28'),
(43,'SIR','2024-04','604/604 - Kool Corner Apr 2024.pdf',604,'2025-01-31 09:21:36','2025-01-31 09:21:36'),
(44,'SIR','2024-05','604/604 - Kool Corner May 2024.pdf',604,'2025-01-31 09:21:45','2025-01-31 09:21:45'),
(45,'SIR','2024-06','604/604 - Kool Corner Jun 2024.pdf',604,'2025-01-31 09:21:57','2025-01-31 09:21:57'),
(46,'SIR','2024-07','604/604 - Kool Corner Jul 2024.pdf',604,'2025-01-31 09:22:06','2025-01-31 09:22:06'),
(47,'SIR','2024-08','604/604 - Kool Corner Aug 2024.pdf',604,'2025-01-31 09:22:15','2025-01-31 09:22:15'),
(48,'SIR','2024-09','604/604 - Kool Corner Sep 2024.pdf',604,'2025-01-31 09:22:24','2025-01-31 09:22:24'),
(49,'SIR','2024-10','604/604 - Kool Corner Oct 2024.pdf',604,'2025-01-31 09:22:32','2025-01-31 09:22:32'),
(50,'SIR','2024-11','604/604 - Kool Corner Nov 2024.pdf',604,'2025-01-31 09:22:40','2025-01-31 09:22:40'),
(51,'SIR','2024-12','604/604 - Kool Corner Dec 2024.pdf',604,'2025-01-31 09:22:50','2025-01-31 09:22:50');
/*!40000 ALTER TABLE `cus_sir_inv_docs` ENABLE KEYS */;
UNLOCK TABLES;

--
-- Table structure for table `customers_stores`
--

DROP TABLE IF EXISTS `customers_stores`;
/*!40101 SET @saved_cs_client     = @@character_set_client */;
/*!40101 SET character_set_client = utf8mb4 */;
CREATE TABLE `customers_stores` (
  `customer_id` bigint(20) unsigned NOT NULL,
  `store_id` bigint(20) unsigned NOT NULL,
  KEY `customer_id` (`customer_id`),
  KEY `store_id` (`store_id`),
  CONSTRAINT `customers_stores_ibfk_1` FOREIGN KEY (`customer_id`) REFERENCES `users` (`id`),
  CONSTRAINT `customers_stores_ibfk_2` FOREIGN KEY (`store_id`) REFERENCES `users` (`id`)
) ENGINE=InnoDB DEFAULT CHARSET=utf8mb4 COLLATE=utf8mb4_general_ci;
/*!40101 SET character_set_client = @saved_cs_client */;

--
-- Dumping data for table `customers_stores`
--

LOCK TABLES `customers_stores` WRITE;
/*!40000 ALTER TABLE `customers_stores` DISABLE KEYS */;
INSERT INTO `customers_stores` (`customer_id`, `store_id`) VALUES (70,71),
(64,70),
(64,98),
(82,81),
(121,119),
(121,120),
(121,122),
(121,123),
(121,124),
(121,125),
(121,126),
(478,480),
(1089,1090),
(1089,1091);
/*!40000 ALTER TABLE `customers_stores` ENABLE KEYS */;
UNLOCK TABLES;

--
-- Table structure for table `equipments`
--

DROP TABLE IF EXISTS `equipments`;
/*!40101 SET @saved_cs_client     = @@character_set_client */;
/*!40101 SET character_set_client = utf8mb4 */;
CREATE TABLE `equipments` (
  `id` int(11) NOT NULL AUTO_INCREMENT,
  `name` varchar(300) NOT NULL,
  `purch_from` varchar(300) DEFAULT NULL,
  `purch_date` date DEFAULT NULL,
  `cost` int(11) DEFAULT NULL,
  `warr_info` varchar(500) DEFAULT NULL,
  `serial` varchar(300) DEFAULT NULL,
  `store_id` int(11) DEFAULT NULL,
  `updated_at` timestamp NULL DEFAULT NULL,
  `created_at` timestamp NULL DEFAULT NULL,
  PRIMARY KEY (`id`),
  KEY `store_id` (`store_id`),
  CONSTRAINT `equipments_ibfk_1` FOREIGN KEY (`store_id`) REFERENCES `stores` (`id`)
) ENGINE=InnoDB AUTO_INCREMENT=74 DEFAULT CHARSET=utf8mb4 COLLATE=utf8mb4_general_ci;
/*!40101 SET character_set_client = @saved_cs_client */;

--
-- Dumping data for table `equipments`
--

LOCK TABLES `equipments` WRITE;
/*!40000 ALTER TABLE `equipments` DISABLE KEYS */;
INSERT INTO `equipments` (`id`, `name`, `purch_from`, `purch_date`, `cost`, `warr_info`, `serial`, `store_id`, `updated_at`, `created_at`) VALUES (1,'Freezer 1',NULL,NULL,450,'No Warr','XX-2314',1,'2023-10-15 12:20:21','2023-09-23 11:25:20'),
(2,'Beer Cave 1',NULL,NULL,500,'1 yr','XX-2312',1,'2023-09-23 11:26:32','2023-09-23 11:26:32'),
(3,'Restaurant cooler 1',NULL,NULL,450,'1 yr','XX-2345',1,'2023-09-23 11:28:24','2023-09-23 11:28:24'),
(4,'Pump Parts 1',NULL,NULL,600,'No Warr','XX-2378',1,'2023-09-23 11:29:14','2023-09-23 11:29:14'),
(5,'POS',NULL,NULL,450,'3 yrs','XX-2398',2,'2023-09-23 13:37:49','2023-09-23 12:14:08'),
(6,'Frozen Walk in Cooler','Houston','2021-12-01',NULL,'No Warranty',NULL,3,'2024-01-21 01:25:36','2023-09-23 12:15:26'),
(7,'Soda Cooler','Houston','2021-12-01',NULL,'No Warranty',NULL,3,'2024-01-21 01:24:21','2023-09-23 12:17:25'),
(8,'Beer Cave / Cooler','Houston','2021-12-01',NULL,'No Warranty',NULL,3,'2024-01-21 01:22:30','2023-09-23 12:17:30'),
(9,'Frozen walking cooler','Houston','2023-06-06',14000,'5 year compressor\r\n1 year labor','XX-2334',1,'2023-10-12 00:51:32','2023-09-23 12:17:53'),
(10,'Fountain MAchine','Houston',NULL,7500,'2','XX-2359',1,'2023-10-09 21:14:00','2023-09-23 12:20:17'),
(11,'Restaurant cooler 3','Houston',NULL,550,'1 yr','XX-2376',1,'2023-09-23 14:57:59','2023-09-23 14:57:59'),
(12,'new','new',NULL,234,'no','sa',1,'2023-10-08 06:04:04','2023-10-08 06:04:04'),
(13,'Walking Frozen Cooler','Zebra Products','2023-05-01',NULL,'1 year',NULL,10,'2023-10-27 03:03:13','2023-10-27 03:03:13'),
(14,'Walking Cooler','Zebra Products','2023-05-01',NULL,'1 year',NULL,10,'2023-10-27 03:03:36','2023-10-27 03:03:36'),
(15,'Fountain Machine','Warren refrigerators','2023-04-15',NULL,'1 year',NULL,10,'2023-10-27 03:04:29','2023-10-27 03:04:29'),
(16,'Icee Machine 1','Rolyal Coffee','2023-05-10',3300,'1 Year','2302067131',10,'2023-10-27 03:07:39','2023-10-27 03:07:39'),
(17,'Icee Machine 2','Rolyal Coffee','2023-05-10',3300,'1 Year','23020675831',10,'2023-10-27 03:08:15','2023-10-27 03:08:15'),
(18,'Icee Machine 3','Rolyal Coffee','2023-05-10',3300,'1 year','2302067231',10,'2023-10-27 03:08:47','2023-10-27 03:08:47'),
(19,'Icee Machine 4','Rolyal Coffee','2023-05-10',3300,'1 Year','2302061031',10,'2023-10-27 03:09:22','2023-10-27 03:09:22'),
(20,'Icee Machine 5','Rolyal Coffee','2023-05-10',3300,'1 year','2302067331',10,'2023-10-27 03:10:07','2023-10-27 03:10:07'),
(21,'Beer Cave 1',NULL,'2021-04-01',NULL,'No Warranty',NULL,2,'2024-01-19 04:24:13','2024-01-19 04:24:13'),
(22,'Fountain Machine',NULL,'2021-04-01',NULL,'No Warranty',NULL,2,'2024-01-19 04:24:39','2024-01-19 04:24:39'),
(23,'Freezer 1 / Soda Cooler',NULL,'2021-04-01',NULL,'No Warranty',NULL,2,'2024-01-19 04:25:48','2024-01-19 04:25:48'),
(24,'Freezer 1 / Soda Cooler',NULL,'2021-04-01',NULL,'No Warranty',NULL,2,'2024-01-19 04:25:48','2024-01-19 04:25:48'),
(25,'Frozen Walking Cooler',NULL,'2021-04-01',NULL,'No Warranty',NULL,2,'2024-01-19 04:26:20','2024-01-19 04:26:20'),
(26,'Deli Refrigerator - Turbo Air',NULL,NULL,NULL,'No Warranty',NULL,2,'2024-01-19 04:30:03','2024-01-19 04:27:00'),
(27,'Deli Cooler - Atosta',NULL,'2021-04-01',NULL,'No Warranty',NULL,2,'2024-01-19 04:30:36','2024-01-19 04:30:36'),
(28,'Sandwich Cooler',NULL,'2021-04-01',NULL,'No Warranty',NULL,2,'2024-01-19 04:36:12','2024-01-19 04:30:59'),
(29,'Slushy 1 - Jolly Rancher',NULL,'2021-04-01',NULL,'No Warranty',NULL,2,'2024-01-19 04:31:48','2024-01-19 04:31:48'),
(30,'Slushy 2 - Jolly Rancher',NULL,'2021-04-01',NULL,'No Warranty',NULL,2,'2024-01-19 04:32:08','2024-01-19 04:32:08'),
(31,'Slushy 3 - Jolly Rancher',NULL,'2021-04-01',NULL,'No Warranty',NULL,2,'2024-01-19 04:32:31','2024-01-19 04:32:31'),
(32,'WALK IN COOLER',NULL,'2017-04-10',NULL,NULL,NULL,8,'2024-01-19 04:44:45','2024-01-19 04:44:11'),
(33,'ICE CREAM FREEZER',NULL,NULL,NULL,NULL,NULL,8,'2024-01-19 04:45:00','2024-01-19 04:45:00'),
(34,'ICE MACHINE',NULL,NULL,NULL,NULL,NULL,8,'2024-01-19 04:45:13','2024-01-19 04:45:13'),
(35,'POS',NULL,NULL,NULL,NULL,NULL,8,'2024-01-19 04:45:37','2024-01-19 04:45:37'),
(36,'ICE FROZEN COOLER',NULL,NULL,NULL,NULL,NULL,8,'2024-01-19 04:45:58','2024-01-19 04:45:58'),
(37,'Pin Pad pos 2','Sam','2024-01-15',735,'1 year',NULL,12,'2024-01-19 05:34:20','2024-01-19 05:34:20'),
(38,'Beer Cave / Cooler',NULL,'2019-07-01',NULL,'No Warranty',NULL,9,'2024-01-20 00:23:40','2024-01-20 00:23:40'),
(39,'Soda Cooler',NULL,'2019-07-01',NULL,'No Warranty',NULL,9,'2024-01-20 00:25:14','2024-01-20 00:25:14'),
(40,'Frozen Walking Cooler',NULL,'2019-07-01',NULL,'No Warranty',NULL,9,'2024-01-20 00:25:39','2024-01-20 00:25:39'),
(41,'Fountain Machine',NULL,'2019-07-01',NULL,'No Warranty',NULL,9,'2024-01-20 00:26:06','2024-01-20 00:26:06'),
(42,'Slushy 1 - Jolly Rancher',NULL,'2019-07-01',NULL,'No Warranty',NULL,9,'2024-01-20 00:27:00','2024-01-20 00:27:00'),
(43,'Slushy 2 - Jolly Rancher',NULL,'2019-07-01',NULL,'No Warranty',NULL,9,'2024-01-20 00:27:26','2024-01-20 00:27:26'),
(44,'Slushy 3 - Jolly Rancher',NULL,'2019-07-01',NULL,'No Warranty',NULL,9,'2024-01-20 00:27:43','2024-01-20 00:27:43'),
(45,'Slushy 4 - Jolly Rancher',NULL,'2019-07-01',NULL,'No Warranty',NULL,9,'2024-01-20 00:28:23','2024-01-20 00:28:23'),
(46,'Slushy 5 - Jolly Rancher',NULL,'2019-07-01',NULL,'No Warranty',NULL,9,'2024-01-20 00:29:08','2024-01-20 00:29:08'),
(47,'Slushy 6 - Jolly Rancher',NULL,'2019-07-01',NULL,'No Warranty',NULL,9,'2024-01-20 00:29:33','2024-01-20 00:29:33'),
(48,'Deli Refrigirator',NULL,'2019-07-01',NULL,'No Warranty',NULL,9,'2024-01-20 00:30:59','2024-01-20 00:30:59'),
(49,'Alcoholic Slushy Machine 1- Royal Ice','Royal Gourmet House Inc','2023-11-09',3300,NULL,'3292032131',9,'2024-01-20 00:35:53','2024-01-20 00:35:53'),
(50,'Alcoholic Slushy Machine 2- Royal Ice','Royal Gourmet House Inc','2023-11-09',3300,NULL,'3292032031',9,'2024-01-20 00:36:34','2024-01-20 00:36:34'),
(51,'WALK IN COOLER',NULL,'2020-12-11',NULL,NULL,NULL,4,'2024-01-20 01:19:48','2024-01-20 01:19:48'),
(52,'WALK IN FREEZER',NULL,'2020-12-11',NULL,NULL,NULL,4,'2024-01-20 01:20:08','2024-01-20 01:20:08'),
(53,'ICE MACHINE',NULL,'2020-12-11',NULL,NULL,NULL,4,'2024-01-20 01:20:25','2024-01-20 01:20:25'),
(54,'POS',NULL,'2020-12-11',NULL,NULL,NULL,4,'2024-01-20 01:20:45','2024-01-20 01:20:45'),
(55,'FOUNTAIN MACHINE ( NUGGET MACHINE TOO)',NULL,'2020-12-11',NULL,NULL,NULL,4,'2024-01-20 01:21:29','2024-01-20 01:21:29'),
(56,'SLUSHEE MACHINE (4 MACHINE EACH MACHINE 3 FLAVORS)','ROYAL GOURMENT','2020-12-11',NULL,NULL,NULL,4,'2024-01-20 01:23:13','2024-01-20 01:23:13'),
(57,'OPEN COOLER','ZEBRA PRODUCT LLC','2022-03-01',NULL,NULL,NULL,4,'2024-01-20 01:26:01','2024-01-20 01:26:01'),
(58,'WALK IN COOLER',NULL,'2021-08-09',NULL,NULL,NULL,6,'2024-01-20 03:16:30','2024-01-20 03:16:30'),
(59,'WALK IN FREEZER',NULL,'2021-08-09',NULL,NULL,NULL,6,'2024-01-20 03:16:46','2024-01-20 03:16:46'),
(60,'FOUNTAIN MACHINE',NULL,'2021-08-09',NULL,NULL,NULL,6,'2024-01-20 03:17:35','2024-01-20 03:17:35'),
(61,'SLUSHEE ( 6 MACHINE 18 FLAVOR)',NULL,'2021-08-09',NULL,NULL,NULL,6,'2024-01-20 03:18:29','2024-01-20 03:18:29'),
(62,'POS',NULL,NULL,NULL,NULL,NULL,6,'2024-01-20 03:18:40','2024-01-20 03:18:40'),
(63,'POS',NULL,NULL,NULL,NULL,NULL,5,'2024-01-20 23:54:37','2024-01-20 23:54:37'),
(64,'FOUNTAIN MACHINE',NULL,'2001-11-30',NULL,NULL,NULL,5,'2024-01-20 23:55:43','2024-01-20 23:55:43'),
(65,'SLUSHEE (3 MACHINE & 8 FLAVOR)',NULL,NULL,NULL,NULL,NULL,5,'2024-01-20 23:56:30','2024-01-20 23:56:30'),
(66,'WALK IN COLLER',NULL,NULL,NULL,NULL,NULL,5,'2024-01-20 23:56:42','2024-01-20 23:56:42'),
(67,'Slushy 1 - Jolly Rancher',NULL,'2021-12-01',NULL,'No Warranty',NULL,3,'2024-01-21 01:25:57','2024-01-21 01:25:57'),
(68,'Slushy 2 - Jolly Rancher',NULL,'2021-12-01',NULL,'No Warranty',NULL,3,'2024-01-21 01:26:21','2024-01-21 01:26:21'),
(69,'Slushy 3 - Jolly Rancher',NULL,'2021-12-01',NULL,'No Warranty',NULL,3,'2024-01-21 01:26:37','2024-01-21 01:26:37'),
(70,'Slushy 4 - Jolly Rancher',NULL,'2021-12-01',NULL,'No Warranty',NULL,3,'2024-01-21 01:26:56','2024-01-21 01:26:56'),
(71,'Fountain Machine',NULL,'2021-12-01',NULL,'No Warranty',NULL,3,'2024-01-21 01:27:18','2024-01-21 01:27:18'),
(72,'Deli Refrigirator',NULL,'2021-12-01',NULL,'No Warranty',NULL,3,'2024-01-21 01:28:20','2024-01-21 01:28:20'),
(73,'Deli Cooler',NULL,'2021-12-01',NULL,'No Warranty',NULL,3,'2024-01-21 01:28:43','2024-01-21 01:28:43');
/*!40000 ALTER TABLE `equipments` ENABLE KEYS */;
UNLOCK TABLES;

--
-- Table structure for table `failed_jobs`
--

DROP TABLE IF EXISTS `failed_jobs`;
/*!40101 SET @saved_cs_client     = @@character_set_client */;
/*!40101 SET character_set_client = utf8mb4 */;
CREATE TABLE `failed_jobs` (
  `id` bigint(20) unsigned NOT NULL AUTO_INCREMENT,
  `uuid` varchar(255) NOT NULL,
  `connection` text NOT NULL,
  `queue` text NOT NULL,
  `payload` longtext NOT NULL,
  `exception` longtext NOT NULL,
  `failed_at` timestamp NOT NULL DEFAULT current_timestamp(),
  PRIMARY KEY (`id`),
  UNIQUE KEY `failed_jobs_uuid_unique` (`uuid`)
) ENGINE=InnoDB DEFAULT CHARSET=utf8mb4 COLLATE=utf8mb4_unicode_ci;
/*!40101 SET character_set_client = @saved_cs_client */;

--
-- Dumping data for table `failed_jobs`
--

LOCK TABLES `failed_jobs` WRITE;
/*!40000 ALTER TABLE `failed_jobs` DISABLE KEYS */;
/*!40000 ALTER TABLE `failed_jobs` ENABLE KEYS */;
UNLOCK TABLES;

--
-- Table structure for table `fleet_routings`
--

DROP TABLE IF EXISTS `fleet_routings`;
/*!40101 SET @saved_cs_client     = @@character_set_client */;
/*!40101 SET character_set_client = utf8mb4 */;
CREATE TABLE `fleet_routings` (
  `id` int(11) NOT NULL AUTO_INCREMENT,
  `fleet_id` int(11) NOT NULL,
  `date` date DEFAULT NULL,
  `start_millage` varchar(60) DEFAULT NULL,
  `stop_millage` varchar(60) DEFAULT NULL,
  `created_at` timestamp NULL DEFAULT NULL,
  `updated_at` timestamp NULL DEFAULT NULL,
  PRIMARY KEY (`id`),
  KEY `fleet_id` (`fleet_id`),
  CONSTRAINT `fleet_routings_ibfk_1` FOREIGN KEY (`fleet_id`) REFERENCES `fleets` (`id`)
) ENGINE=InnoDB AUTO_INCREMENT=10 DEFAULT CHARSET=utf8mb4 COLLATE=utf8mb4_general_ci;
/*!40101 SET character_set_client = @saved_cs_client */;

--
-- Dumping data for table `fleet_routings`
--

LOCK TABLES `fleet_routings` WRITE;
/*!40000 ALTER TABLE `fleet_routings` DISABLE KEYS */;
INSERT INTO `fleet_routings` (`id`, `fleet_id`, `date`, `start_millage`, `stop_millage`, `created_at`, `updated_at`) VALUES (8,7,'2024-04-23','10000','10500','2024-04-23 13:55:34','2024-04-23 14:05:40'),
(9,7,'2024-05-01','10','11','2024-05-03 15:30:12','2024-05-03 15:30:12');
/*!40000 ALTER TABLE `fleet_routings` ENABLE KEYS */;
UNLOCK TABLES;

--
-- Table structure for table `fleets`
--

DROP TABLE IF EXISTS `fleets`;
/*!40101 SET @saved_cs_client     = @@character_set_client */;
/*!40101 SET character_set_client = utf8mb4 */;
CREATE TABLE `fleets` (
  `id` int(11) NOT NULL AUTO_INCREMENT,
  `fleet_no` varchar(60) NOT NULL,
  `license_pl_no` varchar(60) DEFAULT NULL,
  `vin_no` varchar(60) DEFAULT NULL,
  `gas_type` varchar(60) DEFAULT NULL,
  `start_millage` varchar(60) DEFAULT NULL,
  `stop_millage` varchar(60) DEFAULT NULL,
  `date` date DEFAULT NULL,
  `created_at` timestamp NULL DEFAULT NULL,
  `updated_at` timestamp NULL DEFAULT NULL,
  PRIMARY KEY (`id`)
) ENGINE=InnoDB AUTO_INCREMENT=11 DEFAULT CHARSET=utf8mb4 COLLATE=utf8mb4_general_ci;
/*!40101 SET character_set_client = @saved_cs_client */;

--
-- Dumping data for table `fleets`
--

LOCK TABLES `fleets` WRITE;
/*!40000 ALTER TABLE `fleets` DISABLE KEYS */;
INSERT INTO `fleets` (`id`, `fleet_no`, `license_pl_no`, `vin_no`, `gas_type`, `start_millage`, `stop_millage`, `date`, `created_at`, `updated_at`) VALUES (7,'243155','A46595','6495','Diesel','1004','1011','2024-04-23','2024-04-23 13:55:34','2024-04-23 14:05:40'),
(8,'Dustin PTS Truck','TBK-2699','1FTMF1CB5MKE90416','Gas','138660',NULL,'2025-01-07','2024-07-11 03:31:21','2025-01-08 01:43:41'),
(9,'Tyler PTS F250','VGS 2269','1FTBF2A63NEG46083','Gas','44521',NULL,'2025-01-07','2025-01-08 01:45:37','2025-01-08 01:45:37'),
(10,'123456',NULL,NULL,'Diesel',NULL,NULL,NULL,'2025-01-11 10:54:55','2025-01-11 10:54:55');
/*!40000 ALTER TABLE `fleets` ENABLE KEYS */;
UNLOCK TABLES;

--
-- Table structure for table `inventorys`
--

DROP TABLE IF EXISTS `inventorys`;
/*!40101 SET @saved_cs_client     = @@character_set_client */;
/*!40101 SET character_set_client = utf8mb4 */;
CREATE TABLE `inventorys` (
  `id` int(11) NOT NULL AUTO_INCREMENT,
  `part_no` varchar(30) NOT NULL,
  `serial` varchar(100) DEFAULT NULL,
  `manufacturer` varchar(60) DEFAULT NULL,
  `description` varchar(600) DEFAULT NULL,
  `qty` varchar(20) DEFAULT NULL,
  `purchase_price` varchar(20) DEFAULT NULL,
  `selling_price` varchar(20) DEFAULT NULL,
  `warranty` varchar(60) DEFAULT NULL,
  `category` varchar(60) DEFAULT NULL,
  `fleet_id` int(11) DEFAULT NULL,
  `created_at` timestamp NULL DEFAULT NULL,
  `updated_at` timestamp NULL DEFAULT NULL,
  PRIMARY KEY (`id`),
  KEY `fleet_id` (`fleet_id`),
  CONSTRAINT `inventorys_ibfk_1` FOREIGN KEY (`fleet_id`) REFERENCES `fleets` (`id`)
) ENGINE=InnoDB AUTO_INCREMENT=42 DEFAULT CHARSET=latin1 COLLATE=latin1_swedish_ci;
/*!40101 SET character_set_client = @saved_cs_client */;

--
-- Dumping data for table `inventorys`
--

LOCK TABLES `inventorys` WRITE;
/*!40000 ALTER TABLE `inventorys` DISABLE KEYS */;
INSERT INTO `inventorys` (`id`, `part_no`, `serial`, `manufacturer`, `description`, `qty`, `purchase_price`, `selling_price`, `warranty`, `category`, `fleet_id`, `created_at`, `updated_at`) VALUES (39,'5641','123as46asfds789','test man 1',NULL,NULL,'600','500','2 years','Tank',NULL,'2024-04-23 15:00:44','2024-05-03 12:19:03'),
(40,'7HB Nozzle','slkjdhfslkdhf','OPW',NULL,NULL,'145','199','1 year','Pump',NULL,'2024-08-10 19:59:18','2024-08-10 19:59:18'),
(41,'RJ AGUMP400S4-3',NULL,'Red Jacket',NULL,NULL,'1,410.82','1,763.52','1','Tank',NULL,'2025-02-25 23:50:16','2025-02-25 23:50:35');
/*!40000 ALTER TABLE `inventorys` ENABLE KEYS */;
UNLOCK TABLES;

--
-- Table structure for table `invoice_items`
--

DROP TABLE IF EXISTS `invoice_items`;
/*!40101 SET @saved_cs_client     = @@character_set_client */;
/*!40101 SET character_set_client = utf8mb4 */;
CREATE TABLE `invoice_items` (
  `id` int(11) NOT NULL AUTO_INCREMENT,
  `invoice_id` int(11) NOT NULL,
  `item_name` varchar(60) DEFAULT NULL,
  `category` varchar(60) DEFAULT NULL,
  `descript` varchar(100) DEFAULT NULL,
  `location` varchar(100) DEFAULT NULL,
  `qty` int(11) DEFAULT NULL,
  `rate` varchar(20) DEFAULT NULL,
  `amount` varchar(20) NOT NULL,
  `created_at` timestamp NULL DEFAULT NULL,
  `updated_at` timestamp NULL DEFAULT NULL,
  PRIMARY KEY (`id`),
  KEY `invoice_id` (`invoice_id`),
  CONSTRAINT `invoice_items_ibfk_1` FOREIGN KEY (`invoice_id`) REFERENCES `invoices` (`id`)
) ENGINE=InnoDB AUTO_INCREMENT=863 DEFAULT CHARSET=utf8mb4 COLLATE=utf8mb4_general_ci;
/*!40101 SET character_set_client = @saved_cs_client */;

--
-- Dumping data for table `invoice_items`
--

LOCK TABLES `invoice_items` WRITE;
/*!40000 ALTER TABLE `invoice_items` DISABLE KEYS */;
INSERT INTO `invoice_items` (`id`, `invoice_id`, `item_name`, `category`, `descript`, `location`, `qty`, `rate`, `amount`, `created_at`, `updated_at`) VALUES (818,468,NULL,'Monthly Inspection','Monthly Inspection',NULL,NULL,NULL,'125','2025-03-01 20:06:58','2025-03-01 20:06:58'),
(819,468,NULL,'Parts','Gas filters','All pumps',10,'18.99','189.9','2025-03-01 20:06:58','2025-03-01 20:06:58'),
(820,469,NULL,'Service Call','Service Call',NULL,1,'170.00','170','2025-03-01 20:21:22','2025-03-01 20:21:22'),
(821,469,NULL,'Parts','Gasoline nozzle','Pump 3 gas',1,'109.00','109','2025-03-01 20:21:22','2025-03-01 20:21:22'),
(822,469,NULL,'Parts','Gas filters','All pumps',10,'18.99','189.9','2025-03-01 20:21:22','2025-03-01 20:21:22'),
(825,470,NULL,'Calibration','Calibration','All pumps',4,'125','500','2025-03-01 20:39:50','2025-03-01 20:39:50'),
(826,470,NULL,'Calibration','Calibration Labor',NULL,1,'150','150','2025-03-01 20:39:50','2025-03-01 20:39:50'),
(850,473,NULL,'Monthly Inspection','Monthly Inspection',NULL,NULL,NULL,'125','2025-04-01 12:54:10','2025-04-01 12:54:10'),
(859,472,NULL,'Service Call','Service Call',NULL,1,'150','150','2025-04-01 23:28:08','2025-04-01 23:28:08'),
(860,472,NULL,'Parts','Ethanol sticker','Pump 1',1,'3','3','2025-04-01 23:28:08','2025-04-01 23:28:08'),
(862,475,NULL,'Monthly Inspection','Monthly Inspection',NULL,NULL,NULL,'125','2025-04-09 12:30:59','2025-04-09 12:30:59');
/*!40000 ALTER TABLE `invoice_items` ENABLE KEYS */;
UNLOCK TABLES;

--
-- Table structure for table `invoices`
--

DROP TABLE IF EXISTS `invoices`;
/*!40101 SET @saved_cs_client     = @@character_set_client */;
/*!40101 SET character_set_client = utf8mb4 */;
CREATE TABLE `invoices` (
  `id` int(11) NOT NULL AUTO_INCREMENT,
  `invoice_no` varchar(60) NOT NULL,
  `date` date DEFAULT NULL,
  `customer_id` bigint(20) unsigned DEFAULT NULL,
  `route_list_id` int(11) DEFAULT NULL,
  `service` varchar(100) DEFAULT NULL,
  `price` varchar(30) DEFAULT NULL,
  `pay_opt` varchar(20) DEFAULT NULL,
  `check_no` varchar(60) DEFAULT NULL,
  `po_no` varchar(60) DEFAULT NULL,
  `mo_no` varchar(60) DEFAULT NULL,
  `comment` varchar(500) DEFAULT NULL,
  `payment` varchar(20) DEFAULT NULL,
  `paid_amount` varchar(600) DEFAULT NULL,
  `file_name` varchar(60) DEFAULT NULL,
  `addi_comments` varchar(1000) DEFAULT NULL,
  `signature` varchar(600) DEFAULT NULL,
  `createdBy` bigint(20) unsigned DEFAULT NULL,
  `updatedBy` varchar(600) DEFAULT NULL,
  `created_at` timestamp NULL DEFAULT NULL,
  `updated_at` timestamp NULL DEFAULT NULL,
  PRIMARY KEY (`id`),
  KEY `customer_id` (`customer_id`),
  KEY `route_list_id` (`route_list_id`),
  KEY `createdBy` (`createdBy`),
  KEY `updatedBy` (`updatedBy`),
  CONSTRAINT `invoices_ibfk_1` FOREIGN KEY (`customer_id`) REFERENCES `users` (`id`),
  CONSTRAINT `invoices_ibfk_2` FOREIGN KEY (`route_list_id`) REFERENCES `route_lists` (`id`),
  CONSTRAINT `invoices_ibfk_3` FOREIGN KEY (`createdBy`) REFERENCES `users` (`id`)
) ENGINE=InnoDB AUTO_INCREMENT=476 DEFAULT CHARSET=utf8mb4 COLLATE=utf8mb4_general_ci;
/*!40101 SET character_set_client = @saved_cs_client */;

--
-- Dumping data for table `invoices`
--

LOCK TABLES `invoices` WRITE;
/*!40000 ALTER TABLE `invoices` DISABLE KEYS */;
INSERT INTO `invoices` (`id`, `invoice_no`, `date`, `customer_id`, `route_list_id`, `service`, `price`, `pay_opt`, `check_no`, `po_no`, `mo_no`, `comment`, `payment`, `paid_amount`, `file_name`, `addi_comments`, `signature`, `createdBy`, `updatedBy`, `created_at`, `updated_at`) VALUES (468,'PT1','2025-03-01',895,77,'Monthly Inspection',NULL,'Check','test123',NULL,NULL,NULL,'Paid',NULL,'PT1.pdf','Customer requested to change filters.','/invoices/PT1.png?v=7hT',460,NULL,'2025-03-01 20:06:58','2025-03-01 20:08:34'),
(469,'PT2','2025-03-01',1074,NULL,'Service Call',NULL,'Cash',NULL,NULL,NULL,NULL,'Paid',NULL,'PT2.pdf',NULL,'/invoices/PT2.png?v=ZaS',460,NULL,'2025-03-01 20:21:22','2025-03-01 20:22:56'),
(470,'PT3','2025-03-01',1074,NULL,'Calibration',NULL,'Cash',NULL,NULL,NULL,NULL,'Paid',NULL,'PT3.pdf',NULL,'/invoices/PT3.png?v=n2y',460,NULL,'2025-03-01 20:33:46','2025-03-01 20:40:30'),
(472,'PT4','2025-03-30',1074,NULL,'Service Call',NULL,NULL,NULL,NULL,NULL,NULL,NULL,NULL,'PT4.pdf',NULL,NULL,460,NULL,'2025-03-30 19:09:28','2025-04-01 23:28:08'),
(473,'PT5','2025-04-01',81,77,'Monthly Inspection',NULL,'Cash',NULL,NULL,NULL,NULL,'Paid',NULL,'PT5.pdf',NULL,'/invoices/PT5.png?v=SUu',460,NULL,'2025-04-01 12:54:10','2025-04-01 12:54:51'),
(475,'PT6','2025-04-09',680,NULL,'Service Call',NULL,'Cash',NULL,NULL,NULL,NULL,'Paid',NULL,'PT6.pdf',NULL,'/invoices/PT6.png?v=2we',460,NULL,'2025-04-09 12:12:18','2025-04-09 12:31:12');
/*!40000 ALTER TABLE `invoices` ENABLE KEYS */;
UNLOCK TABLES;

--
-- Table structure for table `maintain_logs`
--

DROP TABLE IF EXISTS `maintain_logs`;
/*!40101 SET @saved_cs_client     = @@character_set_client */;
/*!40101 SET character_set_client = utf8mb4 */;
CREATE TABLE `maintain_logs` (
  `id` int(11) NOT NULL AUTO_INCREMENT,
  `invoice_id` int(11) NOT NULL,
  `cus_id` bigint(20) unsigned NOT NULL,
  `category` varchar(60) DEFAULT NULL,
  `descript` varchar(100) DEFAULT NULL,
  `des_problem` varchar(600) DEFAULT NULL,
  `qty` int(11) DEFAULT NULL,
  `rate` varchar(20) DEFAULT NULL,
  `amount` varchar(20) NOT NULL,
  `date` date DEFAULT NULL,
  `location` varchar(100) DEFAULT NULL,
  `tech_id` bigint(20) unsigned NOT NULL,
  `created_at` timestamp NULL DEFAULT NULL,
  `updated_at` timestamp NULL DEFAULT NULL,
  PRIMARY KEY (`id`),
  KEY `invoice_id` (`invoice_id`),
  KEY `cus_id` (`cus_id`),
  KEY `tech_id` (`tech_id`),
  CONSTRAINT `maintain_logs_ibfk_1` FOREIGN KEY (`invoice_id`) REFERENCES `invoices` (`id`),
  CONSTRAINT `maintain_logs_ibfk_2` FOREIGN KEY (`cus_id`) REFERENCES `users` (`id`),
  CONSTRAINT `maintain_logs_ibfk_3` FOREIGN KEY (`tech_id`) REFERENCES `users` (`id`)
) ENGINE=InnoDB AUTO_INCREMENT=510 DEFAULT CHARSET=utf8mb4 COLLATE=utf8mb4_general_ci;
/*!40101 SET character_set_client = @saved_cs_client */;

--
-- Dumping data for table `maintain_logs`
--

LOCK TABLES `maintain_logs` WRITE;
/*!40000 ALTER TABLE `maintain_logs` DISABLE KEYS */;
INSERT INTO `maintain_logs` (`id`, `invoice_id`, `cus_id`, `category`, `descript`, `des_problem`, `qty`, `rate`, `amount`, `date`, `location`, `tech_id`, `created_at`, `updated_at`) VALUES (505,468,895,'Parts','Gas filters','Routine Change',10,'18.99','189.9','2025-03-01','All pumps',460,'2025-03-01 20:06:58','2025-03-01 20:06:58'),
(506,469,1074,'Parts','Gasoline nozzle','Leaking',1,'109.00','109','2025-03-01','Pump 3 gas',460,'2025-03-01 20:21:22','2025-03-01 20:21:22'),
(507,469,1074,'Parts','Gas filters','Routine change per customer',10,'18.99','189.9','2025-03-01','All pumps',460,'2025-03-01 20:21:22','2025-03-01 20:21:22'),
(508,470,1074,'Calibration','Calibration',NULL,4,'125','500','2025-03-01','All pumps',460,'2025-03-01 20:33:46','2025-03-01 20:39:50'),
(509,472,1074,'Parts','Ethanol sticker',NULL,1,'3','3','2025-04-01','Pump 1',460,'2025-03-30 19:09:28','2025-04-01 23:28:08');
/*!40000 ALTER TABLE `maintain_logs` ENABLE KEYS */;
UNLOCK TABLES;

--
-- Table structure for table `migrations`
--

DROP TABLE IF EXISTS `migrations`;
/*!40101 SET @saved_cs_client     = @@character_set_client */;
/*!40101 SET character_set_client = utf8mb4 */;
CREATE TABLE `migrations` (
  `id` int(10) unsigned NOT NULL AUTO_INCREMENT,
  `migration` varchar(255) NOT NULL,
  `batch` int(11) NOT NULL,
  PRIMARY KEY (`id`)
) ENGINE=InnoDB AUTO_INCREMENT=6 DEFAULT CHARSET=utf8mb4 COLLATE=utf8mb4_unicode_ci;
/*!40101 SET character_set_client = @saved_cs_client */;

--
-- Dumping data for table `migrations`
--

LOCK TABLES `migrations` WRITE;
/*!40000 ALTER TABLE `migrations` DISABLE KEYS */;
INSERT INTO `migrations` (`id`, `migration`, `batch`) VALUES (1,'2014_10_12_000000_create_users_table',1),
(2,'2014_10_12_100000_create_password_reset_tokens_table',1),
(3,'2014_10_12_100000_create_password_resets_table',1),
(4,'2019_08_19_000000_create_failed_jobs_table',1),
(5,'2019_12_14_000001_create_personal_access_tokens_table',1);
/*!40000 ALTER TABLE `migrations` ENABLE KEYS */;
UNLOCK TABLES;

--
-- Table structure for table `password_reset_tokens`
--

DROP TABLE IF EXISTS `password_reset_tokens`;
/*!40101 SET @saved_cs_client     = @@character_set_client */;
/*!40101 SET character_set_client = utf8mb4 */;
CREATE TABLE `password_reset_tokens` (
  `email` varchar(255) NOT NULL,
  `token` varchar(255) NOT NULL,
  `created_at` timestamp NULL DEFAULT NULL,
  PRIMARY KEY (`email`)
) ENGINE=InnoDB DEFAULT CHARSET=utf8mb4 COLLATE=utf8mb4_unicode_ci;
/*!40101 SET character_set_client = @saved_cs_client */;

--
-- Dumping data for table `password_reset_tokens`
--

LOCK TABLES `password_reset_tokens` WRITE;
/*!40000 ALTER TABLE `password_reset_tokens` DISABLE KEYS */;
INSERT INTO `password_reset_tokens` (`email`, `token`, `created_at`) VALUES ('fieldtech1@amtstx.com','$2y$10$S8VUDUKYcdPe0C94IQjqheRKoy0I8lgqDXAlnQ6FayMBj9.DD3CEm','2025-01-10 22:58:33'),
('fieldtech2@amtstx.com','$2y$10$C.sZg93aNpP39qm2OGDzV.HLYSSeVaN.tXb4gLehK1GGHT58/xeSa','2025-01-10 22:58:59'),
('fieldtech3@amtstx.com','$2y$10$KGXAIwswWicqIzRhngzfaeeX/0VGuii1E./s8l74hUF6wFgEZvk1C','2025-01-10 22:49:50'),
('fueldepot.ravi@gmail.com','$2y$10$90G1BFHuJS8h97AbAxkeBOFUjwy.8.NHI6qeUkCBOzDuc/ok7GfQW','2024-01-19 03:59:50'),
('officestaff1@amtstx.com','$2y$10$hMWHq1iuuIhYzwPp5vXxzuAOEaAaHfLzddJupmZGImHGrTXgVbbU.','2025-01-10 23:50:58'),
('officestaff2@amtstx.com','$2y$10$zOeJTRj7D6sFggpgrw5vo.gzR/K6qc6/1e81ofh04YvFYdri91NK6','2025-01-11 01:10:54'),
('shanmadusanka969@gmail.com','$2y$10$CQRTRkks7ofDu/xJbMNwg.r0ovkWNqlI5r4wKp.zDfVH2ancBGLym','2023-09-21 22:49:41'),
('supadmin1@amtstx.com','$2y$10$eZhFmU9EnNXXKk6Q1LyeweAV6CWNhiKW.uD/Cv7X6fLuGg2c3IiFS','2025-01-10 19:58:29'),
('udagedara1987@gmail.com','$2y$10$FONh8XFKNOKZExMtb.9/f.CVG.PCAx.BTe8Yh5fjDxwF5o6mai0o.','2023-10-31 00:52:50');
/*!40000 ALTER TABLE `password_reset_tokens` ENABLE KEYS */;
UNLOCK TABLES;

--
-- Table structure for table `password_resets`
--

DROP TABLE IF EXISTS `password_resets`;
/*!40101 SET @saved_cs_client     = @@character_set_client */;
/*!40101 SET character_set_client = utf8mb4 */;
CREATE TABLE `password_resets` (
  `email` varchar(255) NOT NULL,
  `token` varchar(255) NOT NULL,
  `created_at` timestamp NULL DEFAULT NULL,
  KEY `password_resets_email_index` (`email`)
) ENGINE=InnoDB DEFAULT CHARSET=utf8mb4 COLLATE=utf8mb4_unicode_ci;
/*!40101 SET character_set_client = @saved_cs_client */;

--
-- Dumping data for table `password_resets`
--

LOCK TABLES `password_resets` WRITE;
/*!40000 ALTER TABLE `password_resets` DISABLE KEYS */;
/*!40000 ALTER TABLE `password_resets` ENABLE KEYS */;
UNLOCK TABLES;

--
-- Table structure for table `personal_access_tokens`
--

DROP TABLE IF EXISTS `personal_access_tokens`;
/*!40101 SET @saved_cs_client     = @@character_set_client */;
/*!40101 SET character_set_client = utf8mb4 */;
CREATE TABLE `personal_access_tokens` (
  `id` bigint(20) unsigned NOT NULL AUTO_INCREMENT,
  `tokenable_type` varchar(255) NOT NULL,
  `tokenable_id` bigint(20) unsigned NOT NULL,
  `name` varchar(255) NOT NULL,
  `token` varchar(64) NOT NULL,
  `abilities` text DEFAULT NULL,
  `last_used_at` timestamp NULL DEFAULT NULL,
  `expires_at` timestamp NULL DEFAULT NULL,
  `created_at` timestamp NULL DEFAULT NULL,
  `updated_at` timestamp NULL DEFAULT NULL,
  PRIMARY KEY (`id`),
  UNIQUE KEY `personal_access_tokens_token_unique` (`token`),
  KEY `personal_access_tokens_tokenable_type_tokenable_id_index` (`tokenable_type`,`tokenable_id`)
) ENGINE=InnoDB AUTO_INCREMENT=3 DEFAULT CHARSET=utf8mb4 COLLATE=utf8mb4_unicode_ci;
/*!40101 SET character_set_client = @saved_cs_client */;

--
-- Dumping data for table `personal_access_tokens`
--

LOCK TABLES `personal_access_tokens` WRITE;
/*!40000 ALTER TABLE `personal_access_tokens` DISABLE KEYS */;
INSERT INTO `personal_access_tokens` (`id`, `tokenable_type`, `tokenable_id`, `name`, `token`, `abilities`, `last_used_at`, `expires_at`, `created_at`, `updated_at`) VALUES (1,'App\\Models\\User',1,'AppAuthToken','e38bdb354b944ca7e19e9724512e610256b8c81148589758a1ec3456b0846ed6','[\"*\"]','2024-04-26 11:02:49',NULL,'2024-04-26 11:01:34','2024-04-26 11:02:49'),
(2,'App\\Models\\User',18,'AppAuthToken','0fea28dda15dd83a0255ac7024cedb53a3a63cc67f32b442e726622b443c4e46','[\"*\"]','2024-05-03 15:30:58',NULL,'2024-05-03 15:14:34','2024-05-03 15:30:58');
/*!40000 ALTER TABLE `personal_access_tokens` ENABLE KEYS */;
UNLOCK TABLES;

--
-- Table structure for table `pictures`
--

DROP TABLE IF EXISTS `pictures`;
/*!40101 SET @saved_cs_client     = @@character_set_client */;
/*!40101 SET character_set_client = utf8mb4 */;
CREATE TABLE `pictures` (
  `id` int(11) NOT NULL AUTO_INCREMENT,
  `route_list_id` int(11) DEFAULT NULL,
  `cus_id` bigint(20) unsigned DEFAULT NULL,
  `type` varchar(30) DEFAULT NULL,
  `image` varchar(500) DEFAULT NULL,
  `created_at` timestamp NULL DEFAULT NULL,
  `updated_at` timestamp NULL DEFAULT NULL,
  PRIMARY KEY (`id`),
  KEY `testing_id` (`route_list_id`),
  KEY `cus_id` (`cus_id`),
  CONSTRAINT `pictures_ibfk_1` FOREIGN KEY (`route_list_id`) REFERENCES `route_lists` (`id`),
  CONSTRAINT `pictures_ibfk_2` FOREIGN KEY (`cus_id`) REFERENCES `users` (`id`)
) ENGINE=InnoDB AUTO_INCREMENT=205 DEFAULT CHARSET=utf8mb4 COLLATE=utf8mb4_general_ci;
/*!40101 SET character_set_client = @saved_cs_client */;

--
-- Dumping data for table `pictures`
--

LOCK TABLES `pictures` WRITE;
/*!40000 ALTER TABLE `pictures` DISABLE KEYS */;
INSERT INTO `pictures` (`id`, `route_list_id`, `cus_id`, `type`, `image`, `created_at`, `updated_at`) VALUES (1,NULL,3,'atgs','/picture-uploads/atgs/3/1.png','2024-08-09 10:08:00','2024-08-09 10:08:00'),
(2,NULL,3,'atgs','/picture-uploads/atgs/3/2.png','2024-08-09 10:19:56','2024-08-09 10:19:56'),
(3,NULL,3,'atgs','/picture-uploads/atgs/3/3.png','2024-08-09 10:20:29','2024-08-09 10:20:29'),
(4,NULL,3,'atgs','/picture-uploads/atgs/3/4.png','2024-08-09 10:20:59','2024-08-09 10:20:59'),
(5,NULL,3,'atgs','/picture-uploads/atgs/3/5.png','2024-08-09 10:21:38','2024-08-09 10:21:38'),
(6,NULL,3,'atgs','/picture-uploads/atgs/3/6.png','2024-08-09 10:24:26','2024-08-09 10:24:26'),
(7,NULL,64,'picture','/picture-uploads/picture/64/7.png','2024-08-09 10:30:02','2024-08-09 10:30:02'),
(8,NULL,64,'picture','/picture-uploads/picture/64/8.png','2024-08-09 10:53:25','2024-08-09 10:53:25'),
(9,NULL,67,'atgs','/picture-uploads/atgs/67/9.png','2024-08-09 10:55:53','2024-08-09 10:55:53'),
(10,NULL,67,'atgs','/picture-uploads/atgs/67/10.png','2024-08-09 10:56:14','2024-08-09 10:56:14'),
(11,NULL,67,'atgs','/picture-uploads/atgs/67/11.png','2024-08-09 10:57:01','2024-08-09 10:57:01'),
(12,NULL,67,'atgs','/picture-uploads/atgs/67/12.png','2024-08-09 10:57:28','2024-08-09 10:57:28'),
(13,NULL,64,'atgs','/picture-uploads/atgs/64/13.png','2024-08-09 11:30:29','2024-08-09 11:30:29'),
(14,NULL,64,'atgi','/picture-uploads/atgi/64/14.png','2024-08-09 11:31:16','2024-08-09 11:31:16'),
(15,NULL,64,'picture','/picture-uploads/picture/64/15.png','2024-08-09 11:31:32','2024-08-09 11:31:32'),
(16,NULL,64,'picture','/picture-uploads/picture/64/16.png','2024-08-09 12:03:14','2024-08-09 12:03:14'),
(18,NULL,65,'picture','/picture-uploads/picture/65/18.png','2024-08-09 12:53:37','2024-08-09 12:53:37'),
(20,NULL,66,'atgi','/picture-uploads/atgi/66/20.png','2024-08-10 04:23:32','2024-08-10 04:23:32'),
(21,NULL,66,'picture','/picture-uploads/picture/66/21.png','2024-08-10 04:24:08','2024-08-10 04:24:08'),
(22,NULL,64,'picture','/picture-uploads/picture/64/22.png','2024-08-12 07:49:11','2024-08-12 07:49:11'),
(23,NULL,67,'picture','/picture-uploads/picture/67/23.png','2024-08-12 10:42:26','2024-08-12 10:42:26'),
(24,NULL,67,'picture','/picture-uploads/picture/67/24.png','2024-08-12 10:46:58','2024-08-12 10:46:58'),
(25,NULL,67,'picture','/picture-uploads/picture/67/25.png','2024-08-12 10:57:45','2024-08-12 10:57:45'),
(26,NULL,67,'picture','/picture-uploads/picture/67/26.png','2024-08-12 12:13:44','2024-08-12 12:13:44'),
(27,NULL,79,'picture','/picture-uploads/picture/79/27.png','2024-08-20 11:19:34','2024-08-20 11:19:34'),
(28,NULL,64,'atgs','/picture-uploads/atgs/64/28.png','2024-08-21 04:33:18','2024-08-21 04:33:18'),
(29,NULL,85,'atgi','/picture-uploads/atgi/85/29.png','2024-08-27 05:43:37','2024-08-27 05:43:37'),
(30,NULL,85,'atgi','/picture-uploads/atgi/85/30.png','2024-08-27 05:44:00','2024-08-27 05:44:00'),
(31,NULL,85,'atgs','/picture-uploads/atgs/85/31.png','2024-09-06 05:41:29','2024-09-06 05:41:29'),
(32,NULL,64,'atgs','/picture-uploads/atgs/64/32.png','2024-09-06 09:49:57','2024-09-06 09:49:57'),
(33,NULL,128,'atgs','/picture-uploads/atgs/128/33.png','2025-01-08 01:21:11','2025-01-08 01:21:11'),
(34,NULL,66,'atgs','/picture-uploads/atgs/66/34.png','2025-01-08 01:27:08','2025-01-08 01:27:08'),
(35,NULL,66,'picture','/picture-uploads/picture/66/35.png','2025-01-08 01:28:31','2025-01-08 01:28:31'),
(36,NULL,109,'atgs','/picture-uploads/atgs/109/36.png','2025-01-08 01:55:23','2025-01-08 01:55:23'),
(38,NULL,21,'atgs','/picture-uploads/atgs/21/38.png','2025-01-09 02:53:01','2025-01-09 02:53:01'),
(41,NULL,21,'atgs','/picture-uploads/atgs/21/41.png','2025-01-09 04:31:16','2025-01-09 04:31:16'),
(42,NULL,21,'atgi','/picture-uploads/atgi/21/42.png','2025-01-09 04:35:45','2025-01-09 04:35:45'),
(43,NULL,21,'picture','/picture-uploads/picture/21/43.png','2025-01-09 04:39:04','2025-01-09 04:39:04'),
(44,NULL,21,'atgs','/picture-uploads/atgs/21/44.png','2025-01-09 05:02:05','2025-01-09 05:02:05'),
(45,NULL,98,'atgs','/picture-uploads/atgs/98/45.png','2025-01-14 22:07:12','2025-01-14 22:07:12'),
(46,NULL,98,'atgi','/picture-uploads/atgi/98/46.png','2025-01-14 22:07:59','2025-01-14 22:07:59'),
(47,NULL,98,'atgi','/picture-uploads/atgi/98/47.png','2025-01-14 22:08:55','2025-01-14 22:08:55'),
(48,NULL,98,'picture','/testing-docs/349/18.png','2025-01-14 22:14:17','2025-01-14 22:14:17'),
(49,NULL,98,'picture','/testing-docs/349/18.png','2025-01-14 22:15:29','2025-01-14 22:15:29'),
(50,NULL,98,'picture','/testing-docs/349/18.png','2025-01-14 22:15:47','2025-01-14 22:15:47'),
(51,NULL,98,'picture','/testing-docs/349/18.png','2025-01-14 22:17:21','2025-01-14 22:17:21'),
(52,NULL,98,'picture','/testing-docs/349/18.png','2025-01-14 22:18:20','2025-01-14 22:18:20'),
(53,NULL,98,'picture','/testing-docs/349/18.png','2025-01-15 04:11:55','2025-01-15 04:11:55'),
(54,NULL,98,'picture','/testing-docs/349/18.png','2025-01-15 04:15:02','2025-01-15 04:15:02'),
(55,NULL,98,'picture','/testing-docs/349/18.png','2025-01-15 04:24:13','2025-01-15 04:24:13'),
(56,NULL,98,'picture','/testing-docs/349/18.png','2025-01-15 04:24:44','2025-01-15 04:24:44'),
(57,NULL,98,'picture','/testing-docs/349/18.png','2025-01-15 04:29:24','2025-01-15 04:29:24'),
(58,NULL,98,'picture','/testing-docs/349/18.png','2025-01-15 04:30:36','2025-01-15 04:30:36'),
(59,NULL,98,'picture','/testing-docs/349/18.png','2025-01-15 04:31:51','2025-01-15 04:31:51'),
(60,NULL,98,'picture','/testing-docs/349/18.png','2025-01-15 04:32:44','2025-01-15 04:32:44'),
(61,NULL,98,'picture','/testing-docs/349/18.png','2025-01-15 04:33:40','2025-01-15 04:33:40'),
(62,NULL,98,'picture','/testing-docs/349/18.png','2025-01-15 04:35:17','2025-01-15 04:35:17'),
(63,NULL,98,'picture','/testing-docs/349/18.png','2025-01-15 04:36:48','2025-01-15 04:36:48'),
(64,NULL,98,'picture','/testing-docs/349/18.png','2025-01-15 04:39:36','2025-01-15 04:39:36'),
(65,NULL,98,'picture','/testing-docs/349/18.png','2025-01-15 04:40:11','2025-01-15 04:40:11'),
(66,NULL,481,'picture','/testing-docs/350/10.png','2025-01-16 10:59:59','2025-01-16 10:59:59'),
(67,NULL,481,'picture','/testing-docs/350/10.png','2025-01-16 11:00:58','2025-01-16 11:00:58'),
(68,NULL,481,'picture','/testing-docs/350/10.png','2025-01-16 11:03:37','2025-01-16 11:03:37'),
(69,NULL,482,'atgs','/picture-uploads/atgs/482/69.png','2025-01-16 11:47:24','2025-01-16 11:47:24'),
(71,NULL,483,'atgs','/picture-uploads/atgs/483/70.png','2025-01-16 13:56:31','2025-01-16 13:56:31'),
(73,NULL,109,'atgi','/picture-uploads/atgi/109/73.png','2025-01-20 01:53:08','2025-01-20 01:53:08'),
(74,NULL,21,'picture','/testing-docs/346/1.png','2025-01-21 11:32:34','2025-01-21 11:32:34'),
(75,NULL,21,'picture','/testing-docs/346/1.png','2025-01-21 11:41:35','2025-01-21 11:41:35'),
(76,NULL,98,'picture','/testing-docs/349/18.png','2025-01-22 21:39:10','2025-01-22 21:39:10'),
(77,NULL,98,'picture','/testing-docs/349/18.png','2025-01-22 22:16:49','2025-01-22 22:16:49'),
(78,NULL,158,'atgs','/picture-uploads/atgs/158/78.png','2025-01-27 01:54:11','2025-01-27 01:54:11'),
(79,NULL,158,'atgi','/picture-uploads/atgi/158/79.png','2025-01-27 01:54:18','2025-01-27 01:54:18'),
(80,NULL,158,'picture','/picture-uploads/picture/158/80.png','2025-01-27 01:54:29','2025-01-27 01:54:29'),
(81,NULL,65,'atgs','/picture-uploads/atgs/65/81.png','2025-01-27 02:35:08','2025-01-27 02:35:08'),
(82,NULL,65,'atgi','/picture-uploads/atgi/65/82.png','2025-01-27 02:35:24','2025-01-27 02:35:24'),
(83,NULL,65,'picture','/picture-uploads/picture/65/83.png','2025-01-27 02:35:43','2025-01-27 02:35:43'),
(92,NULL,158,'rec_log','/picture-uploads/rec_log/158/84.png','2025-01-30 13:19:09','2025-01-30 13:19:09'),
(93,NULL,151,'rec_log','/picture-uploads/rec_log/151/93.png','2025-02-10 22:32:22','2025-02-10 22:32:22'),
(94,NULL,85,'picture','/testing-docs/357/6.png','2025-02-10 23:02:04','2025-02-10 23:02:04'),
(95,NULL,85,'picture','/testing-docs/357/6.png','2025-02-10 23:03:27','2025-02-10 23:03:27'),
(96,NULL,85,'picture','/testing-docs/362/1.png','2025-02-20 05:04:00','2025-02-20 05:04:00'),
(97,NULL,85,'picture','/testing-docs/362/1.png','2025-02-20 05:04:54','2025-02-20 05:04:54'),
(98,NULL,85,'picture','/testing-docs/362/1.png','2025-02-20 05:06:45','2025-02-20 05:06:45'),
(99,NULL,85,'picture','/testing-docs/362/1.png','2025-02-20 05:09:25','2025-02-20 05:09:25'),
(100,NULL,85,'picture','/testing-docs/362/1.png','2025-02-20 05:09:52','2025-02-20 05:09:52'),
(101,NULL,85,'picture','/testing-docs/362/1.png','2025-02-20 05:10:59','2025-02-20 05:10:59'),
(102,NULL,85,'picture','/testing-docs/362/1.png','2025-02-20 05:16:57','2025-02-20 05:16:57'),
(103,NULL,85,'picture','/testing-docs/362/1.png','2025-02-20 05:18:16','2025-02-20 05:18:16'),
(104,NULL,98,'picture','/testing-docs/342/18.png','2025-02-20 13:26:50','2025-02-20 13:26:50'),
(105,NULL,98,'picture','/testing-docs/342/18.png','2025-02-20 13:27:25','2025-02-20 13:27:25'),
(106,NULL,98,'picture','/testing-docs/342/18.png','2025-02-20 13:29:54','2025-02-20 13:29:54'),
(107,NULL,98,'picture','/testing-docs/342/18.png','2025-02-20 13:31:46','2025-02-20 13:31:46'),
(108,NULL,85,'picture','/testing-docs/359/17.png','2025-02-20 13:38:20','2025-02-20 13:38:20'),
(109,NULL,85,'picture','/testing-docs/359/17.png','2025-02-20 16:37:17','2025-02-20 16:37:17'),
(110,NULL,85,'picture','/testing-docs/359/17.png','2025-02-20 16:37:39','2025-02-20 16:37:39'),
(111,NULL,109,'picture','/testing-docs/364/1.png','2025-02-21 04:13:31','2025-02-21 04:13:31'),
(112,NULL,109,'picture','/testing-docs/364/1.png','2025-02-21 04:16:21','2025-02-21 04:16:21'),
(113,NULL,85,'picture','/testing-docs/359/17.png','2025-02-21 04:29:56','2025-02-21 04:29:56'),
(114,NULL,85,'picture','/testing-docs/359/17.png','2025-02-21 04:32:38','2025-02-21 04:32:38'),
(115,NULL,85,'picture','/testing-docs/359/17.png','2025-02-21 04:34:02','2025-02-21 04:34:02'),
(116,NULL,85,'picture','/testing-docs/359/17.png','2025-02-21 04:35:11','2025-02-21 04:35:11'),
(117,NULL,85,'picture','/testing-docs/359/17.png','2025-02-21 04:36:51','2025-02-21 04:36:51'),
(118,NULL,85,'picture','/testing-docs/359/17.png','2025-02-21 04:45:46','2025-02-21 04:45:46'),
(119,NULL,85,'picture','/testing-docs/359/17.png','2025-02-21 04:46:53','2025-02-21 04:46:53'),
(120,NULL,85,'picture','/testing-docs/359/17.png','2025-02-21 04:51:53','2025-02-21 04:51:53'),
(121,NULL,85,'picture','/testing-docs/359/17.png','2025-02-21 04:55:46','2025-02-21 04:55:46'),
(122,NULL,85,'picture','/testing-docs/359/17.png','2025-02-21 04:58:51','2025-02-21 04:58:51'),
(123,NULL,85,'picture','/testing-docs/359/17.png','2025-02-21 05:01:11','2025-02-21 05:01:11'),
(124,NULL,85,'picture','/testing-docs/359/17.png','2025-02-21 05:06:32','2025-02-21 05:06:32'),
(125,NULL,85,'picture','/testing-docs/359/17.png','2025-02-21 05:08:06','2025-02-21 05:08:06'),
(126,NULL,85,'picture','/testing-docs/359/17.png','2025-02-21 05:36:53','2025-02-21 05:36:53'),
(127,NULL,109,'picture','/testing-docs/368/17.png','2025-02-21 13:05:58','2025-02-21 13:05:58'),
(128,NULL,109,'picture','/testing-docs/368/17.png','2025-02-21 13:07:04','2025-02-21 13:07:04'),
(129,NULL,109,'picture','/testing-docs/368/17.png','2025-02-21 13:13:02','2025-02-21 13:13:02'),
(130,NULL,85,'picture','/testing-docs/375/1.png','2025-02-26 05:13:55','2025-02-26 05:13:55'),
(131,NULL,85,'picture','/testing-docs/375/1.png','2025-02-26 05:15:03','2025-02-26 05:15:03'),
(132,NULL,680,'atgs','/picture-uploads/atgs/680/132.png','2025-04-09 16:57:29','2025-04-09 16:57:29'),
(133,NULL,680,'atgs','/picture-uploads/atgs/680/133.png','2025-04-09 16:57:40','2025-04-09 16:57:40'),
(134,NULL,680,'atgi','/picture-uploads/atgi/680/134.png','2025-04-09 16:57:57','2025-04-09 16:57:57'),
(135,NULL,680,'picture','/picture-uploads/picture/680/135.png','2025-04-09 16:58:13','2025-04-09 16:58:13'),
(136,NULL,680,'picture','/picture-uploads/picture/680/136.png','2025-04-09 16:58:47','2025-04-09 16:58:47'),
(137,NULL,647,'atgs','/picture-uploads/atgs/647/137.png','2025-04-10 14:24:05','2025-04-10 14:24:05'),
(138,NULL,563,'atgs','/picture-uploads/atgs/563/138.png','2025-04-10 14:51:42','2025-04-10 14:51:42'),
(139,NULL,514,'atgs','/picture-uploads/atgs/514/139.png','2025-04-10 15:04:13','2025-04-10 15:04:13'),
(140,NULL,558,'atgs','/picture-uploads/atgs/558/140.png','2025-04-10 15:46:13','2025-04-10 15:46:13'),
(141,NULL,649,'atgs','/picture-uploads/atgs/649/141.png','2025-04-10 17:43:42','2025-04-10 17:43:42'),
(142,NULL,923,'atgs','/picture-uploads/atgs/923/142.png','2025-04-11 11:42:38','2025-04-11 11:42:38'),
(143,NULL,1041,'picture','/testing-docs/393/1.png','2025-04-11 12:30:40','2025-04-11 12:30:40'),
(144,NULL,1041,'atgs','/picture-uploads/atgs/1041/144.png','2025-04-11 12:31:06','2025-04-11 12:31:06'),
(145,NULL,579,'picture','/testing-docs/394/1.png','2025-04-11 12:50:46','2025-04-11 12:50:46'),
(146,NULL,1062,'picture','/testing-docs/396/10.png','2025-04-11 13:19:03','2025-04-11 13:19:03'),
(147,NULL,211,'atgs','/picture-uploads/atgs/211/147.png','2025-04-11 14:01:06','2025-04-11 14:01:06'),
(148,NULL,611,'picture','/testing-docs/400/3.png','2025-04-11 14:16:31','2025-04-11 14:16:31'),
(149,NULL,611,'picture','/testing-docs/400/4.png','2025-04-11 14:16:31','2025-04-11 14:16:31'),
(150,NULL,611,'picture','/testing-docs/400/5.png','2025-04-11 14:16:32','2025-04-11 14:16:32'),
(151,NULL,611,'atgs','/picture-uploads/atgs/611/151.png','2025-04-11 14:16:49','2025-04-11 14:16:49'),
(152,NULL,784,'atgs','/picture-uploads/atgs/784/152.png','2025-04-11 14:32:22','2025-04-11 14:32:22'),
(153,NULL,798,'picture','/testing-docs/407/5.png','2025-04-17 12:26:46','2025-04-17 12:26:46'),
(154,NULL,798,'picture','/testing-docs/407/5.png','2025-04-17 12:26:53','2025-04-17 12:26:53'),
(155,NULL,1044,'atgs','/picture-uploads/atgs/1044/155.png','2025-04-17 14:12:03','2025-04-17 14:12:03'),
(156,NULL,1044,'picture','/testing-docs/412/11.png','2025-04-17 14:14:45','2025-04-17 14:14:45'),
(157,NULL,757,'atgs','/picture-uploads/atgs/757/157.png','2025-04-17 15:36:22','2025-04-17 15:36:22'),
(158,NULL,961,'atgs','/picture-uploads/atgs/961/158.png','2025-04-17 15:50:03','2025-04-17 15:50:03'),
(159,NULL,1072,'picture','/testing-docs/417/5.png','2025-04-17 15:59:53','2025-04-17 15:59:53'),
(160,NULL,1072,'atgs','/picture-uploads/atgs/1072/160.png','2025-04-17 16:00:10','2025-04-17 16:00:10'),
(161,NULL,988,'atgs','/picture-uploads/atgs/988/161.png','2025-04-17 16:14:52','2025-04-17 16:14:52'),
(162,NULL,544,'atgs','/picture-uploads/atgs/544/162.png','2025-04-21 11:44:06','2025-04-21 11:44:06'),
(163,NULL,1045,'atgs','/picture-uploads/atgs/1045/163.png','2025-04-21 12:01:48','2025-04-21 12:01:48'),
(165,NULL,966,'atgs','/picture-uploads/atgs/966/164.png','2025-04-22 11:44:57','2025-04-22 11:44:57'),
(166,NULL,966,'atgs','/picture-uploads/atgs/966/166.png','2025-04-22 11:54:37','2025-04-22 11:54:37'),
(167,NULL,557,'atgs','/picture-uploads/atgs/557/167.png','2025-04-22 11:56:24','2025-04-22 11:56:24'),
(168,NULL,1063,'picture','/testing-docs/437/13.png','2025-04-22 13:21:57','2025-04-22 13:21:57'),
(169,NULL,465,'atgs','/picture-uploads/atgs/465/169.png','2025-04-22 14:58:02','2025-04-22 14:58:02'),
(170,NULL,929,'atgs','/picture-uploads/atgs/929/170.png','2025-04-22 15:15:55','2025-04-22 15:15:55'),
(171,NULL,931,'atgs','/picture-uploads/atgs/931/171.png','2025-04-22 15:42:00','2025-04-22 15:42:00'),
(172,NULL,803,'picture','/testing-docs/442/2.png','2025-04-24 12:06:36','2025-04-24 12:06:36'),
(173,NULL,803,'picture','/testing-docs/442/11.png','2025-04-24 12:06:41','2025-04-24 12:06:41'),
(174,NULL,643,'atgs','/picture-uploads/atgs/643/174.png','2025-04-24 13:21:04','2025-04-24 13:21:04'),
(175,NULL,785,'atgs','/picture-uploads/atgs/785/175.png','2025-04-24 13:35:38','2025-04-24 13:35:38'),
(176,NULL,538,'atgs','/picture-uploads/atgs/538/176.png','2025-04-24 14:21:28','2025-04-24 14:21:28'),
(177,NULL,812,'atgs','/picture-uploads/atgs/812/177.png','2025-04-24 15:09:54','2025-04-24 15:09:54'),
(178,NULL,946,'atgs','/picture-uploads/atgs/946/178.png','2025-04-24 16:41:27','2025-04-24 16:41:27'),
(179,NULL,1035,'atgs','/picture-uploads/atgs/1035/179.png','2025-04-24 17:33:26','2025-04-24 17:33:26'),
(180,NULL,638,'atgs','/picture-uploads/atgs/638/180.png','2025-05-02 12:38:15','2025-05-02 12:38:15'),
(181,NULL,213,'atgs','/picture-uploads/atgs/213/181.png','2025-05-02 13:30:41','2025-05-02 13:30:41'),
(182,NULL,548,'picture','/testing-docs/462/2.png','2025-05-02 14:16:05','2025-05-02 14:16:05'),
(183,NULL,1069,'atgs','/picture-uploads/atgs/1069/183.png','2025-05-02 14:38:08','2025-05-02 14:38:08'),
(184,NULL,208,'atgs','/picture-uploads/atgs/208/184.png','2025-05-02 14:51:39','2025-05-02 14:51:39'),
(185,NULL,208,'atgi','/picture-uploads/atgi/208/185.png','2025-05-02 14:52:01','2025-05-02 14:52:01'),
(186,NULL,818,'atgs','/picture-uploads/atgs/818/186.png','2025-05-02 15:15:57','2025-05-02 15:15:57'),
(187,NULL,197,'atgs','/picture-uploads/atgs/197/187.png','2025-05-02 15:28:39','2025-05-02 15:28:39'),
(188,NULL,1071,'atgs','/picture-uploads/atgs/1071/188.png','2025-05-02 15:43:18','2025-05-02 15:43:18'),
(189,NULL,530,'picture','/testing-docs/472/13.png','2025-05-06 12:37:48','2025-05-06 12:37:48'),
(190,NULL,755,'atgi','/picture-uploads/atgi/755/190.png','2025-05-06 12:58:00','2025-05-06 12:58:00'),
(191,NULL,221,'picture','/testing-docs/476/13.png','2025-05-06 14:04:13','2025-05-06 14:04:13'),
(192,NULL,566,'atgs','/picture-uploads/atgs/566/192.png','2025-05-06 14:47:57','2025-05-06 14:47:57'),
(193,NULL,1094,'atgs','/picture-uploads/atgs/1094/193.png','2025-05-06 15:07:38','2025-05-06 15:07:38'),
(194,NULL,827,'atgs','/picture-uploads/atgs/827/194.png','2025-05-06 15:20:53','2025-05-06 15:20:53'),
(195,NULL,564,'atgs','/picture-uploads/atgs/564/195.png','2025-05-06 16:35:07','2025-05-06 16:35:07'),
(196,NULL,958,'atgs','/picture-uploads/atgs/958/196.png','2025-05-07 11:18:38','2025-05-07 11:18:38'),
(197,NULL,957,'atgs','/picture-uploads/atgs/957/197.png','2025-05-07 11:29:57','2025-05-07 11:29:57'),
(198,NULL,956,'atgs','/picture-uploads/atgs/956/198.png','2025-05-07 12:11:02','2025-05-07 12:11:02'),
(199,NULL,215,'atgs','/picture-uploads/atgs/215/199.png','2025-05-07 12:54:16','2025-05-07 12:54:16'),
(200,NULL,1036,'atgs','/picture-uploads/atgs/1036/200.png','2025-05-07 14:56:51','2025-05-07 14:56:51'),
(201,NULL,982,'picture','/testing-docs/496/3.png','2025-05-08 12:42:50','2025-05-08 12:42:50'),
(202,NULL,982,'picture','/testing-docs/496/4.png','2025-05-08 12:42:51','2025-05-08 12:42:51'),
(203,NULL,982,'picture','/testing-docs/496/5.png','2025-05-08 12:42:51','2025-05-08 12:42:51'),
(204,NULL,800,'atgs','/picture-uploads/atgs/800/204.png','2025-05-08 14:00:06','2025-05-08 14:00:06');
/*!40000 ALTER TABLE `pictures` ENABLE KEYS */;
UNLOCK TABLES;

--
-- Table structure for table `pumps`
--

DROP TABLE IF EXISTS `pumps`;
/*!40101 SET @saved_cs_client     = @@character_set_client */;
/*!40101 SET character_set_client = utf8mb4 */;
CREATE TABLE `pumps` (
  `id` int(11) NOT NULL AUTO_INCREMENT,
  `pump_number` varchar(60) NOT NULL,
  `dispense_type` varchar(300) DEFAULT NULL,
  `model` varchar(300) DEFAULT NULL,
  `payment_type` varchar(300) DEFAULT NULL,
  `installed_date` date DEFAULT NULL,
  `warr_info` varchar(600) DEFAULT NULL,
  `purch_date` date DEFAULT NULL,
  `purch_from` varchar(60) DEFAULT NULL,
  `store_id` int(11) DEFAULT NULL,
  `created_at` timestamp NULL DEFAULT NULL,
  `updated_at` timestamp NULL DEFAULT NULL,
  PRIMARY KEY (`id`),
  KEY `store_id` (`store_id`),
  CONSTRAINT `pumps_ibfk_1` FOREIGN KEY (`store_id`) REFERENCES `stores` (`id`)
) ENGINE=InnoDB AUTO_INCREMENT=153 DEFAULT CHARSET=latin1 COLLATE=latin1_swedish_ci;
/*!40101 SET character_set_client = @saved_cs_client */;

--
-- Dumping data for table `pumps`
--

LOCK TABLES `pumps` WRITE;
/*!40000 ALTER TABLE `pumps` DISABLE KEYS */;
INSERT INTO `pumps` (`id`, `pump_number`, `dispense_type`, `model`, `payment_type`, `installed_date`, `warr_info`, `purch_date`, `purch_from`, `store_id`, `created_at`, `updated_at`) VALUES (1,'1','87/89/91 and Diesel','Gilbarco Encore 700s','Flex 4','2023-04-12','1 Year','2023-03-02','A1 pump',1,'2023-10-12 21:09:32','2023-10-13 21:36:46'),
(2,'13','Diesel High Flow','Gilbarco Encore 700s','Null','2023-04-05','1 year','2023-03-22','A1 pump',1,'2023-10-13 21:40:36','2023-10-26 21:51:26'),
(3,'2','87/89/91 and Diesel','Gilbarco Encore 700s','Flex 4','2023-02-03','1 Year','2023-02-03','A1 Pump',1,'2023-10-26 21:44:44','2023-10-26 21:50:49'),
(4,'3','87/89/91 Only','Gilbarco Encore 700s','Flex 4','2023-02-03','1 Year','2023-02-03','A1 Pump',1,'2023-10-26 21:45:32','2023-10-26 21:45:32'),
(5,'4','87/89/91 Only','Gilbarco Encore 700s','Flex 4','2023-02-23','1 Year','2023-02-03','A1 Pump',1,'2023-10-26 21:46:00','2023-10-26 21:46:00'),
(6,'5','87/89/91 Only','Gilbarco Encore 700s','Flex 4','2023-02-03','1 Year','2023-02-03','A1 Pump',1,'2023-10-26 21:46:32','2023-10-26 21:46:32'),
(7,'6','87/89/91 Only','Gilbarco Encore 700s','Flex 4','2023-02-23','1 Year','2023-02-23','A1 Pump',1,'2023-10-26 21:47:27','2023-10-26 21:47:27'),
(8,'7','87/89/91 Only','Gilbarco Encore 700s','Flex 4','2023-02-23','1 Year','2023-02-23','A1 Pump',1,'2023-10-26 21:47:51','2023-10-26 21:50:41'),
(9,'8','87/89/91 Only','Gilbarco Encore 700s','Flex 4','2023-02-23','1 Year','2023-02-23','A1 Pump',1,'2023-10-26 21:48:12','2023-10-26 21:48:12'),
(10,'9','87/89/91 Only','Gilbarco Encore 700s','Flex 4','2023-02-23','1 Year','2023-02-03','A1 Pump',1,'2023-10-26 21:49:09','2023-10-26 21:49:09'),
(11,'10','87/89/91 Only','Gilbarco Encore 700s','Flex 4','2023-02-23','1 Year','2023-02-23','A1 Pump',1,'2023-10-26 21:49:31','2023-10-26 21:49:31'),
(12,'11','87/89/91 and Diesel','Gilbarco Encore 700s','Flex 4','2023-02-03','1 Year','2023-02-03','A1 Pump',1,'2023-10-26 21:50:07','2023-10-26 21:50:07'),
(13,'12','87/89/91 and Diesel','Gilbarco Encore 700s','Flex 4','2023-02-03','1 Year','0023-02-03','A1 Pump',1,'2023-10-26 21:50:31','2023-10-26 21:50:31'),
(14,'14','Diesel High Flow','Gilbarco Encore 700s','Null','2023-02-03','1 Year','2023-02-03','A1 Pump',1,'2023-10-26 21:51:16','2023-10-26 21:51:43'),
(15,'15','Diesel High Flow','Gilbarco Encore 700s','Null','2023-02-03','1 Year','2023-02-03','A1 Pump',1,'2023-10-26 21:52:08','2023-10-26 21:52:08'),
(16,'16','Diesel High Flow','Gilbarco Encore 700s','Null','2023-02-03','1 year','2023-02-03',NULL,1,'2023-10-26 21:52:30','2023-10-26 21:52:30'),
(17,'Pump 1','87/89/91 and Diesel','Gilbarco Encore 700s','Flex 4','2023-04-01','1 year','2023-04-01','Sam',10,'2023-10-27 03:22:26','2023-10-27 03:22:26'),
(18,'Pump 2','87/89/91 and Diesel','Gilbarco Encore 700s','flex 4','2023-04-01','1 year','2023-04-01','Sam',10,'2023-10-27 03:23:00','2023-10-27 03:24:23'),
(19,'Pump 3','87/89/91 Only','Gilbarco Encore 700s','Flex 4','2023-04-01','1 year','2023-04-01',NULL,10,'2023-10-27 03:23:25','2023-10-27 03:23:25'),
(20,'Pump 4','87/89/91 Only','Gilbarco Encore 700s','Flex 4','2023-04-01','1 Year','2023-04-01','Sam',10,'2023-10-27 03:23:48','2023-10-27 03:23:48'),
(21,'Pump 5','87/89/91 Only','Gilbarco Encore 700s','flex 4','2023-04-01','1 year','2023-04-01','sam',10,'2023-10-27 03:24:11','2023-10-27 03:24:29'),
(22,'Pump 6','87/89/91 Only','Gilbarco Encore 700s','Flex 4','2023-04-01','1 year','2023-04-01','Sam',10,'2023-10-27 03:24:55','2023-10-27 03:24:55'),
(23,'Pump 7','87/89/91 and Diesel','Gilbarco Encore 700s','Flex 4','2023-04-01','1 year','2023-04-01','Sam',10,'2023-10-27 03:25:16','2023-10-27 03:25:16'),
(24,'Pump 8','87/89/91 and Diesel','Gilbarco Encore 700s','Flex 4','2023-04-01','1 year','2023-04-01','Sam',10,'2023-10-27 03:25:40','2023-10-27 03:25:40'),
(25,'Pump 9','Diesel High Flow','Gilbarco Encore 700s','null','2023-04-01','1 year used','2023-04-01','Sam',10,'2023-10-27 03:26:12','2023-10-27 03:26:12'),
(26,'Pump 10','Diesel High Flow','Gilbarco Encore 700s','Flex 4','2023-04-01','used','2023-04-01','Sam',10,'2023-10-27 03:26:37','2023-10-27 03:45:09'),
(27,'1','87/89/91 and Diesel','Gilbarco 500S','Flex 4','2017-07-01',NULL,'2017-07-01',NULL,7,'2023-12-16 01:06:15','2023-12-16 01:06:15'),
(28,'2','87/89/91 and Diesel','Gilbarco 500S','Flex 4','2017-07-01',NULL,'2017-07-01',NULL,7,'2023-12-16 01:06:53','2023-12-16 01:06:53'),
(29,'3','87/89/91 Only','Gilbarco 500S','Flex 4','2017-07-01',NULL,'2017-07-01',NULL,7,'2023-12-16 01:07:20','2023-12-16 01:07:20'),
(30,'4','87/89/91 Only','Gilbarco 500S','Flex 4','2017-07-01',NULL,'2017-07-01',NULL,7,'2023-12-16 01:07:46','2023-12-16 01:07:46'),
(31,'5','87/89/91 Only','Gilbarco 500S','Flex 4','2017-07-01',NULL,'2017-07-01',NULL,7,'2023-12-16 01:08:15','2023-12-16 01:08:15'),
(32,'6','87/89/91 Only','Gilbarco 500S','Flex 4','2017-07-01',NULL,'2017-07-01',NULL,7,'2023-12-16 01:08:44','2023-12-16 01:08:44'),
(33,'7','87/89/91 Only','Gilbarco 500S','Flex 4','2017-07-01',NULL,'2017-07-01',NULL,7,'2023-12-16 01:09:20','2023-12-16 01:09:20'),
(34,'8','87/89/91 Only','Gilbarco 500S','Flex 4','2017-07-01',NULL,'2017-07-01',NULL,7,'2023-12-16 01:09:46','2023-12-16 01:09:46'),
(35,'9','87/89/91 and Diesel','Gilbarco 500S','Flex 4','2017-07-01',NULL,'2017-07-01',NULL,7,'2023-12-16 01:10:20','2023-12-16 01:10:20'),
(36,'10','87/89/91 and Diesel','Gilbarco 500S','Flex 4','2017-07-01',NULL,'2017-07-01',NULL,7,'2023-12-16 01:10:55','2023-12-16 01:10:55'),
(37,'11','Diesel High Flow','Gilbarco 500S','NO','2017-07-01',NULL,'2017-07-01',NULL,7,'2023-12-16 01:11:29','2023-12-16 01:11:29'),
(38,'12','Diesel High Flow','Gilbarco 500S','NO','2017-07-01',NULL,'2017-07-01',NULL,7,'2023-12-16 01:12:08','2023-12-16 01:12:08'),
(39,'13','Diesel High Flow','Gilbarco 500S','NO','2017-07-01',NULL,'2017-07-01',NULL,7,'2023-12-16 01:12:41','2023-12-16 01:12:41'),
(40,'14','Diesel High Flow','Gilbarco 500S','NO','2017-07-01',NULL,'2017-07-01',NULL,7,'2023-12-16 01:13:11','2023-12-16 01:13:11'),
(41,'pump 1','87/89/91 and Diesel','Gilbarco Enforce 700s',NULL,'2021-04-01','No warranty','2021-04-01','A1',2,'2024-01-19 03:34:37','2024-01-19 03:34:37'),
(42,'Pump 2','87/89/91 and Diesel','Gilbarco Enforce 700s',NULL,'2021-04-01','No Warranty','2021-04-01','A1',2,'2024-01-19 03:35:32','2024-01-19 03:35:32'),
(43,'Pump 3','87/89/91 Only','Gilbarco Enforce 700s',NULL,'2021-04-01','No Warranty','2023-04-01','A1',2,'2024-01-19 03:36:59','2024-01-19 03:36:59'),
(44,'Pump 4','87/89/91 Only','Gilbarco Enforce 700s',NULL,'2021-04-01','No Warranty','2021-04-01','A1',2,'2024-01-19 03:37:39','2024-01-19 03:59:54'),
(45,'Pump 5','87/89/91 Only','Gilbarco Enforce 700s',NULL,'2021-04-01','No Warranty','2021-04-01','A1',2,'2024-01-19 03:38:29','2024-01-19 04:00:21'),
(46,'Pump 11','87/89/91 Only','Gilbarco Enforce 700s',NULL,'2021-04-01','No Warranty','2021-04-01','A1',2,'2024-01-19 03:38:30','2024-01-19 03:59:29'),
(47,'Pump 6','87/89/91 Only','Gilbarco Enforce 700s',NULL,'2021-04-01','No Warranty','2021-04-01','A1',2,'2024-01-19 03:39:44','2024-01-19 04:00:39'),
(48,'Pump 7','87/89/91 and Diesel','Gilbarco Enforce 700s',NULL,'2021-04-01','No Warranty','2021-04-01','A1',2,'2024-01-19 03:40:34','2024-01-19 04:00:58'),
(49,'Pump 8','87/89/91 and Diesel','Gilbarco Enforce 700s',NULL,'2021-04-01','No Warranty','2023-04-01','A1',2,'2024-01-19 03:41:32','2024-01-19 03:41:32'),
(50,'pump 9','87/89/91 and Diesel','Gilbarco Enforce 700s',NULL,'2021-04-01','No Warranty','2021-04-01','A1',2,'2024-01-19 03:42:22','2024-01-19 03:42:22'),
(51,'Pump 10','87/89/91 and Diesel','Gilbarco Enforce 700s',NULL,'2021-04-01','No Warranty','2021-04-01','A1',2,'2024-01-19 03:43:09','2024-01-19 03:43:09'),
(52,'Pump 12','87/89/91 Only','Gilbarco Enforce 700s',NULL,'2021-04-01','No Warranty','2021-04-01','A1',2,'2024-01-19 04:02:04','2024-01-19 04:02:04'),
(53,'Pump 13','87/89/91 Only','Gilbarco Enforce 700s',NULL,'2021-04-01','No Warranty','2021-04-01','A1',2,'2024-01-19 04:02:55','2024-01-19 04:02:55'),
(54,'Pump 14','87/89/91 Only','Gilbarco Enforce 700s',NULL,'2021-04-01','No Warranty','2021-04-01','A1',2,'2024-01-19 04:03:35','2024-01-19 04:03:35'),
(55,'Pump 15','87/89/91 and Diesel','Gilbarco Enforce 700s',NULL,'2021-04-01','No Warranty','2021-04-01','A1',2,'2024-01-19 04:04:22','2024-01-19 04:04:22'),
(56,'Pump 16','87/89/91 and Diesel','Gilbarco Enforce 700s',NULL,'2021-04-01','No Warranty','2021-04-01','A1',2,'2024-01-19 04:04:54','2024-01-19 04:04:54'),
(57,'Pump 17','Diesel High Flow','Gilbarco Enforce 700s',NULL,'2021-04-01','No Warranty','2021-04-01','A1',2,'2024-01-19 04:05:30','2024-01-19 04:05:30'),
(58,'Pump 18','Diesel High Flow','Gilbarco Enforce 700s',NULL,'2021-04-01','No Warranty','2021-04-01','A1',2,'2024-01-19 04:06:02','2024-01-19 04:06:02'),
(59,'Pump 19','Diesel High Flow','Gilbarco Enforce 700s',NULL,'2021-04-01','No Warranty','2021-04-01','A1',2,'2024-01-19 04:06:32','2024-01-19 04:06:32'),
(60,'Pump 20','Diesel High Flow','Gilbarco Enforce 700s',NULL,'2021-04-01','No Warranty','2021-04-01','A1',2,'2024-01-19 04:07:03','2024-01-19 04:07:03'),
(61,'PUMP 1','87/89/91 Only','Encore 700','Flex 4',NULL,NULL,NULL,NULL,8,'2024-01-19 04:07:07','2024-01-19 04:49:21'),
(62,'Pump 21','Diesel High Flow','Gilbarco Enforce 700s',NULL,'2021-04-01','No Warranty','2021-04-01','A1',2,'2024-01-19 04:07:40','2024-01-19 04:07:40'),
(63,'Pump 21','Diesel High Flow','Gilbarco Enforce 700s',NULL,'2021-04-01','No Warranty','2021-04-01','A1',2,'2024-01-19 04:07:40','2024-01-19 04:07:40'),
(64,'PUMP 2','87/89/91 Only','ENCORE 700','FLEX 4','2017-04-10',NULL,NULL,NULL,8,'2024-01-19 04:49:10','2024-01-19 04:49:10'),
(65,'PUMP 3','87/89/91 Only','ENCORE 700','FLEX 4','2017-04-10',NULL,NULL,NULL,8,'2024-01-19 04:49:58','2024-01-19 04:49:58'),
(66,'PUMP 4','87/89/91 Only','ENCORE 700','FLEX 4','2017-04-10',NULL,NULL,NULL,8,'2024-01-19 04:50:19','2024-01-19 04:50:19'),
(67,'PUMP 5','87/89/91 and Diesel','ENCORE 700','FLEX 4','2017-04-10',NULL,NULL,NULL,8,'2024-01-19 04:50:48','2024-01-19 04:50:48'),
(68,'PUMP 6','87/89/91 and Diesel','ENCORE 700','FLEX 4','2017-04-10',NULL,NULL,NULL,8,'2024-01-19 04:51:11','2024-01-19 04:51:11'),
(69,'PUMP 7','87/89/91 and Diesel','Encore 700','Flex 4',NULL,NULL,NULL,NULL,8,'2024-01-19 04:51:19','2024-01-19 04:52:06'),
(70,'PUMP 8','87/89/91 and Diesel','ENCORE 700','FLEX 4','2017-04-10',NULL,NULL,NULL,8,'2024-01-19 04:51:59','2024-01-19 04:51:59'),
(71,'pump 1','87/89/91 and Diesel','Gilbarco Enforce 700s',NULL,'2019-07-26','No Warranty','2019-07-26','A1',9,'2024-01-19 23:21:21','2024-01-19 23:21:21'),
(72,'Pump 2','87/89/91 and Diesel','Gilbarco Enforce 700s',NULL,'2019-07-26','No Warranty','2019-07-26','A1',9,'2024-01-19 23:22:04','2024-01-19 23:22:04'),
(73,'Pump 3','87/89/91 Only','Gilbarco Enforce 700s',NULL,'2019-07-26','No Warranty','2019-07-26','A1',9,'2024-01-19 23:22:45','2024-01-19 23:22:45'),
(74,'Pump 4','87/89/91 Only','Gilbarco Enforce 700s',NULL,'2019-07-26','No Warranty','2019-07-26','A1',9,'2024-01-19 23:23:19','2024-01-19 23:23:19'),
(75,'Pump 5','87/89/91 Only','Gilbarco Enforce 700s',NULL,'2019-07-26','No Warranty','2019-07-26','A1',9,'2024-01-19 23:24:03','2024-01-19 23:24:03'),
(76,'Pump 6','87/89/91 Only','Gilbarco Enforce 700s',NULL,'2019-07-26','No Warranty','2019-07-26','A1',9,'2024-01-19 23:24:49','2024-01-19 23:24:49'),
(77,'Pump 7','87/89/91 and Diesel','Gilbarco Enforce 700s',NULL,'2019-07-26','No Warranty','2019-07-26','A1',9,'2024-01-19 23:26:20','2024-01-19 23:26:20'),
(78,'Pump 8','87/89/91 and Diesel','Gilbarco Enforce 700s',NULL,'2019-07-26','No Warranty','2019-07-26','A1',9,'2024-01-19 23:27:03','2024-01-19 23:27:03'),
(79,'pump 1','87/89/91 and Diesel','ENCORE 700','FLEX 4','2020-12-11',NULL,'2020-12-11',NULL,4,'2024-01-20 01:01:51','2024-01-20 01:01:51'),
(80,'pump 2','87/89/91 and Diesel','ENCORE 700','FLEX 4','2020-12-11',NULL,'2020-12-11',NULL,4,'2024-01-20 01:02:24','2024-01-20 01:02:24'),
(81,'pump 3','87/89/91 Only','ENCORE 700','FLEX4',NULL,NULL,'2020-12-11',NULL,4,'2024-01-20 01:02:31','2024-01-20 01:03:14'),
(82,'pump 4','87/89/91 Only','ENCORE 700','FLEX 4','2020-12-11',NULL,'2020-12-11',NULL,4,'2024-01-20 01:03:41','2024-01-20 01:03:41'),
(83,'pump 5','87/89/91 Only','ENCORE 700','FLEX4','2020-12-11',NULL,'2020-12-11',NULL,4,'2024-01-20 01:03:49','2024-01-20 01:04:03'),
(84,'pump 6','87/89/91 Only','ENCORE 700','FLEX4','2020-12-11',NULL,NULL,NULL,4,'2024-01-20 01:04:12','2024-01-20 01:04:45'),
(85,'pump 7','87/89/91 Only','ENCORE 700','FLEX 4','2020-12-11',NULL,'2020-12-11',NULL,4,'2024-01-20 01:05:10','2024-01-20 01:05:10'),
(86,'pump 8','87/89/91 Only','ENCORE 700','FLEX 4','2020-12-11',NULL,'2020-12-11',NULL,4,'2024-01-20 01:05:32','2024-01-20 01:05:32'),
(87,'pump 9','87/89/91 and Diesel','ENCORE 700','FLEX 4','2020-12-11',NULL,'2020-12-11',NULL,4,'2024-01-20 01:05:53','2024-01-20 01:05:53'),
(88,'pump 10','87/89/91 and Diesel','ENCORE 700','FLEX 4','2020-12-11',NULL,'2020-12-11',NULL,4,'2024-01-20 01:06:19','2024-01-20 01:06:19'),
(89,'pump 11','87/89/91 and Diesel','ENCORE 700','FLEX 4','2020-12-11',NULL,'2020-12-11',NULL,4,'2024-01-20 01:06:43','2024-01-20 01:06:43'),
(90,'pump 12','87/89/91 and Diesel','ENCORE 700','FLEX 4','2020-12-11',NULL,'2020-12-11',NULL,4,'2024-01-20 01:07:01','2024-01-20 01:07:01'),
(91,'pump 13','87/89/91 Only','ENCORE 700','FLEX 4','2020-12-11',NULL,'2020-12-11',NULL,4,'2024-01-20 01:07:31','2024-01-20 01:07:31'),
(92,'pump 14','87/89/91 Only','ENCORE 700','FLEX 4','2020-12-11',NULL,'2020-12-11',NULL,4,'2024-01-20 01:07:55','2024-01-20 01:07:55'),
(93,'pump 15','87/89/91 Only','ENCORE 700','FLEX 4','2020-12-11',NULL,'2020-12-11',NULL,4,'2024-01-20 01:08:14','2024-01-20 01:08:14'),
(94,'pump 16','87/89/91 Only','ENCORE 700','FLEX 4','2020-12-11',NULL,'2020-12-11',NULL,4,'2024-01-20 01:08:36','2024-01-20 01:08:36'),
(95,'pump 17','87/89/91 Only','ENCORE 700','FLEX 4','2020-12-11',NULL,'2020-12-11',NULL,4,'2024-01-20 01:09:03','2024-01-20 01:09:03'),
(96,'PUMP 18','87/89/91 Only','ENCORE 700','FLEX 4','2020-12-11',NULL,'2020-12-11',NULL,4,'2024-01-20 01:09:44','2024-01-20 01:09:44'),
(97,'PUMPV19','87/89/91 and Diesel','ENCORE 700','FLEX 4','2020-12-11',NULL,'2020-12-11',NULL,4,'2024-01-20 01:10:10','2024-01-20 01:10:10'),
(98,'pump 20','87/89/91 and Diesel','ENCORE 700','FLEX 4','2020-12-11',NULL,'2020-12-11',NULL,4,'2024-01-20 01:10:29','2024-01-20 01:10:29'),
(99,'PUMP 1','87/89/91 Only','ENCORE 700','FLEX 4','2021-08-09',NULL,'2021-08-09',NULL,6,'2024-01-20 03:13:20','2024-01-20 03:13:20'),
(100,'PUMP 2','87/89/91 Only','ENCORE 700','FLEX 4','2021-08-09',NULL,'2021-08-09',NULL,6,'2024-01-20 03:13:50','2024-01-20 03:13:50'),
(101,'PUMP 3','87/89/91 Only','ENCORE 700','FLEX 4','2021-08-09',NULL,'2021-08-09',NULL,6,'2024-01-20 03:14:13','2024-01-20 03:14:13'),
(102,'PUMP 4','87/89/91 Only','ENCORE 700','FLEX 4','2021-08-09',NULL,'2021-08-09',NULL,6,'2024-01-20 03:14:39','2024-01-20 03:14:39'),
(103,'PUMP 5','87/89/91 and Diesel','ENCORE 700','FLEX 4','2021-08-09',NULL,'2021-08-09',NULL,6,'2024-01-20 03:15:03','2024-01-20 03:15:03'),
(104,'PUMP 6','87/89/91 and Diesel','ENCORE 700','FLEX 4','2021-08-09',NULL,'2021-08-09',NULL,6,'2024-01-20 03:15:25','2024-01-20 03:15:25'),
(105,'PUMP 7','87/89/91 and Diesel','ENCORE 700','FLEX 4','2021-08-09',NULL,'2021-08-09',NULL,6,'2024-01-20 03:15:51','2024-01-20 03:15:51'),
(106,'PUMP 8','87/89/91 and Diesel','ENCORE 700','FLEX 4','2021-08-09',NULL,'2021-08-09',NULL,6,'2024-01-20 03:16:12','2024-01-20 03:16:12'),
(107,'PUMP 1','87/89/91 Only','ENCORE 700','FLEX 4',NULL,NULL,NULL,NULL,5,'2024-01-20 23:52:49','2024-01-20 23:52:49'),
(108,'PUMP 2','87/89/91 Only','ENCORE 700','FLEX 4',NULL,NULL,NULL,NULL,5,'2024-01-20 23:53:00','2024-01-20 23:53:00'),
(109,'PUMP 3','87/89/91 Only','ENCORE 700','FLEX 4',NULL,NULL,NULL,NULL,5,'2024-01-20 23:53:08','2024-01-20 23:53:08'),
(110,'PUMP 4','87/89/91 Only','ENCORE 700','FLEX 4',NULL,NULL,NULL,NULL,5,'2024-01-20 23:53:15','2024-01-20 23:53:15'),
(111,'PUMP 5','87/89/91 Only','ENCORE 700','FLEX 4',NULL,NULL,NULL,NULL,5,'2024-01-20 23:53:23','2024-01-20 23:53:23'),
(112,'PUMP 6','87/89/91 Only','ENCORE 700','FLEX 4',NULL,NULL,NULL,NULL,5,'2024-01-20 23:53:29','2024-01-20 23:53:29'),
(113,'PUMP 7','87/89/91 Only','ENCORE 700','FLEX 4',NULL,NULL,NULL,NULL,5,'2024-01-20 23:53:36','2024-01-20 23:53:36'),
(114,'PUMP 8','87/89/91 Only','ENCORE 700','FLEX 4',NULL,NULL,NULL,NULL,5,'2024-01-20 23:53:42','2024-01-20 23:53:42'),
(115,'pump 1','87/89/91 and Diesel','Gilbarco Enforce 700s',NULL,'2021-12-01','No Warranty','2021-12-01','A1',3,'2024-01-21 00:43:16','2024-01-21 00:43:16'),
(116,'Pump 2','87/89/91 and Diesel','Gilbarco Enforce 700s',NULL,'2021-12-01','No Warranty','2021-12-01','A1',3,'2024-01-21 00:43:52','2024-01-21 00:43:52'),
(117,'Pump 3','87/89/91 Only','Gilbarco Enforce 700s',NULL,'2021-12-01','No Warranty','2021-12-01','A1',3,'2024-01-21 00:44:40','2024-01-21 00:44:40'),
(118,'Pump 4','87/89/91 Only','Gilbarco Enforce 700s',NULL,'2021-12-01','No Warranty','2021-12-01','A1',3,'2024-01-21 00:45:14','2024-01-21 00:45:14'),
(119,'Pump 5','87/89/91 Only','Gilbarco Enforce 700s',NULL,'2021-12-01','No Warranty','2021-12-01','A1',3,'2024-01-21 00:45:40','2024-01-21 00:45:40'),
(120,'Pump 6','87/89/91 Only','Gilbarco Enforce 700s',NULL,'2021-12-01','No Warranty','2021-12-01','A1',3,'2024-01-21 00:46:17','2024-01-21 00:46:17'),
(121,'Pump 7','87/89/91 Only','Gilbarco Enforce 700s',NULL,'2021-12-01','No Warranty','2021-12-01','A1',3,'2024-01-21 00:47:11','2024-01-21 00:47:11'),
(122,'Pump 8','87/89/91 Only','Gilbarco Enforce 700s',NULL,'2021-12-01','No Warranty','2021-12-01','A1',3,'2024-01-21 00:47:46','2024-01-21 00:47:46'),
(123,'Pump 9','87/89/91 and Diesel','Gilbarco Enforce 700s',NULL,'2021-12-01','No Warranty','2021-12-01','A1',3,'2024-01-21 00:48:57','2024-01-21 00:59:20'),
(124,'Pump 10','87/89/91 and Diesel','Gilbarco Enforce 700s',NULL,'2021-12-01','No Warranty','2021-12-01','A1',3,'2024-01-21 00:58:53','2024-01-21 00:58:53'),
(125,'Pump 11','87/89/91 and Diesel','Gilbarco Enforce 700s',NULL,'2021-12-01','No Warranty','2021-12-01','A1',3,'2024-01-21 00:59:57','2024-01-21 00:59:57'),
(126,'Pump 12','87/89/91 and Diesel','Gilbarco Enforce 700s',NULL,'2021-12-01','No Warranty',NULL,'A1',3,'2024-01-21 01:00:27','2024-01-24 04:21:24'),
(127,'Pump 13','87/89/91 Only','Gilbarco Enforce 700s',NULL,'2021-12-01','No Warranty','2021-12-01','A1',3,'2024-01-21 01:00:54','2024-01-21 01:00:54'),
(128,'Pump 14','87/89/91 Only','Gilbarco Enforce 700s',NULL,'2021-12-01','No Warranty','2021-12-01','A1',3,'2024-01-21 01:01:19','2024-01-21 01:01:19'),
(129,'Pump 15','87/89/91 Only','Gilbarco Enforce 700s',NULL,'2021-12-01','No Warranty','2021-12-01','A1',3,'2024-01-21 01:01:57','2024-01-21 01:01:57'),
(130,'Pump 16','87/89/91 Only','Gilbarco Enforce 700s',NULL,'2021-12-01','No Warranty`','2021-12-01','A1',3,'2024-01-21 01:02:22','2024-01-21 01:02:22'),
(131,'Pump 17','87/89/91 Only','Gilbarco Enforce 700s',NULL,'2021-12-01','No Warranty','2021-12-01','A1',3,'2024-01-21 01:02:59','2024-01-21 01:02:59'),
(132,'Pump 18','87/89/91 Only','Gilbarco Enforce 700s',NULL,'2021-12-01','No Warranty','2021-12-01','A1',3,'2024-01-21 01:03:39','2024-01-21 01:03:39'),
(133,'Pump 19','87/89/91 and Diesel','Gilbarco Enforce 700s',NULL,'2021-12-01','No Warranty','2021-12-01','A1',3,'2024-01-21 01:05:18','2024-01-21 01:05:18'),
(134,'Pump 20','87/89/91 and Diesel','Gilbarco Enforce 700s',NULL,'2021-12-01','No Warranty','2021-12-01','A1',3,'2024-01-21 01:06:05','2024-01-21 01:06:05'),
(135,'Pump 21','Diesel High Flow','Gilbarco Enforce 700s',NULL,'2021-12-01','No Warranty','2021-12-01','A1',3,'2024-01-21 01:06:57','2024-01-21 01:06:57'),
(136,'Pump 22','Diesel High Flow','Gilbarco Enforce 700s',NULL,'2021-12-01','No Warranty','2021-12-01','A1',3,'2024-01-21 01:07:24','2024-01-21 01:07:24'),
(137,'Pump 23','Diesel High Flow','Gilbarco Enforce 700s',NULL,'2021-12-01','No Warranty','2021-12-01','A1',3,'2024-01-21 01:08:02','2024-01-21 01:08:02'),
(138,'Pump 24','Diesel High Flow','Gilbarco Enforce 700s',NULL,'2021-12-01','No Warranty','2021-12-01','A1',3,'2024-01-21 01:08:29','2024-01-21 01:08:29'),
(139,'Pump 25','Diesel High Flow','Gilbarco Enforce 700s',NULL,'2021-12-01','No Warranty','2021-12-01','A1',3,'2024-01-21 01:12:08','2024-01-21 01:12:08'),
(140,'Pump 26','Diesel High Flow','Gilbarco Enforce 700s',NULL,'2021-12-01','No Warranty','2021-12-01','A1',3,'2024-01-21 01:12:49','2024-01-21 01:12:49'),
(141,'Pump 1','87/89/91 and Diesel','Gilbarco Encore 700s','Flex 4','2024-03-04',NULL,'2024-03-04','Express Equipment Inc',17,'2024-03-05 22:54:45','2024-03-05 22:54:45'),
(142,'Pump 2','87/89/91 and Diesel','Gilbarco Encore 700s','Flex 4','2024-03-04',NULL,'2024-03-04','Express Equipment Inc',17,'2024-03-05 22:55:06','2024-03-05 22:55:15'),
(143,'Pump 3','87/89/91 Only','Gilbarco Encore 700s','Flex 4','2024-03-04',NULL,'2024-03-04','Express Equipment Inc',17,'2024-03-05 22:55:34','2024-03-05 22:55:34'),
(144,'Pump 4','87/89/91 Only','Gilbarco Encore 700s','Flex 4','2024-03-04',NULL,'2024-03-04','Express Equipment Inc',17,'2024-03-05 22:55:55','2024-03-05 22:55:55'),
(145,'Pump 5','87/89/91 Only','Gilbarco Encore 700s','Flex 4','2024-03-04',NULL,'2024-03-04','Express Equipment Inc',17,'2024-03-05 22:56:11','2024-03-05 22:56:11'),
(146,'Pump 6','87/89/91 Only','Gilbarco Encore 700s','Flex 4','2024-03-04',NULL,'2024-03-04','Express Equipment Inc',17,'2024-03-05 22:56:33','2024-03-05 22:56:33'),
(147,'Pump 7','87/89/91 and Diesel','Gilbarco Encore 700s','Flex 4','2024-03-04',NULL,'2024-03-04','Express Equipment Inc',17,'2024-03-05 22:56:52','2024-03-05 22:56:52'),
(148,'Pump 8','87/89/91 and Diesel','Gilbarco Encore 700s','Flex 4','2024-03-04',NULL,'2024-03-04','Express Equipment Inc',17,'2024-03-05 22:57:12','2024-03-05 22:57:12'),
(149,'Pump 9','Diesel High Flow','Gilbarco Encore 700s','Null','2024-03-04',NULL,'2024-03-04','Express Equipment Inc',17,'2024-03-05 22:57:33','2024-03-05 22:57:33'),
(150,'Pump 10','Diesel High Flow','Gilbarco Encore 700s','Null','2024-03-04',NULL,'2024-03-04','Express Equipment Inc',17,'2024-03-05 22:57:50','2024-03-05 22:57:50'),
(151,'Pump 11','Diesel High Flow','Gilbarco Encore 700s','Null','2024-03-04',NULL,'2024-03-04','Express Equipment Inc',17,'2024-03-05 22:58:22','2024-03-05 22:58:22'),
(152,'Pump 12','Diesel High Flow','Gilbarco Encore 700s','Null','2024-03-04',NULL,'2024-03-04','Express Equipment Inc',17,'2024-03-05 22:58:40','2024-03-05 22:58:40');
/*!40000 ALTER TABLE `pumps` ENABLE KEYS */;
UNLOCK TABLES;

--
-- Table structure for table `ro_locations`
--

DROP TABLE IF EXISTS `ro_locations`;
/*!40101 SET @saved_cs_client     = @@character_set_client */;
/*!40101 SET character_set_client = utf8mb4 */;
CREATE TABLE `ro_locations` (
  `id` int(11) NOT NULL AUTO_INCREMENT,
  `route_id` int(11) NOT NULL,
  `cus_id` bigint(20) unsigned NOT NULL,
  `amount` varchar(20) DEFAULT NULL,
  `created_at` timestamp NULL DEFAULT NULL,
  `updated_at` timestamp NULL DEFAULT NULL,
  PRIMARY KEY (`id`),
  KEY `route_id` (`route_id`),
  KEY `cus_id` (`cus_id`),
  CONSTRAINT `ro_locations_ibfk_1` FOREIGN KEY (`route_id`) REFERENCES `routes` (`id`),
  CONSTRAINT `ro_locations_ibfk_2` FOREIGN KEY (`cus_id`) REFERENCES `users` (`id`)
) ENGINE=InnoDB AUTO_INCREMENT=1011 DEFAULT CHARSET=utf8mb4 COLLATE=utf8mb4_general_ci;
/*!40101 SET character_set_client = @saved_cs_client */;

--
-- Dumping data for table `ro_locations`
--

LOCK TABLES `ro_locations` WRITE;
/*!40000 ALTER TABLE `ro_locations` DISABLE KEYS */;
INSERT INTO `ro_locations` (`id`, `route_id`, `cus_id`, `amount`, `created_at`, `updated_at`) VALUES (69,19,21,'1111','2024-06-07 14:16:28','2024-06-07 14:16:28'),
(74,20,21,'1000','2024-06-09 05:36:42','2024-06-09 05:36:42'),
(76,21,21,'1000','2024-06-09 05:38:23','2024-06-09 05:38:23'),
(78,22,21,'250','2024-06-25 15:08:44','2024-06-25 15:08:44'),
(81,23,21,'100','2024-07-21 14:29:08','2024-07-21 14:29:08'),
(86,25,21,'100','2024-07-21 16:01:00','2024-07-21 16:01:00'),
(94,26,21,'1000','2024-07-24 12:11:45','2024-07-24 12:11:45'),
(138,29,64,'250','2024-07-30 05:00:59','2024-07-30 05:00:59'),
(139,29,65,'125','2024-07-30 05:00:59','2024-07-30 05:00:59'),
(140,29,66,'125','2024-07-30 05:00:59','2024-07-30 05:00:59'),
(141,29,67,'125','2024-07-30 05:00:59','2024-07-30 05:00:59'),
(142,29,70,'125','2024-07-30 05:00:59','2024-07-30 05:00:59'),
(143,29,71,'125','2024-07-30 05:00:59','2024-07-30 05:00:59'),
(144,29,72,'125','2024-07-30 05:00:59','2024-07-30 05:00:59'),
(145,29,73,'125','2024-07-30 05:00:59','2024-07-30 05:00:59'),
(146,29,74,'125','2024-07-30 05:00:59','2024-07-30 05:00:59'),
(147,29,75,'125','2024-07-30 05:00:59','2024-07-30 05:00:59'),
(175,30,21,'123','2024-08-09 15:02:03','2024-08-09 15:02:03'),
(176,31,85,'125','2024-08-10 19:52:25','2024-08-10 19:52:25'),
(177,31,84,'125','2024-08-10 19:52:25','2024-08-10 19:52:25'),
(178,32,98,'125','2024-08-22 06:12:46','2024-08-22 06:12:46'),
(179,33,109,'125','2024-09-05 02:06:02','2024-09-05 02:06:02'),
(180,33,110,'125','2024-09-05 02:06:02','2024-09-05 02:06:02'),
(181,34,21,'125','2024-10-01 02:37:26','2024-10-01 02:37:26'),
(211,37,1074,'125.00','2025-02-26 00:08:28','2025-02-26 00:08:28'),
(225,28,895,'125','2025-02-28 23:05:33','2025-02-28 23:05:33'),
(226,28,81,'125','2025-02-28 23:05:33','2025-02-28 23:05:33'),
(227,28,82,'125','2025-02-28 23:05:33','2025-02-28 23:05:33'),
(228,28,83,'125','2025-02-28 23:05:33','2025-02-28 23:05:33'),
(229,28,625,'125','2025-02-28 23:05:33','2025-02-28 23:05:33'),
(230,28,84,'125','2025-02-28 23:05:33','2025-02-28 23:05:33'),
(231,28,85,'125','2025-02-28 23:05:33','2025-02-28 23:05:33'),
(232,28,90,'125','2025-02-28 23:05:33','2025-02-28 23:05:33'),
(233,28,438,'125','2025-02-28 23:05:33','2025-02-28 23:05:33'),
(234,28,89,'125','2025-02-28 23:05:33','2025-02-28 23:05:33'),
(235,28,88,'125','2025-02-28 23:05:33','2025-02-28 23:05:33'),
(236,28,87,'125','2025-02-28 23:05:33','2025-02-28 23:05:33'),
(237,28,86,'125','2025-02-28 23:05:33','2025-02-28 23:05:33'),
(238,38,649,'115','2025-04-09 13:55:26','2025-04-09 13:55:26'),
(239,38,651,'115','2025-04-09 13:55:26','2025-04-09 13:55:26'),
(240,38,521,'115','2025-04-09 13:55:26','2025-04-09 13:55:26'),
(241,38,650,'115','2025-04-09 13:55:26','2025-04-09 13:55:26'),
(242,38,531,'115','2025-04-09 13:55:26','2025-04-09 13:55:26'),
(243,38,558,'115','2025-04-09 13:55:26','2025-04-09 13:55:26'),
(244,38,648,'115','2025-04-09 13:55:26','2025-04-09 13:55:26'),
(245,38,514,'115','2025-04-09 13:55:26','2025-04-09 13:55:26'),
(246,38,563,'115','2025-04-09 13:55:26','2025-04-09 13:55:26'),
(247,38,647,'115','2025-04-09 13:55:26','2025-04-09 13:55:26'),
(273,39,923,'115','2025-04-10 13:17:42','2025-04-10 13:17:42'),
(274,39,533,'115','2025-04-10 13:17:42','2025-04-10 13:17:42'),
(275,39,1041,'115','2025-04-10 13:17:42','2025-04-10 13:17:42'),
(276,39,579,'115','2025-04-10 13:17:42','2025-04-10 13:17:42'),
(277,39,614,'115','2025-04-10 13:17:42','2025-04-10 13:17:42'),
(278,39,1062,'115','2025-04-10 13:17:42','2025-04-10 13:17:42'),
(279,39,596,'115','2025-04-10 13:17:42','2025-04-10 13:17:42'),
(280,39,211,'115','2025-04-10 13:17:42','2025-04-10 13:17:42'),
(281,39,600,'115','2025-04-10 13:17:42','2025-04-10 13:17:42'),
(282,39,611,'115','2025-04-10 13:17:42','2025-04-10 13:17:42'),
(283,39,784,'115','2025-04-10 13:17:42','2025-04-10 13:17:42'),
(284,39,770,'115','2025-04-10 13:17:42','2025-04-10 13:17:42'),
(285,39,1089,'115','2025-04-10 13:17:42','2025-04-10 13:17:42'),
(325,41,801,'115','2025-04-16 09:38:40','2025-04-16 09:38:40'),
(326,41,809,'115','2025-04-16 09:38:40','2025-04-16 09:38:40'),
(327,41,798,'115','2025-04-16 09:38:40','2025-04-16 09:38:40'),
(328,41,194,'115','2025-04-16 09:38:40','2025-04-16 09:38:40'),
(329,41,549,'115','2025-04-16 09:38:40','2025-04-16 09:38:40'),
(330,41,844,'115','2025-04-16 09:38:40','2025-04-16 09:38:40'),
(331,41,1030,'115','2025-04-16 09:38:40','2025-04-16 09:38:40'),
(332,41,1044,'115','2025-04-16 09:38:40','2025-04-16 09:38:40'),
(333,41,203,'115','2025-04-16 09:38:40','2025-04-16 09:38:40'),
(334,41,836,'115','2025-04-16 09:38:40','2025-04-16 09:38:40'),
(335,41,757,'115','2025-04-16 09:38:40','2025-04-16 09:38:40'),
(336,41,961,'115','2025-04-16 09:38:40','2025-04-16 09:38:40'),
(337,41,1072,'115','2025-04-16 09:38:40','2025-04-16 09:38:40'),
(338,41,988,'115','2025-04-16 09:38:40','2025-04-16 09:38:40'),
(339,41,1093,'115','2025-04-16 09:38:40','2025-04-16 09:38:40'),
(340,42,535,'140','2025-04-16 09:41:47','2025-04-16 09:41:47'),
(341,42,544,'140','2025-04-16 09:41:47','2025-04-16 09:41:47'),
(342,42,1045,'125','2025-04-16 09:41:47','2025-04-16 09:41:47'),
(343,42,781,'125','2025-04-16 09:41:47','2025-04-16 09:41:47'),
(344,42,1007,'125','2025-04-16 09:41:47','2025-04-16 09:41:47'),
(345,42,220,'125','2025-04-16 09:41:47','2025-04-16 09:41:47'),
(346,42,550,'125','2025-04-16 09:41:47','2025-04-16 09:41:47'),
(347,42,921,'125','2025-04-16 09:41:47','2025-04-16 09:41:47'),
(348,42,536,'125','2025-04-16 09:41:47','2025-04-16 09:41:47'),
(349,42,537,'125','2025-04-16 09:41:47','2025-04-16 09:41:47'),
(350,43,465,'115','2025-04-21 20:54:06','2025-04-21 20:54:06'),
(351,43,555,'115','2025-04-21 20:54:06','2025-04-21 20:54:06'),
(352,43,953,'115','2025-04-21 20:54:06','2025-04-21 20:54:06'),
(353,43,557,'115','2025-04-21 20:54:06','2025-04-21 20:54:06'),
(354,43,912,'115','2025-04-21 20:54:06','2025-04-21 20:54:06'),
(355,43,929,'115','2025-04-21 20:54:06','2025-04-21 20:54:06'),
(356,43,931,'115','2025-04-21 20:54:06','2025-04-21 20:54:06'),
(357,43,1060,'115','2025-04-21 20:54:06','2025-04-21 20:54:06'),
(358,43,1063,'115','2025-04-21 20:54:06','2025-04-21 20:54:06'),
(359,43,993,'115','2025-04-21 20:54:06','2025-04-21 20:54:06'),
(360,43,966,'115','2025-04-21 20:54:06','2025-04-21 20:54:06'),
(361,44,643,'150','2025-04-21 21:00:34','2025-04-21 21:00:34'),
(362,44,646,'125','2025-04-21 21:00:34','2025-04-21 21:00:34'),
(363,44,785,'150','2025-04-21 21:00:34','2025-04-21 21:00:34'),
(364,44,803,'125','2025-04-21 21:00:34','2025-04-21 21:00:34'),
(365,44,812,'150','2025-04-21 21:00:34','2025-04-21 21:00:34'),
(366,44,821,'125','2025-04-21 21:00:34','2025-04-21 21:00:34'),
(367,44,946,'150','2025-04-21 21:00:34','2025-04-21 21:00:34'),
(368,44,1035,'150','2025-04-21 21:00:34','2025-04-21 21:00:34'),
(369,44,977,'125','2025-04-21 21:00:34','2025-04-21 21:00:34'),
(370,44,959,'200','2025-04-21 21:00:34','2025-04-21 21:00:34'),
(371,44,965,'125','2025-04-21 21:00:34','2025-04-21 21:00:34'),
(372,44,198,'150','2025-04-21 21:00:34','2025-04-21 21:00:34'),
(373,44,538,'150','2025-04-21 21:00:34','2025-04-21 21:00:34'),
(464,48,213,'115','2025-04-24 10:18:31','2025-04-24 10:18:31'),
(465,48,193,'115','2025-04-24 10:18:31','2025-04-24 10:18:31'),
(466,48,765,'115','2025-04-24 10:18:31','2025-04-24 10:18:31'),
(467,48,1026,'115','2025-04-24 10:18:31','2025-04-24 10:18:31'),
(468,48,539,'115','2025-04-24 10:18:31','2025-04-24 10:18:31'),
(469,48,548,'115','2025-04-24 10:18:31','2025-04-24 10:18:31'),
(470,48,1069,'115','2025-04-24 10:18:31','2025-04-24 10:18:31'),
(471,48,208,'115','2025-04-24 10:18:31','2025-04-24 10:18:31'),
(472,48,788,'115','2025-04-24 10:18:31','2025-04-24 10:18:31'),
(473,48,815,'115','2025-04-24 10:18:31','2025-04-24 10:18:31'),
(474,48,638,'115','2025-04-24 10:18:31','2025-04-24 10:18:31'),
(475,48,553,'115','2025-04-24 10:18:31','2025-04-24 10:18:31'),
(476,48,197,'115','2025-04-24 10:18:31','2025-04-24 10:18:31'),
(477,48,1071,'115','2025-04-24 10:18:31','2025-04-24 10:18:31'),
(478,48,818,'115','2025-04-24 10:18:31','2025-04-24 10:18:31'),
(671,65,769,'152','2025-05-02 19:27:24','2025-05-02 19:27:24'),
(672,65,978,'150','2025-05-02 19:27:24','2025-05-02 19:27:24'),
(673,65,1090,'125','2025-05-02 19:27:24','2025-05-02 19:27:24'),
(674,65,909,'125','2025-05-02 19:27:24','2025-05-02 19:27:24'),
(675,65,979,'125','2025-05-02 19:27:24','2025-05-02 19:27:24'),
(676,65,951,'125','2025-05-02 19:27:24','2025-05-02 19:27:24'),
(677,65,640,'125','2025-05-02 19:27:24','2025-05-02 19:27:24'),
(678,65,1110,'125','2025-05-02 19:27:24','2025-05-02 19:27:24'),
(679,65,790,'125','2025-05-02 19:27:24','2025-05-02 19:27:24'),
(680,65,910,'125','2025-05-02 19:27:24','2025-05-02 19:27:24'),
(681,65,618,'125','2025-05-02 19:27:24','2025-05-02 19:27:24'),
(682,65,1111,'125','2025-05-02 19:27:24','2025-05-02 19:27:24'),
(683,65,748,'125','2025-05-02 19:27:24','2025-05-02 19:27:24'),
(684,65,1034,'125','2025-05-02 19:27:24','2025-05-02 19:27:24'),
(685,66,582,'150','2025-05-02 19:31:50','2025-05-02 19:31:50'),
(686,66,778,'150','2025-05-02 19:31:50','2025-05-02 19:31:50'),
(687,66,589,'150','2025-05-02 19:31:50','2025-05-02 19:31:50'),
(688,66,1015,'150','2025-05-02 19:31:50','2025-05-02 19:31:50'),
(689,66,1016,'150','2025-05-02 19:31:50','2025-05-02 19:31:50'),
(690,66,750,'150','2025-05-02 19:31:50','2025-05-02 19:31:50'),
(691,66,828,'150','2025-05-02 19:31:50','2025-05-02 19:31:50'),
(692,66,1064,'150','2025-05-02 19:31:50','2025-05-02 19:31:50'),
(693,66,917,'150','2025-05-02 19:31:50','2025-05-02 19:31:50'),
(694,66,1011,'150','2025-05-02 19:31:50','2025-05-02 19:31:50'),
(695,66,1012,'150','2025-05-02 19:31:50','2025-05-02 19:31:50'),
(696,66,804,'150','2025-05-02 19:31:50','2025-05-02 19:31:50'),
(697,66,1103,'150','2025-05-02 19:31:50','2025-05-02 19:31:50'),
(698,66,518,'150','2025-05-02 19:31:50','2025-05-02 19:31:50'),
(699,66,1003,'150','2025-05-02 19:31:50','2025-05-02 19:31:50'),
(700,66,590,'150','2025-05-02 19:31:50','2025-05-02 19:31:50'),
(701,66,963,'150','2025-05-02 19:31:50','2025-05-02 19:31:50'),
(702,66,794,'150','2025-05-02 19:31:50','2025-05-02 19:31:50'),
(703,66,591,'150','2025-05-02 19:31:50','2025-05-02 19:31:50'),
(704,66,224,'150','2025-05-02 19:31:50','2025-05-02 19:31:50'),
(705,66,489,'150','2025-05-02 19:31:50','2025-05-02 19:31:50'),
(706,66,532,'150','2025-05-02 19:31:50','2025-05-02 19:31:50'),
(707,67,993,'115','2025-05-02 19:34:43','2025-05-02 19:34:43'),
(708,67,1063,'115','2025-05-02 19:34:43','2025-05-02 19:34:43'),
(709,67,912,'115','2025-05-02 19:34:43','2025-05-02 19:34:43'),
(710,67,1060,'115','2025-05-02 19:34:43','2025-05-02 19:34:43'),
(711,67,953,'115','2025-05-02 19:34:43','2025-05-02 19:34:43'),
(712,67,555,'115','2025-05-02 19:34:43','2025-05-02 19:34:43'),
(713,67,465,'115','2025-05-02 19:34:43','2025-05-02 19:34:43'),
(714,67,929,'115','2025-05-02 19:34:43','2025-05-02 19:34:43'),
(715,67,931,'115','2025-05-02 19:34:43','2025-05-02 19:34:43'),
(716,67,966,'115','2025-05-02 19:34:43','2025-05-02 19:34:43'),
(717,67,557,'115','2025-05-02 19:34:43','2025-05-02 19:34:43'),
(718,68,752,'115','2025-05-02 19:38:05','2025-05-02 19:38:05'),
(719,68,1104,'115','2025-05-02 19:38:05','2025-05-02 19:38:05'),
(720,68,1043,'115','2025-05-02 19:38:05','2025-05-02 19:38:05'),
(721,68,1022,'115','2025-05-02 19:38:05','2025-05-02 19:38:05'),
(722,68,987,'115','2025-05-02 19:38:05','2025-05-02 19:38:05'),
(723,68,556,'115','2025-05-02 19:38:05','2025-05-02 19:38:05'),
(724,68,1040,'115','2025-05-02 19:38:05','2025-05-02 19:38:05'),
(725,68,222,'115','2025-05-02 19:38:05','2025-05-02 19:38:05'),
(726,68,746,'115','2025-05-02 19:38:05','2025-05-02 19:38:05'),
(727,68,948,'115','2025-05-02 19:38:05','2025-05-02 19:38:05'),
(728,68,945,'115','2025-05-02 19:38:05','2025-05-02 19:38:05'),
(729,68,560,'115','2025-05-02 19:38:05','2025-05-02 19:38:05'),
(730,68,612,'115','2025-05-02 19:38:05','2025-05-02 19:38:05'),
(731,57,583,'125','2025-05-02 19:38:26','2025-05-02 19:38:26'),
(732,57,764,'125','2025-05-02 19:38:26','2025-05-02 19:38:26'),
(733,57,955,'125','2025-05-02 19:38:26','2025-05-02 19:38:26'),
(734,57,933,'125','2025-05-02 19:38:26','2025-05-02 19:38:26'),
(735,57,1002,'125','2025-05-02 19:38:26','2025-05-02 19:38:26'),
(736,57,831,'125','2025-05-02 19:38:26','2025-05-02 19:38:26'),
(737,57,911,'125','2025-05-02 19:38:26','2025-05-02 19:38:26'),
(738,57,763,'125','2025-05-02 19:38:26','2025-05-02 19:38:26'),
(739,57,807,'125','2025-05-02 19:38:26','2025-05-02 19:38:26'),
(740,57,981,'125','2025-05-02 19:38:26','2025-05-02 19:38:26'),
(741,57,543,'125','2025-05-02 19:38:26','2025-05-02 19:38:26'),
(742,57,619,'125','2025-05-02 19:38:26','2025-05-02 19:38:26'),
(743,57,185,'125','2025-05-02 19:38:26','2025-05-02 19:38:26'),
(744,57,842,'125','2025-05-02 19:38:26','2025-05-02 19:38:26'),
(745,56,1001,'115','2025-05-02 19:38:37','2025-05-02 19:38:37'),
(746,56,982,'115','2025-05-02 19:38:37','2025-05-02 19:38:37'),
(747,56,1042,'115','2025-05-02 19:38:37','2025-05-02 19:38:37'),
(748,56,214,'115','2025-05-02 19:38:37','2025-05-02 19:38:37'),
(749,56,595,'115','2025-05-02 19:38:37','2025-05-02 19:38:37'),
(750,56,1061,'115','2025-05-02 19:38:37','2025-05-02 19:38:37'),
(751,56,832,'115','2025-05-02 19:38:37','2025-05-02 19:38:37'),
(752,56,986,'115','2025-05-02 19:38:37','2025-05-02 19:38:37'),
(753,56,800,'115','2025-05-02 19:38:37','2025-05-02 19:38:37'),
(754,56,819,'115','2025-05-02 19:38:37','2025-05-02 19:38:37'),
(755,55,192,'125','2025-05-02 19:41:11','2025-05-02 19:41:11'),
(756,55,523,'150','2025-05-02 19:41:11','2025-05-02 19:41:11'),
(757,55,635,'125','2025-05-02 19:41:11','2025-05-02 19:41:11'),
(758,55,634,'125','2025-05-02 19:41:11','2025-05-02 19:41:11'),
(759,55,526,'125','2025-05-02 19:41:11','2025-05-02 19:41:11'),
(760,55,522,'150','2025-05-02 19:41:11','2025-05-02 19:41:11'),
(761,55,593,'125','2025-05-02 19:41:11','2025-05-02 19:41:11'),
(762,55,554,'125','2025-05-02 19:41:11','2025-05-02 19:41:11'),
(763,55,636,'125','2025-05-02 19:41:11','2025-05-02 19:41:11'),
(764,55,216,'125','2025-05-02 19:41:11','2025-05-02 19:41:11'),
(765,55,207,'125','2025-05-02 19:41:11','2025-05-02 19:41:11'),
(766,55,509,'125','2025-05-02 19:41:11','2025-05-02 19:41:11'),
(767,55,633,'125','2025-05-02 19:41:11','2025-05-02 19:41:11'),
(768,55,195,'125','2025-05-02 19:41:11','2025-05-02 19:41:11'),
(769,55,632,'125','2025-05-02 19:41:11','2025-05-02 19:41:11'),
(770,54,958,'150','2025-05-02 19:41:21','2025-05-02 19:41:21'),
(771,54,957,'150','2025-05-02 19:41:21','2025-05-02 19:41:21'),
(772,54,956,'150','2025-05-02 19:41:21','2025-05-02 19:41:21'),
(773,54,215,'150','2025-05-02 19:41:21','2025-05-02 19:41:21'),
(774,54,639,'150','2025-05-02 19:41:21','2025-05-02 19:41:21'),
(775,54,642,'150','2025-05-02 19:41:21','2025-05-02 19:41:21'),
(776,54,1036,'150','2025-05-02 19:41:21','2025-05-02 19:41:21'),
(777,54,1037,'150','2025-05-02 19:41:21','2025-05-02 19:41:21'),
(778,54,641,'150','2025-05-02 19:41:21','2025-05-02 19:41:21'),
(779,53,565,'150','2025-05-02 19:41:39','2025-05-02 19:41:39'),
(780,53,826,'150','2025-05-02 19:41:39','2025-05-02 19:41:39'),
(781,53,1054,'150','2025-05-02 19:41:39','2025-05-02 19:41:39'),
(782,53,573,'150','2025-05-02 19:41:39','2025-05-02 19:41:39'),
(783,53,989,'150','2025-05-02 19:41:39','2025-05-02 19:41:39'),
(784,53,816,'150','2025-05-02 19:41:39','2025-05-02 19:41:39'),
(796,52,542,'140','2025-05-02 19:41:51','2025-05-02 19:41:51'),
(797,52,835,'140','2025-05-02 19:41:51','2025-05-02 19:41:51'),
(798,52,837,'140','2025-05-02 19:41:51','2025-05-02 19:41:51'),
(799,52,1067,'140','2025-05-02 19:41:51','2025-05-02 19:41:51'),
(800,52,1068,'140','2025-05-02 19:41:51','2025-05-02 19:41:51'),
(801,52,913,'140','2025-05-02 19:41:51','2025-05-02 19:41:51'),
(802,52,952,'140','2025-05-02 19:41:51','2025-05-02 19:41:51'),
(803,52,806,'140','2025-05-02 19:41:51','2025-05-02 19:41:51'),
(804,52,601,'140','2025-05-02 19:41:51','2025-05-02 19:41:51'),
(805,52,1029,'140','2025-05-02 19:41:51','2025-05-02 19:41:51'),
(806,52,1004,'140','2025-05-02 19:41:51','2025-05-02 19:41:51'),
(807,51,768,'115','2025-05-02 19:42:02','2025-05-02 19:42:02'),
(808,51,609,'115','2025-05-02 19:42:02','2025-05-02 19:42:02'),
(809,51,1006,'115','2025-05-02 19:42:02','2025-05-02 19:42:02'),
(810,51,954,'115','2025-05-02 19:42:02','2025-05-02 19:42:02'),
(811,51,755,'115','2025-05-02 19:42:02','2025-05-02 19:42:02'),
(812,51,530,'115','2025-05-02 19:42:02','2025-05-02 19:42:02'),
(813,51,578,'115','2025-05-02 19:42:02','2025-05-02 19:42:02'),
(814,51,221,'115','2025-05-02 19:42:02','2025-05-02 19:42:02'),
(815,51,1052,'115','2025-05-02 19:42:02','2025-05-02 19:42:02'),
(816,51,566,'115','2025-05-02 19:42:02','2025-05-02 19:42:02'),
(817,51,1094,'115','2025-05-02 19:42:02','2025-05-02 19:42:02'),
(818,51,827,'115','2025-05-02 19:42:02','2025-05-02 19:42:02'),
(819,51,564,'115','2025-05-02 19:42:02','2025-05-02 19:42:02'),
(820,50,629,'115','2025-05-02 19:42:20','2025-05-02 19:42:20'),
(821,50,628,'115','2025-05-02 19:42:20','2025-05-02 19:42:20'),
(822,50,485,'115','2025-05-02 19:42:20','2025-05-02 19:42:20'),
(823,50,467,'115','2025-05-02 19:42:20','2025-05-02 19:42:20'),
(824,50,219,'115','2025-05-02 19:42:20','2025-05-02 19:42:20'),
(825,50,627,'115','2025-05-02 19:42:20','2025-05-02 19:42:20'),
(826,50,631,'115','2025-05-02 19:42:20','2025-05-02 19:42:20'),
(827,50,630,'115','2025-05-02 19:42:20','2025-05-02 19:42:20'),
(838,58,1096,'115','2025-05-02 19:42:36','2025-05-02 19:42:36'),
(839,58,994,'115','2025-05-02 19:42:36','2025-05-02 19:42:36'),
(840,58,1099,'115','2025-05-02 19:42:36','2025-05-02 19:42:36'),
(841,58,932,'115','2025-05-02 19:42:36','2025-05-02 19:42:36'),
(842,58,943,'115','2025-05-02 19:42:36','2025-05-02 19:42:36'),
(843,58,783,'115','2025-05-02 19:42:36','2025-05-02 19:42:36'),
(844,58,204,'115','2025-05-02 19:42:36','2025-05-02 19:42:36'),
(845,58,1024,'115','2025-05-02 19:42:36','2025-05-02 19:42:36'),
(846,58,1098,'115','2025-05-02 19:42:36','2025-05-02 19:42:36'),
(847,58,1091,'115','2025-05-02 19:42:36','2025-05-02 19:42:36'),
(848,59,834,'115','2025-05-02 19:42:58','2025-05-02 19:42:58'),
(849,59,1101,'115','2025-05-02 19:42:58','2025-05-02 19:42:58'),
(850,59,616,'115','2025-05-02 19:42:58','2025-05-02 19:42:58'),
(851,59,787,'115','2025-05-02 19:42:58','2025-05-02 19:42:58'),
(852,59,508,'115','2025-05-02 19:42:58','2025-05-02 19:42:58'),
(853,59,974,'115','2025-05-02 19:42:58','2025-05-02 19:42:58'),
(854,59,1066,'115','2025-05-02 19:42:58','2025-05-02 19:42:58'),
(855,59,223,'115','2025-05-02 19:42:58','2025-05-02 19:42:58'),
(856,59,1105,'115','2025-05-02 19:42:58','2025-05-02 19:42:58'),
(857,59,1107,'115','2025-05-02 19:42:58','2025-05-02 19:42:58'),
(858,59,1058,'115','2025-05-02 19:42:58','2025-05-02 19:42:58'),
(859,59,212,'115','2025-05-02 19:42:58','2025-05-02 19:42:58'),
(860,64,528,'115','2025-05-02 19:43:25','2025-05-02 19:43:25'),
(861,64,645,'115','2025-05-02 19:43:25','2025-05-02 19:43:25'),
(862,64,1097,'115','2025-05-02 19:43:25','2025-05-02 19:43:25'),
(863,64,561,'115','2025-05-02 19:43:25','2025-05-02 19:43:25'),
(864,64,559,'115','2025-05-02 19:43:25','2025-05-02 19:43:25'),
(865,64,962,'115','2025-05-02 19:43:25','2025-05-02 19:43:25'),
(866,64,1095,'115','2025-05-02 19:43:25','2025-05-02 19:43:25'),
(867,64,992,'115','2025-05-02 19:43:25','2025-05-02 19:43:25'),
(868,64,947,'115','2025-05-02 19:43:25','2025-05-02 19:43:25'),
(869,64,209,'115','2025-05-02 19:43:25','2025-05-02 19:43:25'),
(870,64,802,'115','2025-05-02 19:43:25','2025-05-02 19:43:25'),
(871,63,997,'125','2025-05-02 19:43:33','2025-05-02 19:43:33'),
(872,63,786,'125','2025-05-02 19:43:33','2025-05-02 19:43:33'),
(873,63,1065,'125','2025-05-02 19:43:33','2025-05-02 19:43:33'),
(874,63,187,'125','2025-05-02 19:43:33','2025-05-02 19:43:33'),
(875,63,747,'125','2025-05-02 19:43:33','2025-05-02 19:43:33'),
(876,63,597,'125','2025-05-02 19:43:33','2025-05-02 19:43:33'),
(877,63,188,'125','2025-05-02 19:43:33','2025-05-02 19:43:33'),
(878,63,799,'125','2025-05-02 19:43:33','2025-05-02 19:43:33'),
(879,63,191,'125','2025-05-02 19:43:33','2025-05-02 19:43:33'),
(880,63,519,'125','2025-05-02 19:43:33','2025-05-02 19:43:33'),
(881,63,753,'125','2025-05-02 19:43:33','2025-05-02 19:43:33'),
(882,63,1047,'125','2025-05-02 19:43:33','2025-05-02 19:43:33'),
(883,63,820,'125','2025-05-02 19:43:33','2025-05-02 19:43:33'),
(884,62,605,'125','2025-05-02 19:43:43','2025-05-02 19:43:43'),
(885,62,624,'125','2025-05-02 19:43:43','2025-05-02 19:43:43'),
(886,62,973,'125','2025-05-02 19:43:43','2025-05-02 19:43:43'),
(887,62,623,'125','2025-05-02 19:43:43','2025-05-02 19:43:43'),
(888,62,838,'125','2025-05-02 19:43:43','2025-05-02 19:43:43'),
(889,62,841,'125','2025-05-02 19:43:43','2025-05-02 19:43:43'),
(890,62,1019,'125','2025-05-02 19:43:43','2025-05-02 19:43:43'),
(891,62,983,'125','2025-05-02 19:43:43','2025-05-02 19:43:43'),
(892,62,186,'125','2025-05-02 19:43:43','2025-05-02 19:43:43'),
(893,62,984,'125','2025-05-02 19:43:43','2025-05-02 19:43:43'),
(894,62,525,'125','2025-05-02 19:43:43','2025-05-02 19:43:43'),
(895,62,1032,'125','2025-05-02 19:43:43','2025-05-02 19:43:43'),
(896,62,971,'125','2025-05-02 19:43:43','2025-05-02 19:43:43'),
(897,62,620,'125','2025-05-02 19:43:43','2025-05-02 19:43:43'),
(898,61,936,'150','2025-05-02 19:43:50','2025-05-02 19:43:50'),
(899,61,990,'150','2025-05-02 19:43:50','2025-05-02 19:43:50'),
(900,61,1038,'150','2025-05-02 19:43:50','2025-05-02 19:43:50'),
(901,61,524,'150','2025-05-02 19:43:50','2025-05-02 19:43:50'),
(902,61,939,'150','2025-05-02 19:43:50','2025-05-02 19:43:50'),
(903,61,779,'150','2025-05-02 19:43:50','2025-05-02 19:43:50'),
(904,61,780,'150','2025-05-02 19:43:50','2025-05-02 19:43:50'),
(905,61,782,'150','2025-05-02 19:43:50','2025-05-02 19:43:50'),
(906,61,1108,'150','2025-05-02 19:43:50','2025-05-02 19:43:50'),
(907,61,1109,'150','2025-05-02 19:43:50','2025-05-02 19:43:50'),
(908,60,1055,'115','2025-05-02 19:44:28','2025-05-02 19:44:28'),
(909,60,937,'115','2025-05-02 19:44:28','2025-05-02 19:44:28'),
(910,60,823,'115','2025-05-02 19:44:28','2025-05-02 19:44:28'),
(911,60,922,'115','2025-05-02 19:44:28','2025-05-02 19:44:28'),
(912,60,546,'115','2025-05-02 19:44:28','2025-05-02 19:44:28'),
(913,60,935,'115','2025-05-02 19:44:28','2025-05-02 19:44:28'),
(914,60,766,'115','2025-05-02 19:44:28','2025-05-02 19:44:28'),
(915,60,218,'115','2025-05-02 19:44:28','2025-05-02 19:44:28'),
(916,60,592,'115','2025-05-02 19:44:28','2025-05-02 19:44:28'),
(917,60,916,'115','2025-05-02 19:44:28','2025-05-02 19:44:28'),
(918,60,915,'115','2025-05-02 19:44:28','2025-05-02 19:44:28'),
(919,60,602,'115','2025-05-02 19:44:28','2025-05-02 19:44:28'),
(920,60,833,'115','2025-05-02 19:44:28','2025-05-02 19:44:28'),
(921,60,775,'115','2025-05-02 19:44:28','2025-05-02 19:44:28'),
(922,49,995,'115','2025-05-02 19:44:35','2025-05-02 19:44:35'),
(923,49,996,'115','2025-05-02 19:44:35','2025-05-02 19:44:35'),
(924,49,796,'115','2025-05-02 19:44:35','2025-05-02 19:44:35'),
(925,49,924,'115','2025-05-02 19:44:35','2025-05-02 19:44:35'),
(926,49,991,'115','2025-05-02 19:44:35','2025-05-02 19:44:35'),
(927,49,200,'115','2025-05-02 19:44:35','2025-05-02 19:44:35'),
(928,49,772,'115','2025-05-02 19:44:35','2025-05-02 19:44:35'),
(929,49,771,'115','2025-05-02 19:44:35','2025-05-02 19:44:35'),
(930,49,758,'115','2025-05-02 19:44:35','2025-05-02 19:44:35'),
(931,49,196,'115','2025-05-02 19:44:35','2025-05-02 19:44:35'),
(932,49,510,'115','2025-05-02 19:44:35','2025-05-02 19:44:35'),
(933,49,960,'115','2025-05-02 19:44:35','2025-05-02 19:44:35'),
(934,49,968,'115','2025-05-02 19:44:35','2025-05-02 19:44:35'),
(935,49,201,'115','2025-05-02 19:44:35','2025-05-02 19:44:35'),
(936,35,217,'115.00','2025-05-02 19:45:50','2025-05-02 19:45:50'),
(937,35,199,'115.00','2025-05-02 19:45:50','2025-05-02 19:45:50'),
(938,35,470,'115.00','2025-05-02 19:45:50','2025-05-02 19:45:50'),
(939,35,471,'115.00','2025-05-02 19:45:50','2025-05-02 19:45:50'),
(940,35,472,'115.00','2025-05-02 19:45:50','2025-05-02 19:45:50'),
(941,35,473,'115.00','2025-05-02 19:45:50','2025-05-02 19:45:50'),
(942,35,474,'115.00','2025-05-02 19:45:50','2025-05-02 19:45:50'),
(943,35,475,'115.00','2025-05-02 19:45:50','2025-05-02 19:45:50'),
(944,35,476,'115.00','2025-05-02 19:45:50','2025-05-02 19:45:50'),
(945,35,477,'115.00','2025-05-02 19:45:50','2025-05-02 19:45:50'),
(946,35,478,'115.00','2025-05-02 19:45:50','2025-05-02 19:45:50'),
(947,35,479,'115.00','2025-05-02 19:45:50','2025-05-02 19:45:50'),
(948,36,482,'115','2025-05-02 19:45:57','2025-05-02 19:45:57'),
(949,36,483,'115','2025-05-02 19:45:57','2025-05-02 19:45:57'),
(950,36,481,'115','2025-05-02 19:45:57','2025-05-02 19:45:57'),
(951,36,928,'115','2025-05-02 19:45:57','2025-05-02 19:45:57'),
(952,36,486,'115','2025-05-02 19:45:57','2025-05-02 19:45:57'),
(953,36,599,'115','2025-05-02 19:45:57','2025-05-02 19:45:57'),
(954,36,776,'115','2025-05-02 19:45:57','2025-05-02 19:45:57'),
(955,36,767,'115','2025-05-02 19:45:57','2025-05-02 19:45:57'),
(956,36,1018,'115','2025-05-02 19:45:57','2025-05-02 19:45:57'),
(957,36,773,'115','2025-05-02 19:45:57','2025-05-02 19:45:57'),
(958,36,805,'115','2025-05-02 19:45:57','2025-05-02 19:45:57'),
(959,36,969,'115','2025-05-02 19:45:57','2025-05-02 19:45:57'),
(960,40,575,'125','2025-05-02 19:46:20','2025-05-02 19:46:20'),
(961,40,1039,'125','2025-05-02 19:46:20','2025-05-02 19:46:20'),
(962,40,1023,'125','2025-05-02 19:46:20','2025-05-02 19:46:20'),
(963,40,762,'125','2025-05-02 19:46:20','2025-05-02 19:46:20'),
(964,40,202,'125','2025-05-02 19:46:20','2025-05-02 19:46:20'),
(965,40,761,'125','2025-05-02 19:46:20','2025-05-02 19:46:20'),
(966,40,941,'125','2025-05-02 19:46:20','2025-05-02 19:46:20'),
(967,40,585,'115','2025-05-02 19:46:20','2025-05-02 19:46:20'),
(968,40,1056,'115','2025-05-02 19:46:20','2025-05-02 19:46:20'),
(969,40,949,'115','2025-05-02 19:46:20','2025-05-02 19:46:20'),
(970,40,586,'115','2025-05-02 19:46:20','2025-05-02 19:46:20'),
(971,40,795,'115','2025-05-02 19:46:20','2025-05-02 19:46:20'),
(972,40,1092,'115','2025-05-02 19:46:20','2025-05-02 19:46:20'),
(973,45,516,'115','2025-05-02 19:47:15','2025-05-02 19:47:15'),
(974,45,529,'115','2025-05-02 19:47:15','2025-05-02 19:47:15'),
(975,45,791,'115','2025-05-02 19:47:15','2025-05-02 19:47:15'),
(976,45,792,'115','2025-05-02 19:47:15','2025-05-02 19:47:15'),
(977,45,813,'115','2025-05-02 19:47:15','2025-05-02 19:47:15'),
(978,45,760,'115','2025-05-02 19:47:15','2025-05-02 19:47:15'),
(979,45,617,'115','2025-05-02 19:47:15','2025-05-02 19:47:15'),
(980,45,840,'115','2025-05-02 19:47:15','2025-05-02 19:47:15'),
(981,45,822,'115','2025-05-02 19:47:15','2025-05-02 19:47:15'),
(982,45,1008,'115','2025-05-02 19:47:15','2025-05-02 19:47:15'),
(983,46,985,'115','2025-05-02 19:47:23','2025-05-02 19:47:23'),
(984,46,513,'115','2025-05-02 19:47:23','2025-05-02 19:47:23'),
(985,46,463,'115','2025-05-02 19:47:23','2025-05-02 19:47:23'),
(986,46,938,'115','2025-05-02 19:47:23','2025-05-02 19:47:23'),
(987,46,944,'115','2025-05-02 19:47:23','2025-05-02 19:47:23'),
(988,46,942,'115','2025-05-02 19:47:23','2025-05-02 19:47:23'),
(989,46,930,'115','2025-05-02 19:47:23','2025-05-02 19:47:23'),
(990,46,964,'115','2025-05-02 19:47:23','2025-05-02 19:47:23'),
(991,46,1020,'115','2025-05-02 19:47:23','2025-05-02 19:47:23'),
(992,46,541,'115','2025-05-02 19:47:23','2025-05-02 19:47:23'),
(993,46,808,'115','2025-05-02 19:47:23','2025-05-02 19:47:23'),
(994,46,759,'115','2025-05-02 19:47:23','2025-05-02 19:47:23'),
(995,46,608,'115','2025-05-02 19:47:23','2025-05-02 19:47:23'),
(996,46,1070,'115','2025-05-02 19:47:23','2025-05-02 19:47:23'),
(997,47,1031,'125','2025-05-02 19:47:30','2025-05-02 19:47:30'),
(998,47,610,'125','2025-05-02 19:47:30','2025-05-02 19:47:30'),
(999,47,598,'125','2025-05-02 19:47:30','2025-05-02 19:47:30'),
(1000,47,1014,'125','2025-05-02 19:47:30','2025-05-02 19:47:30'),
(1001,47,1059,'125','2025-05-02 19:47:30','2025-05-02 19:47:30'),
(1002,47,511,'125','2025-05-02 19:47:30','2025-05-02 19:47:30'),
(1003,47,1100,'125','2025-05-02 19:47:30','2025-05-02 19:47:30'),
(1004,47,621,'125','2025-05-02 19:47:30','2025-05-02 19:47:30'),
(1005,47,637,'125','2025-05-02 19:47:30','2025-05-02 19:47:30'),
(1006,47,811,'125','2025-05-02 19:47:30','2025-05-02 19:47:30'),
(1007,47,466,'125','2025-05-02 19:47:30','2025-05-02 19:47:30'),
(1008,47,562,'125','2025-05-02 19:47:30','2025-05-02 19:47:30'),
(1009,47,825,'125','2025-05-02 19:47:30','2025-05-02 19:47:30'),
(1010,47,1009,'125','2025-05-02 19:47:30','2025-05-02 19:47:30');
/*!40000 ALTER TABLE `ro_locations` ENABLE KEYS */;
UNLOCK TABLES;

--
-- Table structure for table `route_lists`
--

DROP TABLE IF EXISTS `route_lists`;
/*!40101 SET @saved_cs_client     = @@character_set_client */;
/*!40101 SET character_set_client = utf8mb4 */;
CREATE TABLE `route_lists` (
  `id` int(11) NOT NULL AUTO_INCREMENT,
  `route_id` int(11) NOT NULL,
  `tech_id` bigint(20) unsigned DEFAULT NULL,
  `insp_type` varchar(60) DEFAULT NULL,
  `start_date` date DEFAULT NULL,
  `comp_date` date DEFAULT NULL,
  `status` varchar(30) DEFAULT NULL,
  `created_at` timestamp NULL DEFAULT NULL,
  `updated_at` timestamp NULL DEFAULT NULL,
  PRIMARY KEY (`id`),
  KEY `route_id` (`route_id`),
  KEY `tech_id` (`tech_id`),
  CONSTRAINT `route_lists_ibfk_1` FOREIGN KEY (`route_id`) REFERENCES `routes` (`id`),
  CONSTRAINT `route_lists_ibfk_2` FOREIGN KEY (`tech_id`) REFERENCES `users` (`id`)
) ENGINE=InnoDB AUTO_INCREMENT=99 DEFAULT CHARSET=utf8mb4 COLLATE=utf8mb4_general_ci;
/*!40101 SET character_set_client = @saved_cs_client */;

--
-- Dumping data for table `route_lists`
--

LOCK TABLES `route_lists` WRITE;
/*!40000 ALTER TABLE `route_lists` DISABLE KEYS */;
INSERT INTO `route_lists` (`id`, `route_id`, `tech_id`, `insp_type`, `start_date`, `comp_date`, `status`, `created_at`, `updated_at`) VALUES (1,31,NULL,'Monthly Inspection','2025-05-08',NULL,'pending','2024-07-24 10:00:44','2025-05-08 19:00:02'),
(2,31,NULL,'Monthly Inspection','2025-05-08',NULL,'pending','2024-07-24 10:03:46','2025-05-08 19:00:02'),
(3,29,NULL,NULL,'2025-05-08',NULL,'pending','2024-07-24 10:05:28','2025-05-08 19:00:02'),
(4,29,NULL,NULL,'2025-05-08',NULL,'pending','2024-07-24 11:12:08','2025-05-08 19:00:02'),
(5,28,NULL,NULL,'2025-05-08',NULL,'pending','2024-07-25 01:01:18','2025-05-08 19:00:02'),
(6,28,NULL,NULL,'2025-05-08',NULL,'pending','2024-07-25 01:01:33','2025-05-08 19:00:02'),
(7,29,NULL,NULL,'2024-07-26',NULL,'completed','2024-07-27 01:03:49','2024-07-29 05:12:47'),
(8,29,NULL,NULL,'2025-05-08',NULL,'pending','2024-08-04 03:32:39','2025-05-08 19:00:02'),
(9,29,18,NULL,'2024-08-07',NULL,'completed','2024-08-07 02:44:04','2024-08-27 11:10:29'),
(10,29,NULL,NULL,'2025-05-08',NULL,'pending','2024-08-08 04:29:21','2025-05-08 19:00:02'),
(11,29,NULL,NULL,'2025-05-08',NULL,'pending','2024-08-08 04:29:33','2025-05-08 19:00:02'),
(12,28,NULL,NULL,'2025-05-08',NULL,'pending','2024-08-09 15:00:20','2025-05-08 19:00:02'),
(13,30,18,NULL,'2024-08-09',NULL,'completed','2024-08-09 15:02:15','2024-08-27 11:10:29'),
(14,31,NULL,NULL,'2025-05-08',NULL,'pending','2024-08-10 19:55:09','2025-05-08 19:00:02'),
(15,29,NULL,NULL,'2025-05-08',NULL,'pending','2024-08-12 04:45:42','2025-05-08 19:00:02'),
(16,29,NULL,NULL,'2025-05-08',NULL,'pending','2024-08-12 04:45:56','2025-05-08 19:00:02'),
(17,29,NULL,NULL,'2025-05-08',NULL,'pending','2024-08-12 04:45:57','2025-05-08 19:00:02'),
(18,29,NULL,NULL,'2025-05-08',NULL,'pending','2024-08-12 04:46:15','2025-05-08 19:00:02'),
(19,29,NULL,NULL,'2025-05-08',NULL,'pending','2024-08-12 04:46:30','2025-05-08 19:00:02'),
(20,31,18,NULL,'2024-08-15',NULL,'completed','2024-08-14 17:10:20','2024-08-27 11:10:29'),
(21,31,NULL,NULL,'2025-05-08',NULL,'pending','2024-08-15 16:49:02','2025-05-08 19:00:02'),
(22,29,NULL,NULL,'2025-05-08',NULL,'pending','2024-08-15 16:49:37','2025-05-08 19:00:02'),
(23,28,NULL,NULL,'2025-05-08',NULL,'pending','2024-08-15 18:57:56','2025-05-08 19:00:02'),
(24,28,NULL,NULL,'2025-05-08',NULL,'pending','2024-08-19 03:07:23','2025-05-08 19:00:02'),
(25,29,NULL,NULL,'2025-05-08',NULL,'pending','2024-08-20 06:07:38','2025-05-08 19:00:02'),
(26,29,NULL,NULL,'2025-05-08',NULL,'pending','2024-08-20 06:07:49','2025-05-08 19:00:02'),
(27,28,NULL,NULL,'2025-05-08',NULL,'pending','2024-08-20 06:08:15','2025-05-08 19:00:02'),
(28,31,NULL,NULL,'2025-05-08',NULL,'pending','2024-08-20 06:12:26','2025-05-08 19:00:02'),
(29,29,NULL,NULL,'2025-05-08',NULL,'pending','2024-08-21 02:27:57','2025-05-08 19:00:02'),
(30,29,NULL,NULL,'2025-05-08',NULL,'pending','2024-08-21 02:28:08','2025-05-08 19:00:02'),
(31,29,NULL,NULL,'2025-05-08',NULL,'pending','2024-08-21 02:28:21','2025-05-08 19:00:02'),
(32,29,NULL,NULL,'2025-05-08',NULL,'pending','2024-08-26 02:39:24','2025-05-08 19:00:02'),
(33,32,18,NULL,'2024-08-26',NULL,'completed','2024-08-26 05:11:10','2024-08-27 11:10:29'),
(34,29,18,NULL,'2024-08-26',NULL,'completed','2024-08-26 05:11:20','2024-08-27 11:10:29'),
(35,32,18,NULL,'2024-08-27',NULL,'completed','2024-08-27 04:52:26','2024-08-27 11:10:29'),
(36,31,18,NULL,'2024-08-27',NULL,'completed','2024-08-27 04:52:51','2024-08-27 11:10:29'),
(37,29,18,NULL,NULL,NULL,'pending','2024-08-27 04:53:01','2024-08-27 04:53:01'),
(38,31,NULL,NULL,'2025-05-08',NULL,'pending','2024-08-29 19:33:39','2025-05-08 19:00:02'),
(39,29,NULL,NULL,'2025-05-08',NULL,'pending','2024-08-30 11:55:26','2025-05-08 19:00:02'),
(40,32,NULL,NULL,'2025-05-08',NULL,'pending','2024-09-04 01:55:19','2025-05-08 19:00:02'),
(41,32,NULL,NULL,'2025-05-08',NULL,'pending','2024-09-04 01:55:32','2025-05-08 19:00:02'),
(42,31,18,NULL,'2024-09-06',NULL,'completed','2024-09-06 05:41:03','2024-09-06 05:56:23'),
(43,33,NULL,NULL,'2025-05-08',NULL,'pending','2024-09-06 13:51:27','2025-05-08 19:00:02'),
(44,32,NULL,NULL,'2025-05-08',NULL,'pending','2024-09-06 14:31:02','2025-05-08 19:00:02'),
(45,33,NULL,NULL,'2025-05-08',NULL,'pending','2024-09-07 02:21:56','2025-05-08 19:00:02'),
(46,32,NULL,NULL,'2025-05-08',NULL,'pending','2024-09-10 03:05:53','2025-05-08 19:00:02'),
(47,31,NULL,NULL,'2025-05-08',NULL,'pending','2024-09-11 04:49:34','2025-05-08 19:00:02'),
(48,33,NULL,NULL,'2025-05-08',NULL,'pending','2024-09-11 04:50:28','2025-05-08 19:00:02'),
(49,33,NULL,NULL,'2025-05-08',NULL,'pending','2024-09-19 15:16:17','2025-05-08 19:00:02'),
(50,31,NULL,NULL,'2025-05-08',NULL,'pending','2024-09-28 17:09:09','2025-05-08 19:00:02'),
(51,33,NULL,NULL,'2025-05-08',NULL,'pending','2024-10-01 01:54:13','2025-05-08 19:00:02'),
(52,34,NULL,NULL,'2025-05-08',NULL,'pending','2024-10-01 02:37:41','2025-05-08 19:00:02'),
(53,33,NULL,NULL,'2025-05-08',NULL,'pending','2024-10-08 21:25:28','2025-05-08 19:00:02'),
(54,32,NULL,NULL,'2025-05-08','2025-02-20','pending','2024-10-08 21:26:09','2025-05-08 19:00:02'),
(55,34,18,NULL,'2024-10-15',NULL,'completed','2024-10-15 18:41:04','2024-10-15 18:49:03'),
(56,34,NULL,NULL,'2025-01-20','2025-01-21','completed','2024-11-24 04:10:11','2025-01-21 11:41:46'),
(57,33,NULL,NULL,'2025-05-08',NULL,'pending','2025-01-08 01:52:40','2025-05-08 19:00:02'),
(58,35,NULL,NULL,'2025-05-08',NULL,'pending','2025-01-13 19:05:45','2025-05-08 19:00:02'),
(59,32,NULL,NULL,'2025-01-22','2025-01-22','completed','2025-01-14 22:00:03','2025-01-22 21:39:11'),
(60,36,NULL,NULL,'2025-01-16','2025-01-16','completed','2025-01-15 19:36:26','2025-01-16 13:27:53'),
(61,33,NULL,NULL,'2025-01-23','2025-01-23','completed','2025-01-20 01:51:54','2025-01-23 17:02:48'),
(62,29,NULL,NULL,'2025-05-08',NULL,'pending','2025-01-27 02:04:37','2025-05-08 19:00:02'),
(63,31,NULL,NULL,'2025-02-11','2025-02-11','completed','2025-02-10 22:57:19','2025-02-11 21:15:09'),
(64,31,NULL,NULL,'2025-05-08',NULL,'pending','2025-02-11 22:26:33','2025-05-08 19:00:02'),
(65,33,NULL,NULL,'2025-02-12','2025-02-13','completed','2025-02-12 22:28:00','2025-02-13 04:32:30'),
(66,31,NULL,NULL,'2025-05-08',NULL,'pending','2025-02-12 22:45:09','2025-05-08 19:00:02'),
(67,32,NULL,NULL,'2025-05-08',NULL,'pending','2025-02-12 22:46:10','2025-05-08 19:00:02'),
(68,31,NULL,NULL,'2025-05-08',NULL,'pending','2025-02-19 23:00:25','2025-05-08 19:00:02'),
(69,33,NULL,NULL,'2025-05-08',NULL,'pending','2025-02-20 22:09:12','2025-05-08 19:00:02'),
(70,33,NULL,NULL,'2025-05-08',NULL,'pending','2025-02-21 06:55:05','2025-05-08 19:00:02'),
(71,31,NULL,NULL,'2025-02-24','2025-02-24','completed','2025-02-24 02:52:43','2025-02-24 09:56:21'),
(72,31,NULL,NULL,'2025-02-24','2025-02-24','completed','2025-02-24 21:24:04','2025-02-25 03:38:33'),
(73,29,NULL,NULL,'2025-05-08',NULL,'pending','2025-02-25 23:08:30','2025-05-08 19:00:02'),
(74,31,NULL,NULL,'2025-02-25','2025-02-26','completed','2025-02-25 23:10:20','2025-02-26 06:02:41'),
(75,37,NULL,NULL,'2025-02-26','2025-02-26','completed','2025-02-26 00:08:47','2025-02-26 06:10:20'),
(76,34,NULL,NULL,'2025-02-27','2025-02-27','completed','2025-02-27 23:18:24','2025-02-28 05:19:47'),
(77,28,NULL,NULL,'2025-05-08',NULL,'pending','2025-03-01 19:53:34','2025-05-08 19:00:02'),
(78,38,NULL,NULL,'2025-04-10','2025-04-10','completed','2025-04-09 14:00:28','2025-04-10 17:41:53'),
(79,39,NULL,NULL,'2025-04-11','2025-04-11','completed','2025-04-10 13:17:10','2025-04-11 15:15:31'),
(81,42,NULL,NULL,'2025-04-21','2025-04-21','completed','2025-04-16 09:47:04','2025-04-21 14:42:17'),
(82,41,NULL,NULL,'2025-04-17','2025-04-17','completed','2025-04-16 09:48:27','2025-04-17 16:57:27'),
(83,43,NULL,NULL,'2025-04-22','2025-04-22','completed','2025-04-21 21:00:52','2025-04-22 15:41:43'),
(84,44,NULL,NULL,'2025-04-24','2025-04-24','completed','2025-04-24 06:27:47','2025-04-24 17:35:02'),
(85,48,NULL,NULL,'2025-05-02','2025-05-02','completed','2025-05-01 21:03:20','2025-05-02 15:43:00'),
(86,51,NULL,NULL,'2025-05-06','2025-05-06','completed','2025-05-06 06:21:47','2025-05-06 16:34:53'),
(87,54,NULL,NULL,'2025-05-07','2025-05-07','completed','2025-05-06 06:22:16','2025-05-07 15:55:09'),
(88,39,NULL,NULL,'2025-05-09',NULL,'pending','2025-05-08 06:23:35','2025-05-08 06:25:53'),
(89,56,NULL,NULL,'2025-05-08','2025-05-08','completed','2025-05-08 06:24:13','2025-05-08 14:01:00'),
(90,36,NULL,NULL,'2025-05-12',NULL,'pending','2025-05-08 09:42:24','2025-05-08 09:42:24'),
(91,59,NULL,NULL,'2025-05-13',NULL,'pending','2025-05-08 09:42:46','2025-05-08 09:42:46'),
(92,35,NULL,NULL,'2025-05-14',NULL,'pending','2025-05-08 09:54:15','2025-05-08 09:54:15'),
(93,41,NULL,NULL,'2025-05-15',NULL,'pending','2025-05-08 09:57:07','2025-05-08 09:57:07'),
(94,64,NULL,NULL,'2025-05-16',NULL,'pending','2025-05-08 09:57:51','2025-05-08 09:57:51'),
(95,42,NULL,NULL,'2025-05-19',NULL,'pending','2025-05-08 09:58:39','2025-05-08 09:58:39'),
(96,65,NULL,NULL,'2025-05-20',NULL,'pending','2025-05-08 09:59:38','2025-05-08 09:59:38'),
(97,67,NULL,NULL,'2025-05-21',NULL,'pending','2025-05-08 09:59:55','2025-05-08 09:59:55'),
(98,44,NULL,NULL,'2025-05-26',NULL,'pending','2025-05-08 10:03:57','2025-05-08 10:03:57');
/*!40000 ALTER TABLE `route_lists` ENABLE KEYS */;
UNLOCK TABLES;

--
-- Table structure for table `routes`
--

DROP TABLE IF EXISTS `routes`;
/*!40101 SET @saved_cs_client     = @@character_set_client */;
/*!40101 SET character_set_client = utf8mb4 */;
CREATE TABLE `routes` (
  `id` int(11) NOT NULL AUTO_INCREMENT,
  `num` varchar(30) DEFAULT NULL,
  `name` varchar(60) NOT NULL,
  `insp_type` varchar(60) DEFAULT NULL,
  `deleted` varchar(10) DEFAULT NULL,
  `created_at` timestamp NULL DEFAULT NULL,
  `updated_at` timestamp NULL DEFAULT NULL,
  PRIMARY KEY (`id`)
) ENGINE=InnoDB AUTO_INCREMENT=69 DEFAULT CHARSET=utf8mb4 COLLATE=utf8mb4_general_ci;
/*!40101 SET character_set_client = @saved_cs_client */;

--
-- Dumping data for table `routes`
--

LOCK TABLES `routes` WRITE;
/*!40000 ALTER TABLE `routes` DISABLE KEYS */;
INSERT INTO `routes` (`id`, `num`, `name`, `insp_type`, `deleted`, `created_at`, `updated_at`) VALUES (19,NULL,'',NULL,'yes','2024-06-07 14:16:28','2024-07-21 14:27:41'),
(20,NULL,'',NULL,'yes','2024-06-09 05:35:29','2024-06-09 05:37:28'),
(21,NULL,'',NULL,'yes','2024-06-09 05:38:23','2024-07-21 14:27:37'),
(22,NULL,'',NULL,'yes','2024-06-25 15:08:44','2024-07-21 14:27:34'),
(23,NULL,'',NULL,'yes','2024-07-21 14:29:08','2024-07-21 14:49:14'),
(24,NULL,'',NULL,'yes','2024-07-21 14:45:59','2024-07-21 14:49:11'),
(25,NULL,'test route 1','Yearly Inspection','yes','2024-07-21 16:01:00','2024-08-01 04:03:08'),
(26,NULL,'R#1','Monthly Inspection','yes','2024-07-24 11:08:48','2024-08-01 04:03:13'),
(27,'2','R#2','Yearly Inspection','yes','2024-07-24 11:10:31','2024-08-01 04:03:20'),
(28,'1 - PTS','Route #1 Georgetown','Monthly Inspection',NULL,'2024-07-25 01:00:36','2025-02-28 23:05:33'),
(29,'17','Route #17 Eagle Pass','Monthly Inspection',NULL,'2024-07-27 00:59:03','2024-08-01 05:07:13'),
(30,'3','Route #4','Monthly Inspection','yes','2024-08-09 15:02:03','2024-08-25 04:52:16'),
(31,'2','Route 2 Waco','Monthly Inspection',NULL,'2024-08-10 19:52:25','2024-08-29 19:32:55'),
(32,'13','Route #13 Kyle South Austin','Monthly Inspection',NULL,'2024-08-22 06:12:46','2024-08-22 06:12:46'),
(33,'18','Route #18 - Marble Falls','Monthly Inspection',NULL,'2024-09-05 02:06:02','2024-09-05 02:06:02'),
(34,'11','Canyon Lake','Monthly Inspection',NULL,'2024-10-01 02:37:26','2024-10-01 02:37:26'),
(35,'Box 21','Northwest Houston BX21','Monthly Inspection',NULL,'2025-01-13 19:01:20','2025-05-02 19:45:50'),
(36,'Box 17','Primetime BX17','Monthly Inspection',NULL,'2025-01-15 19:35:54','2025-05-02 19:45:57'),
(37,'Test1','Anil Momin','Monthly Inspection',NULL,'2025-02-26 00:08:28','2025-02-26 00:08:28'),
(38,'Box 14','Sugarland BX14','Monthly Inspection',NULL,'2025-04-09 13:55:26','2025-05-02 19:46:04'),
(39,'Box 13','i-10 & Beltway 8 BX13','Monthly Inspection',NULL,'2025-04-10 13:01:32','2025-05-02 19:46:12'),
(40,'Box 23','Humble BX23','Monthly Inspection',NULL,'2025-04-16 09:27:22','2025-05-02 19:46:20'),
(41,'Box 26','I45 South BX26','Monthly Inspection',NULL,'2025-04-16 09:35:38','2025-05-02 19:46:27'),
(42,'Box 27','Dayton BX27','Monthly Inspection',NULL,'2025-04-16 09:41:47','2025-05-02 19:46:35'),
(43,'Box 31','Rosenberg','Monthly Inspection','yes','2025-04-21 20:54:06','2025-05-02 19:48:31'),
(44,'Box 37','EL Campo BX37','Monthly Inspection',NULL,'2025-04-21 21:00:34','2025-05-02 19:46:51'),
(45,'Box 1','Tomball BX1','Monthly Inspection',NULL,'2025-04-24 09:43:07','2025-05-02 19:47:15'),
(46,'Box 2','Pasadena BX2','Monthly Inspection',NULL,'2025-04-24 09:48:23','2025-05-02 19:47:23'),
(47,'Box 3','Galveston BX3','Monthly Inspection',NULL,'2025-04-24 10:12:51','2025-05-02 19:47:30'),
(48,'Box 5','Southwest BX5','Monthly Inspection',NULL,'2025-04-24 10:18:31','2025-05-02 19:44:47'),
(49,'Box 6','North FWY BX6','Monthly Inspection',NULL,'2025-04-24 10:22:19','2025-05-02 19:44:35'),
(50,'Box 7','Baytown BX7','Monthly Inspection',NULL,'2025-04-24 10:54:27','2025-05-02 19:42:20'),
(51,'Box 8','Highlands BX8','Monthly Inspection',NULL,'2025-04-24 11:08:15','2025-05-02 19:42:02'),
(52,'Box 9','Beaumont BX9','Monthly Inspection',NULL,'2025-04-24 11:12:01','2025-05-02 19:41:49'),
(53,'Box 10','Nacogdoches BX10','Monthly Inspection',NULL,'2025-04-24 11:14:29','2025-05-02 19:41:39'),
(54,'Box 11','la Grange BX11','Monthly Inspection',NULL,'2025-04-24 11:17:06','2025-05-02 19:41:21'),
(55,'Box 12','Alvin BX12','Monthly Inspection',NULL,'2025-04-24 11:21:57','2025-05-02 19:41:11'),
(56,'Box 15','i-10 & 59 BX15','Monthly Inspection',NULL,'2025-04-24 11:30:21','2025-05-02 19:38:37'),
(57,'Box 16','Huntsville BX16','Monthly Inspection',NULL,'2025-04-24 11:39:54','2025-05-02 19:38:26'),
(58,'Box 18','Houston BX18','Monthly Inspection',NULL,'2025-04-29 09:05:53','2025-05-02 19:42:30'),
(59,'Box 19','Downtown BX19','Monthly Inspection',NULL,'2025-04-29 09:13:23','2025-05-02 19:42:58'),
(60,'Box 20','Missouri City BX20','Monthly Inspection',NULL,'2025-04-29 09:18:05','2025-05-02 19:44:28'),
(61,'Box 22','Tyler BX22','Monthly Inspection',NULL,'2025-04-29 09:23:59','2025-05-02 19:43:50'),
(62,'Box 24','Conroe BX24','Monthly Inspection',NULL,'2025-04-29 09:37:52','2025-05-02 19:43:43'),
(63,'Box 25','Magnolia BX25','Monthly Inspection',NULL,'2025-04-29 09:40:25','2025-05-02 19:43:33'),
(64,'Box 28','145-249 BX28','Monthly Inspection',NULL,'2025-04-29 09:47:54','2025-05-02 19:43:25'),
(65,'Box 29','New Caney BX29','Monthly Inspection',NULL,'2025-05-02 19:27:24','2025-05-02 19:27:24'),
(66,'Box 30','Dallas BX30','Monthly Inspection',NULL,'2025-05-02 19:31:50','2025-05-02 19:31:50'),
(67,'Box 31','Rosenberg BX31','Monthly Inspection',NULL,'2025-05-02 19:34:43','2025-05-02 19:34:43'),
(68,'Box 32','290 & Tidwell BX32','Monthly Inspection',NULL,'2025-05-02 19:38:05','2025-05-02 19:38:05');
/*!40000 ALTER TABLE `routes` ENABLE KEYS */;
UNLOCK TABLES;

--
-- Table structure for table `service_calls`
--

DROP TABLE IF EXISTS `service_calls`;
/*!40101 SET @saved_cs_client     = @@character_set_client */;
/*!40101 SET character_set_client = utf8mb4 */;
CREATE TABLE `service_calls` (
  `id` int(11) NOT NULL AUTO_INCREMENT,
  `wo_id` int(11) NOT NULL,
  `tech_id` bigint(20) unsigned DEFAULT NULL,
  `start_date` date DEFAULT NULL,
  `comp_date` date DEFAULT NULL,
  `comment` varchar(200) DEFAULT NULL,
  `images` varchar(1000) DEFAULT NULL,
  `created_at` timestamp NULL DEFAULT NULL,
  `updated_at` timestamp NULL DEFAULT NULL,
  PRIMARY KEY (`id`),
  KEY `tech_id` (`tech_id`),
  KEY `wo_id` (`wo_id`),
  CONSTRAINT `service_calls_ibfk_1` FOREIGN KEY (`wo_id`) REFERENCES `work_orders` (`id`),
  CONSTRAINT `service_calls_ibfk_2` FOREIGN KEY (`tech_id`) REFERENCES `users` (`id`)
) ENGINE=InnoDB AUTO_INCREMENT=170 DEFAULT CHARSET=utf8mb4 COLLATE=utf8mb4_general_ci;
/*!40101 SET character_set_client = @saved_cs_client */;

--
-- Dumping data for table `service_calls`
--

LOCK TABLES `service_calls` WRITE;
/*!40000 ALTER TABLE `service_calls` DISABLE KEYS */;
INSERT INTO `service_calls` (`id`, `wo_id`, `tech_id`, `start_date`, `comp_date`, `comment`, `images`, `created_at`, `updated_at`) VALUES (165,159,460,'2024-08-05',NULL,'Replaced all gas filters per customer requested. Found leak on pump 3 nozzle, replaced with new nozzle.','[\"\\/picture-uploads\\/service-calls\\/159\\/1_1.png\"]','2025-03-01 20:16:56','2025-03-01 20:16:56'),
(166,160,460,'2024-08-05',NULL,'Calibrated all pumps and all product grades.',NULL,'2025-03-01 20:32:01','2025-03-01 20:32:01'),
(167,161,460,'2024-08-05',NULL,'Completed n0w.',NULL,'2025-03-01 20:53:33','2025-03-01 20:53:33'),
(168,163,460,'2024-08-05',NULL,'WO received. Tested.',NULL,'2025-03-30 19:07:01','2025-03-30 19:07:01');
/*!40000 ALTER TABLE `service_calls` ENABLE KEYS */;
UNLOCK TABLES;

--
-- Table structure for table `settings`
--

DROP TABLE IF EXISTS `settings`;
/*!40101 SET @saved_cs_client     = @@character_set_client */;
/*!40101 SET character_set_client = utf8mb4 */;
CREATE TABLE `settings` (
  `id` int(11) NOT NULL AUTO_INCREMENT,
  `site_name` varchar(60) NOT NULL,
  `site_logo_path` varchar(300) NOT NULL,
  `favicon_path` varchar(300) NOT NULL,
  `country_code` varchar(5) NOT NULL,
  `main_numbers` varchar(300) DEFAULT NULL,
  `created_at` timestamp NULL DEFAULT NULL,
  `updated_at` timestamp NULL DEFAULT NULL,
  PRIMARY KEY (`id`)
) ENGINE=InnoDB AUTO_INCREMENT=2 DEFAULT CHARSET=latin1 COLLATE=latin1_swedish_ci;
/*!40101 SET character_set_client = @saved_cs_client */;

--
-- Dumping data for table `settings`
--

LOCK TABLES `settings` WRITE;
/*!40000 ALTER TABLE `settings` DISABLE KEYS */;
INSERT INTO `settings` (`id`, `site_name`, `site_logo_path`, `favicon_path`, `country_code`, `main_numbers`, `created_at`, `updated_at`) VALUES (1,'AMTS','amts-logo.jpg','amts-fav.png','+1','123456,4567898','2023-10-26 00:38:47','2024-04-21 10:47:14');
/*!40000 ALTER TABLE `settings` ENABLE KEYS */;
UNLOCK TABLES;

--
-- Table structure for table `site_info_tanks`
--

DROP TABLE IF EXISTS `site_info_tanks`;
/*!40101 SET @saved_cs_client     = @@character_set_client */;
/*!40101 SET character_set_client = utf8mb4 */;
CREATE TABLE `site_info_tanks` (
  `id` int(11) NOT NULL AUTO_INCREMENT,
  `tank_name` varchar(30) DEFAULT NULL,
  `fu_type` varchar(100) DEFAULT NULL,
  `size` varchar(100) DEFAULT NULL,
  `diameter` varchar(100) DEFAULT NULL,
  `material` varchar(300) DEFAULT NULL,
  `sb_brand` varchar(100) DEFAULT NULL,
  `wall_type` varchar(30) DEFAULT NULL,
  `drain` varchar(30) DEFAULT NULL,
  `h_many_g_bucket` varchar(20) DEFAULT NULL,
  `in_denpth` varchar(30) DEFAULT NULL,
  `overfill_prev` varchar(100) DEFAULT NULL,
  `vent_type` varchar(30) DEFAULT NULL,
  `stp_manf` varchar(100) DEFAULT NULL,
  `leak_detector` varchar(300) DEFAULT NULL,
  `stp_sumps` varchar(10) DEFAULT NULL,
  `stps_type` varchar(100) DEFAULT NULL,
  `site_info_id` int(11) NOT NULL,
  `created_at` timestamp NULL DEFAULT NULL,
  `updated_at` timestamp NULL DEFAULT NULL,
  PRIMARY KEY (`id`),
  KEY `store_id` (`site_info_id`),
  CONSTRAINT `site_info_tanks_ibfk_1` FOREIGN KEY (`site_info_id`) REFERENCES `site_infos` (`id`)
) ENGINE=InnoDB AUTO_INCREMENT=127 DEFAULT CHARSET=utf8mb4 COLLATE=utf8mb4_general_ci;
/*!40101 SET character_set_client = @saved_cs_client */;

--
-- Dumping data for table `site_info_tanks`
--

LOCK TABLES `site_info_tanks` WRITE;
/*!40000 ALTER TABLE `site_info_tanks` DISABLE KEYS */;
INSERT INTO `site_info_tanks` (`id`, `tank_name`, `fu_type`, `size`, `diameter`, `material`, `sb_brand`, `wall_type`, `drain`, `h_many_g_bucket`, `in_denpth`, `overfill_prev`, `vent_type`, `stp_manf`, `leak_detector`, `stp_sumps`, `stps_type`, `site_info_id`, `created_at`, `updated_at`) VALUES (51,'asd','Regular','','','','','Single','Yes','','','Ball Floats','Opw623v','','','Yes','Poly',34,'2024-09-06 03:32:52','2024-09-06 03:32:52'),
(52,'23A','Regular','10','','','','Single','Yes','','','Ball Floats','Opw623v','','','Yes','Poly',39,'2024-09-06 04:01:59','2024-09-06 04:01:59'),
(63,'1A','Regular','20000','120','Frp','Emco','Single','Yes','5','','Ball Floats','Opw623v','','','Yes','Fiberglass',116,'2024-12-07 04:05:05','2024-12-07 04:05:05'),
(64,'2A','Super','5000','96','Frp','Emco','Single','No','5','','Ball Floats','Opw623v','Fe petro','','Yes','Fiberglass',116,'2024-12-07 04:05:05','2024-12-07 04:05:05'),
(65,'2B','Auto Diesel','7000','','Frp','Emco ','Single','Yes','5','','Ball Floats','Opw623v','fe petro','fe','Yes','Fiberglass',116,'2024-12-07 04:05:05','2024-12-07 04:05:05'),
(72,'4A','Regular','20000','120','COMPOSITE','EMCO','Double','Yes','5','','Flappers','Opw623v','RED JACKET','RED JACKET','Yes','Fiberglass',158,'2025-01-10 15:23:55','2025-01-10 15:23:55'),
(73,'4B','Super','5000','120','COMPOSITE','EMCO','Double','Yes','5','','Flappers','Opw623v','RED JACKET','RED JACKET','Yes','Fiberglass',158,'2025-01-10 15:23:55','2025-01-10 15:23:55'),
(74,'4C','Auto Diesel','5000','120','COMPOSITE','EMCO','Double','Yes','5','','Flappers','Opw623v','RED JACKET','RED JACKET','Yes','Fiberglass',158,'2025-01-10 15:23:55','2025-01-10 15:23:55'),
(75,'1','Regular','6000','96','Steel','','Single','Yes','','','Ball Floats','Opw623v','Red Jacket','','No',NULL,164,'2025-01-14 09:17:54','2025-01-14 09:17:54'),
(76,'2','Regular','6000','96','Steel','','Single','Yes','','','Ball Floats','Opw623v','Red Jacket','','No',NULL,164,'2025-01-14 09:17:54','2025-01-14 09:17:54'),
(77,'3','Regular','6000','96','Steel','','Single','Yes','','','Ball Floats','Opw623v','Red Jacket','','No',NULL,164,'2025-01-14 09:17:54','2025-01-14 09:17:54'),
(78,'1a','Regular','20000','120','composite','','Double','Yes','','','Flappers','Opw623v','Red Jacket','','Yes','Poly',165,'2025-01-14 09:22:30','2025-01-14 09:22:30'),
(79,'1B','Regular','5000','120','Composite','','Single','Yes','','','Ball Floats','Opw623v','','','Yes','Poly',165,'2025-01-14 09:22:30','2025-01-14 09:22:30'),
(80,'1C','Regular','5000','120','Compostie','','Double','Yes','','','Flappers','Opw623v','Red Jacket','','Yes','Poly',165,'2025-01-14 09:22:30','2025-01-14 09:22:30'),
(81,'1a','Regular','20000','120','Composite ','Opw','Single','Yes','5','','Ball Floats','Opw623v','','','Yes','Poly',117,'2025-01-14 09:56:32','2025-01-14 09:56:32'),
(82,'1b','Super','5000','120','Composite ','Opw','Single','Yes','5','','Ball Floats','Opw623v','','','Yes','Poly',117,'2025-01-14 09:56:32','2025-01-14 09:56:32'),
(83,'1c','Auto Diesel','5000','120','Composite ','Opw','Single','Yes','5','','Ball Floats','Opw623v','','','Yes','Poly',117,'2025-01-14 09:56:32','2025-01-14 09:56:32'),
(84,'1A','Regular','20000','120','FRP','Emco','Double','Yes','5','','Ball Floats','Emco','Red jacket','Red Jacket','Yes','Fiberglass',177,'2025-01-15 19:50:51','2025-01-15 19:50:51'),
(85,'2A','Super','5000','120.00','FRP','Emco','Double','Yes','5','','Ball Floats','Emco','Red Jacket','Red Jacket','Yes','Fiberglass',177,'2025-01-15 19:50:51','2025-01-15 19:50:51'),
(86,'2B','Auto Diesel','7000','120','FRP','Emco','Double','Yes','5','','Ball Floats','Opw623v','Red Jacket','Red Jacket','Yes','Fiberglass',177,'2025-01-15 19:50:51','2025-01-15 19:50:51'),
(87,'1A','Regular','20000','120','FRP','OPW','Double','Yes','','','Ball Floats','Opw623v','Fe Petro','Fe Petro','Yes','Fiberglass',176,'2025-01-15 19:55:29','2025-01-15 19:55:29'),
(88,'2A','Super','5000','120','FRP','OPW','Double','Yes','','','Ball Floats','Opw623v','FE Petro','Fe Petro','Yes','Poly',176,'2025-01-15 19:55:29','2025-01-15 19:55:29'),
(89,'2B','Auto Diesel','7000','120','FRP','','Double','Yes','','','Ball Floats','Opw623v','FE Petro','Fe Petro','Yes','Fiberglass',176,'2025-01-15 19:55:29','2025-01-15 19:55:29'),
(90,'1A','Regular','12000','92','FRP','','Single','Yes','','','Ball Floats','Opw623v','Red Jacket','','Yes','Poly',175,'2025-01-15 19:58:53','2025-01-15 19:58:53'),
(91,'2A','Super','12000','92','FRP','','Single','Yes','','','Ball Floats','Opw623v','Red Jacket','','Yes','Poly',175,'2025-01-15 19:58:53','2025-01-15 19:58:53'),
(93,'','Regular','','','','OPW','Single','Yes','5','','Flappers','Opw623v','Red Jacket','','Yes','Poly',18,'2025-01-16 14:57:05','2025-01-16 14:57:05'),
(94,'','Super','','','','OPW','Single','Yes','5','','Flappers','Opw623v','Red Jacket','','Yes','Poly',18,'2025-01-16 14:57:05','2025-01-16 14:57:05'),
(95,'','Auto Diesel','','','','OPW','Single','Yes','5','','Flappers','Opw623v','Red Jacket','','Yes','Poly',18,'2025-01-16 14:57:05','2025-01-16 14:57:05'),
(96,'Tank 1A','Super','20m3','30','Steel, Fiberglass, Act-100, etc','Test Spill Bucket brand',NULL,'Yes','2','10\'','Ball Floats','Opw623v','test manufacturer','test leak det.','Yes','Poly',7,'2025-01-16 16:07:23','2025-01-16 16:07:23'),
(97,'Tanks 1B','Plus','30m3','50','','','Double','No','2','5','Flappers','Emco','tst man1','tst lk1','No',NULL,7,'2025-01-16 16:07:23','2025-01-16 16:07:23'),
(99,'1A Regular','Regular','8,081','96','Watco ACT-100','OPW','Double','No','5','','Flappers','Opw623v','Red Jacket','Red Jacket',NULL,NULL,29,'2025-02-18 13:27:46','2025-02-18 13:27:46'),
(100,'1B Super','Super','4,035','96','Watco ACT-100','OPW',NULL,NULL,'5','','Ball Floats','Opw623v','Red Jacket','Red Jacket','No',NULL,29,'2025-02-18 13:27:46','2025-02-18 13:27:46'),
(103,'1A','Regular','8000','','','Universal Valve','Single','Yes','5','','Ball Floats','Opw523v','','','No',NULL,40,'2025-02-24 15:14:49','2025-02-24 15:14:49'),
(104,'2A','Super','4000','','','Universal Valve','Single','No','5','','Ball Floats','Opw523v','','','No',NULL,40,'2025-02-24 15:14:49','2025-02-24 15:14:49'),
(105,'2B','Auto Diesel','6000','','','Universal Valve','Single','No','5','','Ball Floats','Opw523v','','','No',NULL,40,'2025-02-24 15:14:49','2025-02-24 15:14:49'),
(106,'1A','Regular','','','ACT-100','Emco Retrofit','Single','No','3','','Ball Floats','Opw623v','Red Jacket','','No',NULL,31,'2025-02-25 09:14:41','2025-02-25 09:14:41'),
(107,'1B','Super','','','ACT-100','Emco Retrofit','Single','No','3','','Ball Floats','Opw623v','Red Jacket','','No',NULL,31,'2025-02-25 09:14:41','2025-02-25 09:14:41'),
(120,'1A','Regular','10071','96','STEEL','','Single','Yes','','','Ball Floats','Opw623v','Red Jacket','Red Jacket','No',NULL,726,'2025-02-25 14:24:41','2025-02-25 14:24:41'),
(121,'2A','Super','10071','96','Steel','','Single','Yes','','','Ball Floats','Opw623v','Red Jacket','Red Jacket','No',NULL,726,'2025-02-25 14:24:41','2025-02-25 14:24:41'),
(122,'3A','Auto Diesel','10071','96','Steel','','Single','Yes','','','Ball Floats','Opw623v','Red Jacket','Red Jacket','No',NULL,726,'2025-02-25 14:24:41','2025-02-25 14:24:41'),
(123,'1A','Regular','9816','92','FRP','','Single','Yes','','','Flappers','Opw623v','Red Jacket','Red Jacket','No',NULL,725,'2025-02-25 14:26:02','2025-02-25 14:26:02'),
(124,'2A','Super','9816','92','FRP','','Single','Yes','','','Flappers','Opw623v','Red Jacket','Red Jacket','No',NULL,725,'2025-02-25 14:26:02','2025-02-25 14:26:02'),
(125,'3A','Auto Diesel','9816','92','FRP','','Single','Yes','','','Flappers','Opw623v','Red Jacket','Red Jacket','No',NULL,725,'2025-02-25 14:26:02','2025-02-25 14:26:02'),
(126,'1A','Regular','','92','Fiberglass (FRP)','Emco','Single','Yes','5','','Ball Floats','Opw523v','','','Yes','Fiberglass',30,'2025-03-03 09:20:35','2025-03-03 09:20:35');
/*!40000 ALTER TABLE `site_info_tanks` ENABLE KEYS */;
UNLOCK TABLES;

--
-- Table structure for table `site_infos`
--

DROP TABLE IF EXISTS `site_infos`;
/*!40101 SET @saved_cs_client     = @@character_set_client */;
/*!40101 SET character_set_client = utf8mb4 */;
CREATE TABLE `site_infos` (
  `id` int(11) NOT NULL AUTO_INCREMENT,
  `fu_brand` varchar(100) DEFAULT NULL,
  `truck_stop` varchar(10) DEFAULT NULL,
  `dis_brand` varchar(100) DEFAULT NULL,
  `dis_model` varchar(100) DEFAULT NULL,
  `dis_sumps` varchar(10) DEFAULT NULL,
  `dis_type` varchar(100) DEFAULT NULL,
  `vents_count` varchar(20) DEFAULT NULL,
  `h_many_3_0` varchar(20) DEFAULT NULL,
  `h_many_3_1` varchar(20) DEFAULT NULL,
  `h_many_h_flows` varchar(20) DEFAULT NULL,
  `tanks_count` varchar(20) DEFAULT NULL,
  `atg_brand` varchar(100) DEFAULT NULL,
  `atg_sensors` varchar(100) DEFAULT NULL,
  `relay_brand` varchar(100) DEFAULT NULL,
  `pos_system` varchar(100) DEFAULT NULL,
  `lock` int(11) DEFAULT NULL,
  `customer_id` bigint(20) unsigned NOT NULL,
  `created_at` timestamp NULL DEFAULT NULL,
  `updated_at` timestamp NULL DEFAULT NULL,
  PRIMARY KEY (`id`),
  KEY `store_id` (`customer_id`),
  CONSTRAINT `site_infos_ibfk_1` FOREIGN KEY (`customer_id`) REFERENCES `users` (`id`)
) ENGINE=InnoDB AUTO_INCREMENT=827 DEFAULT CHARSET=utf8mb4 COLLATE=utf8mb4_general_ci;
/*!40101 SET character_set_client = @saved_cs_client */;

--
-- Dumping data for table `site_infos`
--

LOCK TABLES `site_infos` WRITE;
/*!40000 ALTER TABLE `site_infos` DISABLE KEYS */;
INSERT INTO `site_infos` (`id`, `fu_brand`, `truck_stop`, `dis_brand`, `dis_model`, `dis_sumps`, `dis_type`, `vents_count`, `h_many_3_0`, `h_many_3_1`, `h_many_h_flows`, `tanks_count`, `atg_brand`, `atg_sensors`, `relay_brand`, `pos_system`, `lock`, `customer_id`, `created_at`, `updated_at`) VALUES (7,'Test fu brand','No','test dispenser brand','test dispenser model','Yes','Poly','2','1','2','4','1','test atg brand','[\"CSLD\",\"PLLD\"]','test relay brand','test pos sys',1,21,'2024-08-09 10:08:00','2024-08-24 10:05:30'),
(12,NULL,NULL,NULL,NULL,NULL,NULL,NULL,NULL,NULL,NULL,NULL,NULL,NULL,NULL,NULL,NULL,95,'2024-08-17 10:33:48','2024-08-17 10:33:48'),
(13,NULL,NULL,NULL,NULL,NULL,NULL,NULL,NULL,NULL,NULL,NULL,NULL,NULL,NULL,NULL,NULL,96,'2024-08-17 15:00:53','2024-08-17 15:00:53'),
(14,NULL,NULL,NULL,NULL,NULL,NULL,NULL,NULL,NULL,NULL,NULL,NULL,NULL,NULL,NULL,NULL,97,'2024-08-21 03:35:33','2024-08-21 03:35:33'),
(15,'Conoco','No','Gilbarco','Encore 700S','Yes','Poly',NULL,'2','1',NULL,'3','TLS-350','[\"CSLD\",\"PLLD\"]',NULL,NULL,1,98,'2024-08-22 06:09:03','2025-01-16 15:39:43'),
(16,NULL,NULL,NULL,NULL,NULL,NULL,NULL,NULL,NULL,NULL,NULL,NULL,NULL,NULL,NULL,NULL,99,'2024-08-22 11:25:51','2024-08-22 11:25:51'),
(18,'Shell','No','Gilbarco','Encore 700S','Yes','Poly',NULL,'0','12','0','3','TLS-450','[\"Sensor\",\"CSLD\"]','Red Jacket',NULL,1,79,'2024-08-23 03:01:16','2025-01-16 14:57:05'),
(19,NULL,'Yes',NULL,NULL,'Yes','Poly',NULL,NULL,NULL,NULL,NULL,NULL,NULL,NULL,NULL,1,100,'2024-08-23 03:59:10','2024-08-23 03:59:10'),
(21,NULL,'Yes',NULL,NULL,'Yes','Poly',NULL,NULL,NULL,NULL,NULL,NULL,NULL,NULL,NULL,0,101,'2024-08-23 04:56:49','2024-08-23 04:56:49'),
(22,'Shell','Yes','Gilbarco','Encore 700S','No','Poly',NULL,'3','1','3','4','VeederRoot TLS450Plus',NULL,NULL,NULL,1,66,'2024-08-23 05:10:21','2024-10-11 20:27:49'),
(23,NULL,'Yes',NULL,NULL,'Yes','Poly',NULL,NULL,NULL,NULL,NULL,NULL,NULL,NULL,NULL,0,103,'2024-08-23 11:57:59','2024-08-23 11:57:59'),
(24,NULL,'Yes',NULL,NULL,'Yes','Poly',NULL,NULL,NULL,NULL,NULL,NULL,NULL,NULL,NULL,0,104,'2024-08-23 11:58:24','2024-08-23 11:58:24'),
(25,NULL,'Yes',NULL,NULL,'Yes','Poly',NULL,NULL,NULL,NULL,NULL,NULL,NULL,NULL,NULL,0,105,'2024-08-23 12:21:24','2024-08-23 12:21:24'),
(26,NULL,NULL,NULL,NULL,NULL,'Poly',NULL,NULL,NULL,NULL,NULL,NULL,'[\"CSLD\"]',NULL,NULL,0,106,'2024-08-23 12:32:58','2024-08-23 12:33:20'),
(27,'Exxon','No','Gilbarco','Encore 700S','No','Poly',NULL,'1','1',NULL,NULL,NULL,NULL,NULL,NULL,1,65,'2024-08-25 04:28:09','2025-02-19 09:20:11'),
(28,NULL,NULL,NULL,NULL,NULL,'Poly',NULL,NULL,NULL,NULL,NULL,NULL,NULL,NULL,NULL,0,108,'2024-08-28 10:36:50','2024-08-28 10:36:50'),
(29,'Texaco','No','Gilbarco','Encore 700S','No','Poly','2','2','0',NULL,'2','VR TLS4i','[\"NONE\"]','Red Jacket','Passport',1,73,'2024-08-29 02:53:08','2025-02-18 13:27:46'),
(30,'Texaco','No','Wayne','Ovation 2','Yes','Fiberglass','2',NULL,'2',NULL,'3','TLS-300','[\"NONE\"]','Red Jacket',NULL,1,109,'2024-09-05 01:32:22','2025-01-16 14:34:53'),
(31,'Sunoco',NULL,'Gilbarco','Encore 700S',NULL,'Poly',NULL,'2',NULL,NULL,'2','VeederRoot EMC','[\"NONE\"]',NULL,'Gilbarco Passport',1,110,'2024-09-05 01:56:29','2025-02-25 09:14:41'),
(32,'Exxon','Yes','Gilbarco','Encore 700S','Yes','Poly','1',NULL,'4','3','4','Gilbarco EMC','[\"Sensor\",\"CSLD\"]','Red Jacket','Gilbarco Passport',1,64,'2024-09-05 02:18:49','2025-02-19 09:06:12'),
(33,'no b','No',NULL,NULL,'No',NULL,NULL,'2','5','1',NULL,'nn',NULL,'aa','asd',0,111,'2024-09-06 03:03:52','2024-09-06 03:03:52'),
(34,'asdasd','No',NULL,NULL,NULL,'Poly',NULL,NULL,NULL,NULL,NULL,NULL,NULL,NULL,NULL,0,112,'2024-09-06 03:11:20','2024-09-06 03:11:20'),
(35,'dsa',NULL,NULL,NULL,NULL,'Poly',NULL,NULL,NULL,NULL,NULL,NULL,NULL,NULL,NULL,0,113,'2024-09-06 03:40:27','2024-09-06 03:40:27'),
(36,NULL,NULL,NULL,NULL,NULL,'Poly',NULL,NULL,NULL,NULL,NULL,NULL,NULL,NULL,NULL,0,114,'2024-09-06 03:52:20','2024-09-06 03:52:20'),
(37,'gfd','No',NULL,NULL,NULL,'Poly',NULL,NULL,NULL,NULL,NULL,NULL,NULL,NULL,NULL,0,115,'2024-09-06 03:57:21','2024-09-06 03:57:21'),
(38,'asdsda','No',NULL,NULL,NULL,'Poly',NULL,NULL,NULL,NULL,NULL,NULL,NULL,NULL,NULL,0,116,'2024-09-06 04:01:04','2024-09-06 04:01:04'),
(39,'hgf','No',NULL,NULL,'No',NULL,NULL,NULL,NULL,NULL,NULL,NULL,NULL,NULL,NULL,0,117,'2024-09-06 04:01:59','2024-09-06 04:01:59'),
(40,'Exxon','No','Gilbarco','Encore 700S','No','Poly','1','1','1','1','3','VeederRoot TLS-300','[\"NONE\"]','Grey STP Isolation box','Passport',1,118,'2024-09-07 02:33:28','2025-02-24 15:14:49'),
(41,NULL,NULL,NULL,NULL,NULL,'Poly',NULL,NULL,NULL,NULL,NULL,NULL,NULL,NULL,NULL,1,119,'2024-09-16 22:42:13','2025-02-20 15:17:41'),
(42,NULL,NULL,NULL,NULL,NULL,'Poly',NULL,NULL,NULL,NULL,NULL,NULL,NULL,NULL,NULL,1,120,'2024-09-16 22:44:41','2025-02-20 15:19:04'),
(43,NULL,NULL,NULL,NULL,NULL,'Poly',NULL,NULL,NULL,NULL,NULL,NULL,NULL,NULL,NULL,1,121,'2024-09-16 22:46:39','2025-02-20 15:22:26'),
(44,NULL,NULL,NULL,NULL,NULL,'Poly',NULL,NULL,NULL,NULL,NULL,NULL,NULL,NULL,NULL,1,122,'2024-09-16 22:48:25','2025-02-20 15:20:50'),
(45,NULL,NULL,NULL,NULL,NULL,'Poly',NULL,NULL,NULL,NULL,NULL,NULL,NULL,NULL,NULL,1,123,'2024-09-16 22:50:32','2025-02-20 15:24:07'),
(46,NULL,NULL,NULL,NULL,NULL,'Poly',NULL,NULL,NULL,NULL,NULL,NULL,NULL,NULL,NULL,1,124,'2024-09-16 22:54:22','2025-02-20 15:25:14'),
(47,NULL,NULL,NULL,NULL,NULL,'Poly',NULL,NULL,NULL,NULL,NULL,NULL,NULL,NULL,NULL,1,125,'2024-09-16 22:58:20','2025-02-20 15:26:25'),
(48,NULL,NULL,NULL,NULL,NULL,'Poly',NULL,NULL,NULL,NULL,NULL,NULL,NULL,NULL,NULL,1,126,'2024-09-16 23:00:10','2025-02-20 15:27:45'),
(49,NULL,NULL,NULL,NULL,NULL,'Poly',NULL,NULL,NULL,NULL,NULL,NULL,NULL,NULL,NULL,0,127,'2024-09-25 17:31:05','2024-09-25 17:31:05'),
(50,NULL,NULL,NULL,NULL,NULL,'Poly',NULL,NULL,NULL,NULL,NULL,NULL,NULL,NULL,NULL,1,128,'2024-09-25 17:38:32','2025-02-21 08:12:12'),
(51,NULL,NULL,NULL,NULL,NULL,'Poly',NULL,NULL,NULL,NULL,NULL,NULL,NULL,NULL,NULL,1,129,'2024-09-25 17:41:39','2025-02-21 08:15:14'),
(52,NULL,NULL,NULL,NULL,NULL,'Poly',NULL,NULL,NULL,NULL,NULL,NULL,NULL,NULL,NULL,1,130,'2024-09-25 17:46:58','2025-02-21 08:15:45'),
(53,NULL,NULL,NULL,NULL,NULL,'Poly',NULL,NULL,NULL,NULL,NULL,NULL,NULL,NULL,NULL,1,131,'2024-09-25 17:55:12','2025-02-21 08:16:38'),
(54,NULL,NULL,NULL,NULL,NULL,'Poly',NULL,NULL,NULL,NULL,NULL,NULL,NULL,NULL,NULL,1,132,'2024-09-25 17:59:25','2025-02-21 08:17:21'),
(55,NULL,NULL,NULL,NULL,NULL,'Poly',NULL,NULL,NULL,NULL,NULL,NULL,NULL,NULL,NULL,1,133,'2024-09-25 18:02:11','2025-02-21 08:17:52'),
(56,NULL,NULL,NULL,NULL,NULL,'Poly',NULL,NULL,NULL,NULL,NULL,NULL,NULL,NULL,NULL,1,134,'2024-09-25 18:07:40','2025-02-21 08:18:31'),
(57,NULL,NULL,NULL,NULL,NULL,'Poly',NULL,NULL,NULL,NULL,NULL,NULL,NULL,NULL,NULL,1,135,'2024-09-25 18:09:17','2025-02-21 08:19:05'),
(58,NULL,NULL,NULL,NULL,NULL,'Poly',NULL,NULL,NULL,NULL,NULL,NULL,NULL,NULL,NULL,1,136,'2024-09-25 18:10:54','2025-02-21 08:19:35'),
(59,NULL,NULL,NULL,NULL,NULL,'Poly',NULL,NULL,NULL,NULL,NULL,NULL,NULL,NULL,NULL,1,137,'2024-09-25 18:13:06','2025-02-21 08:20:20'),
(60,NULL,NULL,NULL,NULL,NULL,'Poly',NULL,NULL,NULL,NULL,NULL,NULL,NULL,NULL,NULL,1,138,'2024-09-25 18:15:32','2025-02-21 08:20:50'),
(61,NULL,NULL,NULL,NULL,NULL,'Poly',NULL,NULL,NULL,NULL,NULL,NULL,NULL,NULL,NULL,1,139,'2024-09-25 18:21:34','2025-02-21 08:21:22'),
(62,NULL,NULL,NULL,NULL,NULL,'Poly',NULL,NULL,NULL,NULL,NULL,NULL,NULL,NULL,NULL,1,140,'2024-10-10 21:37:42','2025-02-21 08:21:57'),
(63,NULL,NULL,NULL,NULL,NULL,'Poly',NULL,NULL,NULL,NULL,NULL,NULL,NULL,NULL,NULL,0,141,'2024-10-10 21:40:55','2024-10-10 21:40:55'),
(64,NULL,NULL,NULL,NULL,NULL,'Poly',NULL,NULL,NULL,NULL,NULL,NULL,NULL,NULL,NULL,1,142,'2024-10-10 21:44:32','2025-02-21 08:22:29'),
(65,NULL,NULL,NULL,NULL,NULL,'Poly',NULL,NULL,NULL,NULL,NULL,NULL,NULL,NULL,NULL,1,143,'2024-10-11 14:21:27','2025-02-24 10:58:00'),
(66,NULL,NULL,NULL,NULL,NULL,'Poly',NULL,NULL,NULL,NULL,NULL,NULL,NULL,NULL,NULL,1,144,'2024-10-11 14:25:18','2025-02-24 11:00:13'),
(67,NULL,NULL,NULL,NULL,NULL,'Poly',NULL,NULL,NULL,NULL,NULL,NULL,NULL,NULL,NULL,1,145,'2024-10-11 14:27:22','2025-02-24 11:02:09'),
(68,NULL,NULL,NULL,NULL,NULL,'Poly',NULL,NULL,NULL,NULL,NULL,NULL,NULL,NULL,NULL,1,146,'2024-10-11 14:34:37','2025-02-24 11:12:52'),
(69,NULL,NULL,NULL,NULL,NULL,'Poly',NULL,NULL,NULL,NULL,NULL,NULL,NULL,NULL,NULL,1,147,'2024-10-11 14:41:07','2025-02-24 11:22:10'),
(70,NULL,NULL,NULL,NULL,NULL,'Poly',NULL,NULL,NULL,NULL,NULL,NULL,NULL,NULL,NULL,1,148,'2024-10-11 14:43:09','2025-02-24 11:24:42'),
(71,NULL,NULL,NULL,NULL,NULL,'Poly',NULL,NULL,NULL,NULL,NULL,NULL,NULL,NULL,NULL,1,149,'2024-10-11 14:45:34','2025-02-24 11:26:01'),
(72,NULL,NULL,NULL,NULL,NULL,'Poly',NULL,NULL,NULL,NULL,NULL,NULL,NULL,NULL,NULL,1,150,'2024-10-11 14:49:40','2025-02-24 11:28:14'),
(73,NULL,NULL,NULL,NULL,NULL,'Poly',NULL,NULL,NULL,NULL,NULL,NULL,NULL,NULL,NULL,1,151,'2024-10-11 14:51:35','2025-02-24 11:33:32'),
(74,NULL,NULL,NULL,NULL,NULL,'Poly',NULL,NULL,NULL,NULL,NULL,NULL,NULL,NULL,NULL,1,152,'2024-10-11 14:53:38','2025-02-24 11:35:39'),
(75,NULL,NULL,NULL,NULL,NULL,'Poly',NULL,NULL,NULL,NULL,NULL,NULL,NULL,NULL,NULL,1,153,'2024-10-11 14:57:44','2025-02-24 12:30:09'),
(76,NULL,NULL,NULL,NULL,NULL,'Poly',NULL,NULL,NULL,NULL,NULL,NULL,NULL,NULL,NULL,1,154,'2024-10-11 15:00:58','2025-02-24 12:43:43'),
(77,NULL,NULL,NULL,NULL,NULL,'Poly',NULL,NULL,NULL,NULL,NULL,NULL,NULL,NULL,NULL,1,77,'2024-10-11 15:03:11','2025-02-24 12:49:17'),
(78,NULL,NULL,NULL,NULL,NULL,'Poly',NULL,NULL,NULL,NULL,NULL,NULL,NULL,NULL,NULL,1,155,'2024-10-11 15:05:12','2025-02-24 12:51:42'),
(79,NULL,NULL,NULL,NULL,NULL,'Poly',NULL,NULL,NULL,NULL,NULL,NULL,NULL,NULL,NULL,1,156,'2024-10-11 15:08:57','2025-02-24 13:22:44'),
(80,NULL,NULL,NULL,NULL,NULL,'Poly',NULL,NULL,NULL,NULL,NULL,NULL,NULL,NULL,NULL,1,157,'2024-10-11 15:10:55','2025-02-24 13:25:47'),
(81,NULL,NULL,NULL,NULL,NULL,'Poly',NULL,NULL,NULL,NULL,NULL,NULL,NULL,NULL,NULL,1,81,'2024-10-11 15:15:00','2025-02-24 11:14:40'),
(82,NULL,NULL,NULL,NULL,NULL,'Poly',NULL,NULL,NULL,NULL,NULL,NULL,NULL,NULL,NULL,1,82,'2024-10-11 15:16:42','2025-02-24 11:17:06'),
(83,NULL,NULL,NULL,NULL,NULL,'Poly',NULL,NULL,NULL,NULL,NULL,NULL,NULL,NULL,NULL,1,158,'2024-10-11 15:44:24','2025-02-24 14:14:41'),
(84,NULL,NULL,NULL,NULL,NULL,'Poly',NULL,NULL,NULL,NULL,NULL,NULL,NULL,NULL,NULL,1,159,'2024-10-11 15:46:22','2025-02-24 14:18:25'),
(85,NULL,NULL,NULL,NULL,NULL,'Poly',NULL,NULL,NULL,NULL,NULL,NULL,NULL,NULL,NULL,1,160,'2024-10-11 15:47:54','2025-02-24 14:20:39'),
(86,NULL,NULL,NULL,NULL,NULL,'Poly',NULL,NULL,NULL,NULL,NULL,NULL,NULL,NULL,NULL,1,161,'2024-10-11 15:50:33','2025-02-24 14:29:16'),
(87,NULL,NULL,NULL,NULL,NULL,'Poly',NULL,NULL,NULL,NULL,NULL,NULL,NULL,NULL,NULL,1,162,'2024-10-11 15:52:25','2025-02-24 14:31:20'),
(88,NULL,NULL,NULL,NULL,NULL,'Poly',NULL,NULL,NULL,NULL,NULL,NULL,NULL,NULL,NULL,1,163,'2024-10-11 15:54:01','2025-02-24 14:32:50'),
(89,NULL,NULL,NULL,NULL,NULL,'Poly',NULL,NULL,NULL,NULL,NULL,NULL,NULL,NULL,NULL,1,164,'2024-10-11 15:57:30','2025-02-24 14:34:35'),
(90,NULL,NULL,NULL,NULL,NULL,'Poly',NULL,NULL,NULL,NULL,NULL,NULL,NULL,NULL,NULL,1,83,'2024-10-11 15:59:06','2025-02-24 14:36:33'),
(91,NULL,NULL,NULL,NULL,NULL,'Poly',NULL,NULL,NULL,NULL,NULL,NULL,NULL,NULL,NULL,1,67,'2024-10-11 16:03:11','2025-02-24 14:38:40'),
(92,NULL,NULL,NULL,NULL,NULL,'Poly',NULL,NULL,NULL,NULL,NULL,NULL,NULL,NULL,NULL,1,74,'2024-10-11 16:04:26','2025-02-24 14:46:58'),
(93,NULL,NULL,NULL,NULL,NULL,'Poly',NULL,NULL,NULL,NULL,NULL,NULL,NULL,NULL,NULL,1,85,'2024-10-11 16:06:00','2025-02-24 14:51:20'),
(94,NULL,NULL,NULL,NULL,NULL,'Poly',NULL,NULL,NULL,NULL,NULL,NULL,NULL,NULL,NULL,1,165,'2024-10-11 16:09:04','2025-02-24 14:53:40'),
(95,NULL,NULL,NULL,NULL,NULL,'Poly',NULL,NULL,NULL,NULL,NULL,NULL,NULL,NULL,NULL,1,90,'2024-10-11 16:10:29','2025-02-24 14:55:56'),
(96,NULL,NULL,NULL,NULL,NULL,'Poly',NULL,NULL,NULL,NULL,NULL,NULL,NULL,NULL,NULL,1,166,'2024-10-11 20:20:56','2025-02-24 15:02:51'),
(97,NULL,NULL,NULL,NULL,NULL,'Poly',NULL,NULL,NULL,NULL,NULL,NULL,NULL,NULL,NULL,1,167,'2024-10-11 20:23:07','2025-02-24 15:04:41'),
(98,NULL,NULL,NULL,NULL,NULL,'Poly',NULL,NULL,NULL,NULL,NULL,NULL,NULL,NULL,NULL,1,168,'2024-10-11 20:25:22','2025-02-24 15:06:22'),
(99,NULL,NULL,NULL,NULL,NULL,'Poly',NULL,NULL,NULL,NULL,NULL,NULL,NULL,NULL,NULL,1,169,'2024-10-11 20:30:29','2025-02-24 15:10:03'),
(100,NULL,NULL,NULL,NULL,NULL,'Poly',NULL,NULL,NULL,NULL,NULL,NULL,NULL,NULL,NULL,1,170,'2024-10-11 20:34:39','2025-02-24 15:18:30'),
(101,NULL,NULL,NULL,NULL,NULL,'Poly',NULL,NULL,NULL,NULL,NULL,NULL,NULL,NULL,NULL,1,171,'2024-10-11 20:36:41','2025-02-24 15:25:20'),
(102,NULL,NULL,NULL,NULL,NULL,'Poly',NULL,NULL,NULL,NULL,NULL,NULL,NULL,NULL,NULL,1,72,'2024-10-11 20:38:52','2025-02-24 15:33:08'),
(103,NULL,NULL,NULL,NULL,NULL,'Poly',NULL,NULL,NULL,NULL,NULL,NULL,NULL,NULL,NULL,1,172,'2024-10-11 20:41:27','2025-02-24 15:59:21'),
(104,NULL,NULL,NULL,NULL,NULL,'Poly',NULL,NULL,NULL,NULL,NULL,NULL,NULL,NULL,NULL,1,173,'2024-10-11 20:45:29','2025-02-24 16:00:59'),
(105,NULL,NULL,NULL,NULL,NULL,'Poly',NULL,NULL,NULL,NULL,NULL,NULL,NULL,NULL,NULL,1,174,'2024-10-11 20:47:40','2025-02-24 16:04:04'),
(106,NULL,NULL,NULL,NULL,NULL,'Poly',NULL,NULL,NULL,NULL,NULL,NULL,NULL,NULL,NULL,1,175,'2024-10-11 20:49:39','2025-02-24 16:05:38'),
(107,NULL,NULL,NULL,NULL,NULL,'Poly',NULL,NULL,NULL,NULL,NULL,NULL,NULL,NULL,NULL,1,176,'2024-10-11 20:51:55','2025-02-24 15:35:32'),
(108,NULL,NULL,NULL,NULL,NULL,'Poly',NULL,NULL,NULL,NULL,NULL,NULL,NULL,NULL,NULL,1,177,'2024-10-11 20:54:16','2025-02-24 15:57:19'),
(109,NULL,NULL,NULL,NULL,NULL,'Poly',NULL,NULL,NULL,NULL,NULL,NULL,NULL,NULL,NULL,0,178,'2024-10-21 15:51:29','2024-10-21 15:51:29'),
(110,NULL,NULL,NULL,NULL,NULL,'Poly',NULL,NULL,NULL,NULL,NULL,NULL,NULL,NULL,NULL,0,179,'2024-10-21 16:24:18','2024-10-21 16:24:18'),
(111,NULL,NULL,NULL,NULL,NULL,'Poly',NULL,NULL,NULL,NULL,NULL,NULL,NULL,NULL,NULL,1,180,'2024-10-22 16:54:24','2025-02-20 15:11:57'),
(112,NULL,NULL,NULL,NULL,NULL,'Poly',NULL,NULL,NULL,NULL,NULL,NULL,NULL,NULL,NULL,1,181,'2024-10-23 16:06:43','2025-01-16 16:09:46'),
(113,NULL,NULL,NULL,NULL,NULL,'Poly',NULL,NULL,NULL,NULL,NULL,NULL,NULL,NULL,NULL,1,182,'2024-10-28 17:25:46','2025-01-16 14:32:53'),
(114,NULL,NULL,NULL,NULL,NULL,'Poly',NULL,NULL,NULL,NULL,NULL,NULL,NULL,NULL,NULL,1,183,'2024-10-28 17:32:42','2025-02-19 09:29:26'),
(115,NULL,NULL,NULL,NULL,NULL,'Poly',NULL,NULL,NULL,NULL,NULL,NULL,NULL,NULL,NULL,1,184,'2024-11-11 15:00:27','2025-03-03 09:32:44'),
(116,'Chevron','No','Gilbarco','700s','Yes','Poly','2','3','2',NULL,'2','TLS 450+','[\"Sensor\"]',NULL,'PASSPORT',1,185,'2024-12-06 16:23:40','2024-12-06 16:23:40'),
(117,'Exxon',NULL,'Gilbarco','700s',NULL,'Poly','2',NULL,'5','1','1','Tls 450+','[\"Sensor\"]',NULL,'Passport',1,186,'2024-12-07 04:17:13','2024-12-07 04:21:10'),
(118,'Shell','No','Gilbarco','700s',NULL,'Poly','2','4','2',NULL,'3','Tls 350','[\"CSLD\"]',NULL,'Passport',1,187,'2024-12-07 22:29:19','2024-12-07 22:34:42'),
(119,'Exxon',NULL,'Gilbarco','700s','Yes','Poly',NULL,'2','2',NULL,NULL,'Tls350','[\"CSLD\"]',NULL,'Passport',1,188,'2024-12-07 22:42:20','2024-12-07 22:42:20'),
(120,NULL,NULL,NULL,NULL,NULL,'Poly',NULL,NULL,NULL,NULL,NULL,NULL,NULL,NULL,NULL,1,189,'2024-12-10 17:03:04','2024-12-10 17:03:04'),
(121,NULL,NULL,NULL,NULL,NULL,'Poly',NULL,NULL,NULL,NULL,NULL,NULL,NULL,NULL,NULL,1,191,'2024-12-11 21:17:01','2024-12-11 21:17:01'),
(122,NULL,NULL,NULL,NULL,NULL,'Poly',NULL,NULL,NULL,NULL,NULL,NULL,NULL,NULL,NULL,1,192,'2024-12-11 21:18:43','2024-12-11 21:18:43'),
(123,NULL,NULL,NULL,NULL,NULL,'Poly',NULL,NULL,NULL,NULL,NULL,NULL,NULL,NULL,NULL,1,193,'2024-12-11 21:20:37','2024-12-11 21:20:37'),
(124,NULL,NULL,NULL,NULL,NULL,'Poly',NULL,NULL,NULL,NULL,NULL,NULL,NULL,NULL,NULL,1,194,'2024-12-11 21:22:02','2024-12-11 21:22:02'),
(125,NULL,NULL,NULL,NULL,NULL,'Poly',NULL,NULL,NULL,NULL,NULL,NULL,NULL,NULL,NULL,1,195,'2024-12-11 21:23:42','2024-12-11 21:23:42'),
(126,NULL,NULL,NULL,NULL,NULL,'Poly',NULL,NULL,NULL,NULL,NULL,NULL,NULL,NULL,NULL,1,196,'2024-12-11 21:26:14','2024-12-11 21:26:14'),
(127,NULL,NULL,NULL,NULL,NULL,'Poly',NULL,NULL,NULL,NULL,NULL,NULL,NULL,NULL,NULL,1,197,'2024-12-11 21:27:50','2024-12-11 21:27:50'),
(128,NULL,NULL,NULL,NULL,NULL,'Poly',NULL,NULL,NULL,NULL,NULL,NULL,NULL,NULL,NULL,1,198,'2024-12-11 21:28:56','2024-12-11 21:28:56'),
(129,NULL,NULL,NULL,NULL,NULL,'Poly',NULL,NULL,NULL,NULL,NULL,NULL,NULL,NULL,NULL,1,199,'2024-12-11 21:30:29','2024-12-11 21:30:29'),
(130,NULL,NULL,NULL,NULL,NULL,'Poly',NULL,NULL,NULL,NULL,NULL,NULL,NULL,NULL,NULL,1,200,'2024-12-11 21:32:30','2024-12-11 21:32:30'),
(131,NULL,NULL,NULL,NULL,NULL,'Poly',NULL,NULL,NULL,NULL,NULL,NULL,NULL,NULL,NULL,1,201,'2024-12-11 21:34:33','2024-12-11 21:34:33'),
(132,NULL,NULL,NULL,NULL,NULL,'Poly',NULL,NULL,NULL,NULL,NULL,NULL,NULL,NULL,NULL,1,202,'2024-12-11 21:37:00','2024-12-11 21:37:00'),
(133,NULL,NULL,NULL,NULL,NULL,'Poly',NULL,NULL,NULL,NULL,NULL,NULL,NULL,NULL,NULL,1,203,'2024-12-11 21:38:16','2024-12-11 21:38:16'),
(134,NULL,NULL,NULL,NULL,NULL,'Poly',NULL,NULL,NULL,NULL,NULL,NULL,NULL,NULL,NULL,1,204,'2024-12-11 21:41:42','2024-12-11 21:41:42'),
(135,NULL,NULL,NULL,NULL,NULL,'Poly',NULL,NULL,NULL,NULL,NULL,NULL,NULL,NULL,NULL,1,205,'2024-12-11 21:42:53','2024-12-11 21:42:53'),
(136,NULL,NULL,NULL,NULL,NULL,'Poly',NULL,NULL,NULL,NULL,NULL,NULL,NULL,NULL,NULL,1,206,'2024-12-11 22:10:47','2024-12-11 22:10:47'),
(137,NULL,NULL,NULL,NULL,NULL,'Poly',NULL,NULL,NULL,NULL,NULL,NULL,NULL,NULL,NULL,1,207,'2024-12-11 22:12:09','2024-12-11 22:12:09'),
(138,NULL,NULL,NULL,NULL,NULL,'Poly',NULL,NULL,NULL,NULL,NULL,NULL,NULL,NULL,NULL,1,208,'2024-12-13 18:26:53','2024-12-13 18:26:53'),
(139,NULL,NULL,NULL,NULL,NULL,'Poly',NULL,NULL,NULL,NULL,NULL,NULL,NULL,NULL,NULL,1,209,'2024-12-13 18:28:04','2024-12-13 18:28:04'),
(140,NULL,NULL,NULL,NULL,NULL,'Poly',NULL,NULL,NULL,NULL,NULL,NULL,NULL,NULL,NULL,1,210,'2024-12-13 18:29:30','2024-12-13 18:29:30'),
(141,NULL,NULL,NULL,NULL,NULL,'Poly',NULL,NULL,NULL,NULL,NULL,NULL,NULL,NULL,NULL,1,211,'2024-12-13 18:30:41','2024-12-13 18:30:41'),
(142,NULL,NULL,NULL,NULL,NULL,'Poly',NULL,NULL,NULL,NULL,NULL,NULL,NULL,NULL,NULL,1,212,'2024-12-13 20:01:08','2024-12-13 20:01:08'),
(143,NULL,NULL,NULL,NULL,NULL,'Poly',NULL,NULL,NULL,NULL,NULL,NULL,NULL,NULL,NULL,1,213,'2024-12-13 20:02:36','2024-12-13 20:02:36'),
(144,NULL,NULL,NULL,NULL,NULL,'Poly',NULL,NULL,NULL,NULL,NULL,NULL,NULL,NULL,NULL,1,214,'2024-12-13 20:03:46','2024-12-13 20:03:46'),
(145,NULL,NULL,NULL,NULL,NULL,'Poly',NULL,NULL,NULL,NULL,NULL,NULL,NULL,NULL,NULL,1,215,'2024-12-13 20:05:03','2024-12-13 20:05:03'),
(146,NULL,NULL,NULL,NULL,NULL,'Poly',NULL,NULL,NULL,NULL,NULL,NULL,NULL,NULL,NULL,1,216,'2024-12-13 20:06:35','2024-12-13 20:06:35'),
(147,NULL,NULL,NULL,NULL,NULL,'Poly',NULL,NULL,NULL,NULL,NULL,NULL,NULL,NULL,NULL,1,217,'2024-12-13 20:09:14','2024-12-13 20:09:14'),
(148,NULL,NULL,NULL,NULL,NULL,'Poly',NULL,NULL,NULL,NULL,NULL,NULL,NULL,NULL,NULL,1,218,'2024-12-13 20:11:31','2024-12-13 20:11:31'),
(149,NULL,NULL,NULL,NULL,NULL,'Poly',NULL,NULL,NULL,NULL,NULL,NULL,NULL,NULL,NULL,1,219,'2024-12-13 20:12:38','2024-12-13 20:12:38'),
(150,NULL,NULL,NULL,NULL,NULL,'Poly',NULL,NULL,NULL,NULL,NULL,NULL,NULL,NULL,NULL,1,220,'2024-12-13 20:29:47','2024-12-13 20:29:47'),
(151,NULL,NULL,NULL,NULL,NULL,'Poly',NULL,NULL,NULL,NULL,NULL,NULL,NULL,NULL,NULL,1,221,'2024-12-13 20:30:55','2024-12-13 20:30:55'),
(152,NULL,NULL,NULL,NULL,NULL,'Poly',NULL,NULL,NULL,NULL,NULL,NULL,NULL,NULL,NULL,1,222,'2024-12-13 20:31:54','2024-12-13 20:31:54'),
(153,NULL,NULL,NULL,NULL,NULL,'Poly',NULL,NULL,NULL,NULL,NULL,NULL,NULL,NULL,NULL,1,223,'2024-12-13 20:32:54','2024-12-13 20:32:54'),
(154,NULL,NULL,NULL,NULL,NULL,'Poly',NULL,NULL,NULL,NULL,NULL,NULL,NULL,NULL,NULL,1,224,'2024-12-13 20:33:49','2024-12-13 20:33:49'),
(155,NULL,NULL,NULL,NULL,NULL,'Poly',NULL,NULL,NULL,NULL,NULL,NULL,NULL,NULL,NULL,1,225,'2024-12-31 21:13:31','2025-02-19 09:20:46'),
(156,NULL,NULL,NULL,NULL,NULL,'Poly',NULL,NULL,NULL,NULL,NULL,NULL,NULL,NULL,NULL,1,226,'2024-12-31 21:16:01','2025-02-18 13:23:20'),
(157,NULL,NULL,NULL,NULL,NULL,'Poly',NULL,NULL,NULL,NULL,NULL,NULL,NULL,NULL,NULL,0,461,'2025-01-06 17:19:03','2025-01-06 17:19:03'),
(158,'Valero','No','Gilbarco','700s','Yes','Poly','2','0','2',NULL,'1','TLS 350','[\"Sensor\"]','Open Face','Passport',1,463,'2025-01-10 15:04:35','2025-01-10 15:14:56'),
(159,NULL,NULL,NULL,NULL,NULL,'Poly',NULL,NULL,NULL,NULL,NULL,NULL,NULL,NULL,NULL,1,464,'2025-01-13 13:39:41','2025-02-18 14:05:27'),
(160,NULL,NULL,NULL,NULL,NULL,'Poly',NULL,NULL,NULL,NULL,NULL,NULL,NULL,NULL,NULL,1,465,'2025-01-13 16:33:59','2025-01-13 16:33:59'),
(161,NULL,NULL,NULL,NULL,NULL,'Poly',NULL,NULL,NULL,NULL,NULL,NULL,NULL,NULL,NULL,1,466,'2025-01-13 16:38:44','2025-01-13 16:38:44'),
(162,NULL,NULL,NULL,NULL,NULL,'Poly',NULL,NULL,NULL,NULL,NULL,NULL,NULL,NULL,NULL,1,467,'2025-01-13 16:40:22','2025-01-13 16:40:22'),
(163,NULL,NULL,NULL,NULL,NULL,'Poly',NULL,NULL,NULL,NULL,NULL,NULL,NULL,NULL,NULL,1,468,'2025-01-13 16:44:35','2025-01-13 16:44:35'),
(164,'n/a','No','Gilbarco','500s','No',NULL,NULL,'2',NULL,NULL,'2','TLS350','[\"NONE\"]',NULL,'Passport',1,470,'2025-01-14 09:17:54','2025-01-14 09:17:54'),
(165,'Swift','No','Gilbarco','700s','Yes','Poly','2','2','2',NULL,'1','TLS450+','[\"Sensor\"]',NULL,'Passport',1,471,'2025-01-14 09:22:30','2025-01-14 09:22:30'),
(166,NULL,NULL,NULL,NULL,NULL,'Poly',NULL,NULL,NULL,NULL,NULL,NULL,NULL,NULL,NULL,0,472,'2025-01-14 09:25:03','2025-01-14 09:25:03'),
(167,NULL,NULL,NULL,NULL,NULL,'Poly',NULL,NULL,NULL,NULL,NULL,NULL,NULL,NULL,NULL,1,473,'2025-01-14 09:27:13','2025-01-14 09:27:13'),
(168,NULL,NULL,NULL,NULL,NULL,'Poly',NULL,NULL,NULL,NULL,NULL,NULL,NULL,NULL,NULL,0,474,'2025-01-14 09:29:39','2025-01-14 09:29:39'),
(169,NULL,NULL,NULL,NULL,NULL,'Poly',NULL,NULL,NULL,NULL,NULL,NULL,NULL,NULL,NULL,1,475,'2025-01-14 09:31:53','2025-01-14 09:31:53'),
(170,NULL,NULL,NULL,NULL,NULL,'Poly',NULL,NULL,NULL,NULL,NULL,NULL,NULL,NULL,NULL,1,476,'2025-01-14 09:33:30','2025-01-14 09:33:30'),
(171,NULL,NULL,NULL,NULL,NULL,'Poly',NULL,NULL,NULL,NULL,NULL,NULL,NULL,NULL,NULL,1,477,'2025-01-14 09:35:24','2025-01-14 09:35:24'),
(172,NULL,NULL,NULL,NULL,NULL,'Poly',NULL,NULL,NULL,NULL,NULL,NULL,NULL,NULL,NULL,1,478,'2025-01-14 09:38:14','2025-01-14 09:38:14'),
(173,NULL,NULL,NULL,NULL,NULL,'Poly',NULL,NULL,NULL,NULL,NULL,NULL,NULL,NULL,NULL,1,479,'2025-01-14 09:42:48','2025-01-14 09:42:48'),
(174,NULL,NULL,NULL,NULL,NULL,'Poly',NULL,NULL,NULL,NULL,NULL,NULL,NULL,NULL,NULL,1,480,'2025-01-14 10:12:17','2025-01-14 10:12:17'),
(175,NULL,NULL,'Gilbarco','700s','Yes','Poly','1','2','2',NULL,'2','TLS 350',NULL,NULL,'Passport',1,481,'2025-01-15 09:28:11','2025-01-15 19:58:53'),
(176,'Chevron','No','Gilbarco','700s','Yes','Poly','2','3','2',NULL,'2','TLS 450','[\"Sensor\"]',NULL,'Passport',1,482,'2025-01-15 09:38:43','2025-01-15 19:55:29'),
(177,'Chevron','No','Gilbarco','700s','Yes','Poly','2','3','2',NULL,'2','TLS 450+','[\"Sensor\"]',NULL,'Passport',1,483,'2025-01-15 09:41:19','2025-01-15 19:50:51'),
(178,NULL,NULL,NULL,NULL,NULL,'Poly',NULL,NULL,NULL,NULL,NULL,NULL,NULL,NULL,NULL,1,484,'2025-01-15 09:57:52','2025-01-15 09:57:52'),
(179,NULL,NULL,NULL,NULL,NULL,'Poly',NULL,NULL,NULL,NULL,NULL,NULL,NULL,NULL,NULL,1,485,'2025-01-15 09:59:41','2025-01-15 09:59:41'),
(180,NULL,NULL,NULL,NULL,NULL,'Poly',NULL,NULL,NULL,NULL,NULL,NULL,NULL,NULL,NULL,1,486,'2025-01-15 10:04:53','2025-01-15 10:04:53'),
(181,NULL,NULL,NULL,NULL,NULL,'Poly',NULL,NULL,NULL,NULL,NULL,NULL,NULL,NULL,NULL,1,487,'2025-01-15 10:11:39','2025-01-15 10:11:39'),
(182,NULL,NULL,NULL,NULL,NULL,'Poly',NULL,NULL,NULL,NULL,NULL,NULL,NULL,NULL,NULL,1,488,'2025-01-15 10:14:37','2025-01-15 10:14:37'),
(183,NULL,NULL,NULL,NULL,NULL,'Poly',NULL,NULL,NULL,NULL,NULL,NULL,NULL,NULL,NULL,1,489,'2025-01-15 10:28:03','2025-01-15 10:28:03'),
(184,NULL,NULL,NULL,NULL,NULL,'Poly',NULL,NULL,NULL,NULL,NULL,NULL,NULL,NULL,NULL,1,490,'2025-01-15 10:54:47','2025-01-15 10:54:47'),
(185,NULL,NULL,NULL,NULL,NULL,'Poly',NULL,NULL,NULL,NULL,NULL,NULL,NULL,NULL,NULL,1,438,'2025-01-15 12:45:17','2025-02-24 10:22:03'),
(186,NULL,NULL,NULL,NULL,NULL,'Poly',NULL,NULL,NULL,NULL,NULL,NULL,NULL,NULL,NULL,1,491,'2025-01-15 12:59:22','2025-03-03 09:21:01'),
(187,NULL,NULL,NULL,NULL,NULL,'Poly',NULL,NULL,NULL,NULL,NULL,NULL,NULL,NULL,NULL,0,492,'2025-01-15 13:01:52','2025-01-15 13:01:52'),
(188,NULL,NULL,NULL,NULL,NULL,'Poly',NULL,NULL,NULL,NULL,NULL,NULL,NULL,NULL,NULL,0,493,'2025-01-15 13:04:13','2025-01-15 13:04:13'),
(189,NULL,NULL,NULL,NULL,NULL,'Poly',NULL,NULL,NULL,NULL,NULL,NULL,NULL,NULL,NULL,0,494,'2025-01-15 13:06:07','2025-01-15 13:06:07'),
(190,NULL,NULL,NULL,NULL,NULL,'Poly',NULL,NULL,NULL,NULL,NULL,NULL,NULL,NULL,NULL,0,495,'2025-01-15 13:08:15','2025-01-15 13:08:15'),
(191,NULL,NULL,NULL,NULL,NULL,'Poly',NULL,NULL,NULL,NULL,NULL,NULL,NULL,NULL,NULL,0,496,'2025-01-15 13:11:14','2025-01-15 13:11:14'),
(192,NULL,NULL,NULL,NULL,NULL,'Poly',NULL,NULL,NULL,NULL,NULL,NULL,NULL,NULL,NULL,0,497,'2025-01-15 13:13:53','2025-01-15 13:13:53'),
(193,NULL,NULL,NULL,NULL,NULL,'Poly',NULL,NULL,NULL,NULL,NULL,NULL,NULL,NULL,NULL,0,498,'2025-01-15 13:16:59','2025-01-15 13:16:59'),
(194,NULL,NULL,NULL,NULL,NULL,'Poly',NULL,NULL,NULL,NULL,NULL,NULL,NULL,NULL,NULL,0,499,'2025-01-15 13:19:20','2025-01-15 13:19:20'),
(195,NULL,NULL,NULL,NULL,NULL,'Poly',NULL,NULL,NULL,NULL,NULL,NULL,NULL,NULL,NULL,1,500,'2025-01-15 13:22:07','2025-03-03 09:43:41'),
(196,NULL,NULL,NULL,NULL,NULL,'Poly',NULL,NULL,NULL,NULL,NULL,NULL,NULL,NULL,NULL,1,501,'2025-01-15 13:25:42','2025-03-03 09:43:14'),
(197,NULL,NULL,NULL,NULL,NULL,'Poly',NULL,NULL,NULL,NULL,NULL,NULL,NULL,NULL,NULL,0,502,'2025-01-15 13:36:27','2025-01-15 13:36:27'),
(198,NULL,NULL,NULL,NULL,NULL,'Poly',NULL,NULL,NULL,NULL,NULL,NULL,NULL,NULL,NULL,0,503,'2025-01-15 13:38:20','2025-01-15 13:38:20'),
(199,NULL,NULL,NULL,NULL,NULL,'Poly',NULL,NULL,NULL,NULL,NULL,NULL,NULL,NULL,NULL,0,504,'2025-01-15 13:40:31','2025-01-15 13:40:31'),
(200,NULL,NULL,NULL,NULL,NULL,'Poly',NULL,NULL,NULL,NULL,NULL,NULL,NULL,NULL,NULL,0,505,'2025-01-15 13:42:30','2025-01-15 13:42:30'),
(201,NULL,NULL,NULL,NULL,NULL,'Poly',NULL,NULL,NULL,NULL,NULL,NULL,NULL,NULL,NULL,0,506,'2025-01-15 13:44:30','2025-01-15 13:44:30'),
(202,NULL,NULL,NULL,NULL,NULL,'Poly',NULL,NULL,NULL,NULL,NULL,NULL,NULL,NULL,NULL,1,507,'2025-01-15 13:47:15','2025-03-03 09:38:41'),
(203,NULL,NULL,NULL,NULL,NULL,'Poly',NULL,NULL,NULL,NULL,NULL,NULL,NULL,NULL,NULL,1,508,'2025-01-15 13:51:37','2025-01-15 13:55:19'),
(204,NULL,NULL,NULL,NULL,NULL,'Poly',NULL,NULL,NULL,NULL,NULL,NULL,NULL,NULL,NULL,1,509,'2025-01-15 13:57:27','2025-01-15 13:57:27'),
(205,NULL,NULL,NULL,NULL,NULL,'Poly',NULL,NULL,NULL,NULL,NULL,NULL,NULL,NULL,NULL,0,510,'2025-01-15 13:59:31','2025-01-15 13:59:31'),
(206,NULL,NULL,NULL,NULL,NULL,'Poly',NULL,NULL,NULL,NULL,NULL,NULL,NULL,NULL,NULL,1,511,'2025-01-15 14:01:33','2025-01-15 14:01:33'),
(207,NULL,NULL,NULL,NULL,NULL,'Poly',NULL,NULL,NULL,NULL,NULL,NULL,NULL,NULL,NULL,1,512,'2025-01-15 14:03:27','2025-01-15 14:03:27'),
(208,NULL,NULL,NULL,NULL,NULL,'Poly',NULL,NULL,NULL,NULL,NULL,NULL,NULL,NULL,NULL,1,513,'2025-01-15 14:06:14','2025-01-15 14:06:14'),
(209,NULL,NULL,NULL,NULL,NULL,'Poly',NULL,NULL,NULL,NULL,NULL,NULL,NULL,NULL,NULL,1,514,'2025-01-15 14:08:34','2025-01-15 14:08:34'),
(210,NULL,NULL,NULL,NULL,NULL,'Poly',NULL,NULL,NULL,NULL,NULL,NULL,NULL,NULL,NULL,1,515,'2025-01-15 14:10:56','2025-01-15 14:10:56'),
(211,NULL,NULL,NULL,NULL,NULL,'Poly',NULL,NULL,NULL,NULL,NULL,NULL,NULL,NULL,NULL,1,516,'2025-01-15 14:13:19','2025-01-15 14:13:19'),
(212,NULL,NULL,NULL,NULL,NULL,'Poly',NULL,NULL,NULL,NULL,NULL,NULL,NULL,NULL,NULL,1,517,'2025-01-15 14:15:47','2025-01-15 14:15:47'),
(213,NULL,NULL,NULL,NULL,NULL,'Poly',NULL,NULL,NULL,NULL,NULL,NULL,NULL,NULL,NULL,1,518,'2025-01-15 14:18:31','2025-01-15 14:18:31'),
(214,NULL,NULL,NULL,NULL,NULL,'Poly',NULL,NULL,NULL,NULL,NULL,NULL,NULL,NULL,NULL,1,519,'2025-01-15 14:21:11','2025-01-15 14:21:11'),
(215,NULL,NULL,NULL,NULL,NULL,'Poly',NULL,NULL,NULL,NULL,NULL,NULL,NULL,NULL,NULL,1,520,'2025-01-15 14:23:08','2025-01-15 14:23:08'),
(216,NULL,NULL,NULL,NULL,NULL,'Poly',NULL,NULL,NULL,NULL,NULL,NULL,NULL,NULL,NULL,1,521,'2025-01-15 14:24:58','2025-01-15 14:24:58'),
(217,NULL,NULL,NULL,NULL,NULL,'Poly',NULL,NULL,NULL,NULL,NULL,NULL,NULL,NULL,NULL,1,522,'2025-01-15 14:26:57','2025-01-15 14:26:57'),
(218,NULL,NULL,NULL,NULL,NULL,'Poly',NULL,NULL,NULL,NULL,NULL,NULL,NULL,NULL,NULL,1,523,'2025-01-15 14:30:48','2025-01-15 14:30:48'),
(219,NULL,NULL,NULL,NULL,NULL,'Poly',NULL,NULL,NULL,NULL,NULL,NULL,NULL,NULL,NULL,1,524,'2025-01-15 14:33:15','2025-01-15 14:33:15'),
(220,NULL,NULL,NULL,NULL,NULL,'Poly',NULL,NULL,NULL,NULL,NULL,NULL,NULL,NULL,NULL,1,525,'2025-01-15 14:34:49','2025-01-15 14:34:49'),
(221,NULL,NULL,NULL,NULL,NULL,'Poly',NULL,NULL,NULL,NULL,NULL,NULL,NULL,NULL,NULL,1,526,'2025-01-15 14:37:48','2025-01-15 14:37:48'),
(222,NULL,NULL,NULL,NULL,NULL,'Poly',NULL,NULL,NULL,NULL,NULL,NULL,NULL,NULL,NULL,1,527,'2025-01-15 14:39:54','2025-01-15 14:39:54'),
(223,NULL,NULL,NULL,NULL,NULL,'Poly',NULL,NULL,NULL,NULL,NULL,NULL,NULL,NULL,NULL,1,528,'2025-01-15 14:44:34','2025-01-15 14:44:34'),
(224,NULL,NULL,NULL,NULL,NULL,'Poly',NULL,NULL,NULL,NULL,NULL,NULL,NULL,NULL,NULL,1,529,'2025-01-15 14:48:36','2025-01-15 14:48:36'),
(225,NULL,NULL,NULL,NULL,NULL,'Poly',NULL,NULL,NULL,NULL,NULL,NULL,NULL,NULL,NULL,1,530,'2025-01-15 14:50:44','2025-01-15 14:50:44'),
(226,NULL,NULL,NULL,NULL,NULL,'Poly',NULL,NULL,NULL,NULL,NULL,NULL,NULL,NULL,NULL,1,531,'2025-01-15 14:59:14','2025-01-15 14:59:14'),
(227,NULL,NULL,NULL,NULL,NULL,'Poly',NULL,NULL,NULL,NULL,NULL,NULL,NULL,NULL,NULL,1,532,'2025-01-15 15:02:21','2025-01-15 15:02:21'),
(228,NULL,NULL,NULL,NULL,NULL,'Poly',NULL,NULL,NULL,NULL,NULL,NULL,NULL,NULL,NULL,1,533,'2025-01-15 15:04:12','2025-01-15 15:04:12'),
(229,NULL,NULL,NULL,NULL,NULL,'Poly',NULL,NULL,NULL,NULL,NULL,NULL,NULL,NULL,NULL,1,534,'2025-01-15 15:06:02','2025-01-15 15:06:02'),
(230,NULL,NULL,NULL,NULL,NULL,'Poly',NULL,NULL,NULL,NULL,NULL,NULL,NULL,NULL,NULL,1,535,'2025-01-15 15:06:06','2025-01-15 15:06:06'),
(231,NULL,NULL,NULL,NULL,NULL,'Poly',NULL,NULL,NULL,NULL,NULL,NULL,NULL,NULL,NULL,1,536,'2025-01-15 15:07:47','2025-01-15 15:07:47'),
(232,NULL,NULL,NULL,NULL,NULL,'Poly',NULL,NULL,NULL,NULL,NULL,NULL,NULL,NULL,NULL,1,537,'2025-01-15 15:09:18','2025-01-15 15:09:18'),
(233,NULL,NULL,NULL,NULL,NULL,'Poly',NULL,NULL,NULL,NULL,NULL,NULL,NULL,NULL,NULL,1,538,'2025-01-15 15:09:36','2025-01-15 15:09:36'),
(234,NULL,NULL,NULL,NULL,NULL,'Poly',NULL,NULL,NULL,NULL,NULL,NULL,NULL,NULL,NULL,1,539,'2025-01-15 15:11:30','2025-01-15 15:11:30'),
(235,NULL,NULL,NULL,NULL,NULL,'Poly',NULL,NULL,NULL,NULL,NULL,NULL,NULL,NULL,NULL,1,540,'2025-01-15 15:13:30','2025-01-15 15:13:30'),
(236,NULL,NULL,NULL,NULL,NULL,'Poly',NULL,NULL,NULL,NULL,NULL,NULL,NULL,NULL,NULL,1,541,'2025-01-15 15:14:45','2025-01-15 15:14:45'),
(237,NULL,NULL,NULL,NULL,NULL,'Poly',NULL,NULL,NULL,NULL,NULL,NULL,NULL,NULL,NULL,1,542,'2025-01-15 15:15:13','2025-01-15 15:15:13'),
(238,NULL,NULL,NULL,NULL,NULL,'Poly',NULL,NULL,NULL,NULL,NULL,NULL,NULL,NULL,NULL,1,543,'2025-01-15 15:18:48','2025-01-15 15:18:48'),
(239,NULL,NULL,NULL,NULL,NULL,'Poly',NULL,NULL,NULL,NULL,NULL,NULL,NULL,NULL,NULL,1,544,'2025-01-15 15:21:42','2025-01-15 15:21:42'),
(240,NULL,NULL,NULL,NULL,NULL,'Poly',NULL,NULL,NULL,NULL,NULL,NULL,NULL,NULL,NULL,1,545,'2025-01-15 15:23:30','2025-01-15 15:23:30'),
(241,NULL,NULL,NULL,NULL,NULL,'Poly',NULL,NULL,NULL,NULL,NULL,NULL,NULL,NULL,NULL,1,546,'2025-01-15 15:24:29','2025-01-15 15:24:29'),
(242,NULL,NULL,NULL,NULL,NULL,'Poly',NULL,NULL,NULL,NULL,NULL,NULL,NULL,NULL,NULL,1,547,'2025-01-15 15:25:24','2025-01-15 15:25:24'),
(243,NULL,NULL,NULL,NULL,NULL,'Poly',NULL,NULL,NULL,NULL,NULL,NULL,NULL,NULL,NULL,1,548,'2025-01-15 15:27:32','2025-01-15 15:27:32'),
(244,NULL,NULL,NULL,NULL,NULL,'Poly',NULL,NULL,NULL,NULL,NULL,NULL,NULL,NULL,NULL,1,549,'2025-01-15 15:29:31','2025-01-15 15:29:31'),
(245,NULL,NULL,NULL,NULL,NULL,'Poly',NULL,NULL,NULL,NULL,NULL,NULL,NULL,NULL,NULL,1,550,'2025-01-15 15:30:51','2025-01-15 15:30:51'),
(246,NULL,NULL,NULL,NULL,NULL,'Poly',NULL,NULL,NULL,NULL,NULL,NULL,NULL,NULL,NULL,1,551,'2025-01-15 15:33:28','2025-01-15 15:33:28'),
(247,NULL,NULL,NULL,NULL,NULL,'Poly',NULL,NULL,NULL,NULL,NULL,NULL,NULL,NULL,NULL,1,552,'2025-01-15 15:36:06','2025-01-15 15:36:06'),
(248,NULL,NULL,NULL,NULL,NULL,'Poly',NULL,NULL,NULL,NULL,NULL,NULL,NULL,NULL,NULL,1,553,'2025-01-15 15:38:36','2025-01-15 15:38:36'),
(249,NULL,NULL,NULL,NULL,NULL,'Poly',NULL,NULL,NULL,NULL,NULL,NULL,NULL,NULL,NULL,1,554,'2025-01-15 15:41:28','2025-01-15 15:41:28'),
(250,NULL,NULL,NULL,NULL,NULL,'Poly',NULL,NULL,NULL,NULL,NULL,NULL,NULL,NULL,NULL,1,555,'2025-01-15 15:43:38','2025-01-15 15:43:38'),
(251,NULL,NULL,NULL,NULL,NULL,'Poly',NULL,NULL,NULL,NULL,NULL,NULL,NULL,NULL,NULL,1,556,'2025-01-15 15:45:18','2025-01-15 15:45:18'),
(252,NULL,NULL,NULL,NULL,NULL,'Poly',NULL,NULL,NULL,NULL,NULL,NULL,NULL,NULL,NULL,1,557,'2025-01-15 15:46:44','2025-01-15 15:46:44'),
(253,NULL,NULL,NULL,NULL,NULL,'Poly',NULL,NULL,NULL,NULL,NULL,NULL,NULL,NULL,NULL,1,558,'2025-01-15 15:48:58','2025-01-15 15:48:58'),
(254,NULL,NULL,NULL,NULL,NULL,'Poly',NULL,NULL,NULL,NULL,NULL,NULL,NULL,NULL,NULL,1,559,'2025-01-15 15:50:53','2025-01-15 15:50:53'),
(255,NULL,NULL,NULL,NULL,NULL,'Poly',NULL,NULL,NULL,NULL,NULL,NULL,NULL,NULL,NULL,1,560,'2025-01-15 15:52:45','2025-01-15 15:52:45'),
(256,NULL,NULL,NULL,NULL,NULL,'Poly',NULL,NULL,NULL,NULL,NULL,NULL,NULL,NULL,NULL,1,561,'2025-01-15 15:56:20','2025-01-15 15:56:20'),
(257,NULL,NULL,NULL,NULL,NULL,'Poly',NULL,NULL,NULL,NULL,NULL,NULL,NULL,NULL,NULL,1,562,'2025-01-15 15:57:52','2025-01-15 15:57:52'),
(258,NULL,NULL,NULL,NULL,NULL,'Poly',NULL,NULL,NULL,NULL,NULL,NULL,NULL,NULL,NULL,1,563,'2025-01-15 15:59:37','2025-01-15 15:59:37'),
(259,NULL,NULL,NULL,NULL,NULL,'Poly',NULL,NULL,NULL,NULL,NULL,NULL,NULL,NULL,NULL,1,564,'2025-01-15 16:01:30','2025-01-15 16:01:30'),
(260,NULL,NULL,NULL,NULL,NULL,'Poly',NULL,NULL,NULL,NULL,NULL,NULL,NULL,NULL,NULL,1,565,'2025-01-15 16:03:00','2025-01-15 16:03:00'),
(261,NULL,NULL,NULL,NULL,NULL,'Poly',NULL,NULL,NULL,NULL,NULL,NULL,NULL,NULL,NULL,1,566,'2025-01-15 16:04:59','2025-01-15 16:04:59'),
(262,NULL,NULL,NULL,NULL,NULL,'Poly',NULL,NULL,NULL,NULL,NULL,NULL,NULL,NULL,NULL,0,567,'2025-01-16 13:54:52','2025-01-16 13:54:52'),
(263,NULL,NULL,'Gilbarco','700s','Yes','Poly','2',NULL,'5','3','2','ATG TLS 450+','[\"Sensor\"]',NULL,'Passport',1,568,'2025-01-16 14:08:06','2025-01-16 14:08:06'),
(264,NULL,NULL,NULL,NULL,NULL,'Poly',NULL,NULL,NULL,NULL,NULL,NULL,NULL,NULL,NULL,0,569,'2025-01-16 14:11:35','2025-01-16 14:11:35'),
(265,NULL,NULL,NULL,NULL,NULL,'Poly',NULL,NULL,NULL,NULL,NULL,NULL,NULL,NULL,NULL,1,570,'2025-01-16 14:13:56','2025-01-16 14:13:56'),
(266,NULL,NULL,NULL,NULL,NULL,'Poly',NULL,NULL,NULL,NULL,NULL,NULL,NULL,NULL,NULL,1,571,'2025-01-16 14:15:45','2025-01-16 14:15:45'),
(267,NULL,NULL,NULL,NULL,NULL,'Poly',NULL,NULL,NULL,NULL,NULL,NULL,NULL,NULL,NULL,1,572,'2025-01-16 14:17:41','2025-01-16 14:17:41'),
(268,NULL,NULL,NULL,NULL,NULL,'Poly',NULL,NULL,NULL,NULL,NULL,NULL,NULL,NULL,NULL,1,573,'2025-01-16 14:18:01','2025-01-16 14:18:01'),
(269,NULL,NULL,NULL,NULL,NULL,'Poly',NULL,NULL,NULL,NULL,NULL,NULL,NULL,NULL,NULL,1,574,'2025-01-16 14:20:41','2025-01-16 14:20:41'),
(270,NULL,NULL,NULL,NULL,NULL,'Poly',NULL,NULL,NULL,NULL,NULL,NULL,NULL,NULL,NULL,1,575,'2025-01-16 14:21:34','2025-01-16 14:21:34'),
(271,NULL,NULL,NULL,NULL,NULL,'Poly',NULL,NULL,NULL,NULL,NULL,NULL,NULL,NULL,NULL,1,576,'2025-01-16 14:22:15','2025-01-16 14:22:15'),
(272,NULL,NULL,NULL,NULL,NULL,'Poly',NULL,NULL,NULL,NULL,NULL,NULL,NULL,NULL,NULL,1,577,'2025-01-16 14:24:45','2025-01-16 14:24:45'),
(273,NULL,NULL,NULL,NULL,NULL,'Poly',NULL,NULL,NULL,NULL,NULL,NULL,NULL,NULL,NULL,1,578,'2025-01-16 14:27:03','2025-01-16 14:27:03'),
(274,NULL,NULL,NULL,NULL,NULL,'Poly',NULL,NULL,NULL,NULL,NULL,NULL,NULL,NULL,NULL,1,579,'2025-01-16 14:30:58','2025-01-16 14:30:58'),
(275,NULL,NULL,NULL,NULL,NULL,'Poly',NULL,NULL,NULL,NULL,NULL,NULL,NULL,NULL,NULL,1,580,'2025-01-16 14:37:33','2025-01-16 14:37:33'),
(276,NULL,NULL,NULL,NULL,NULL,'Poly',NULL,NULL,NULL,NULL,NULL,NULL,NULL,NULL,NULL,1,581,'2025-01-16 14:38:55','2025-01-16 14:38:55'),
(277,NULL,NULL,NULL,NULL,NULL,'Poly',NULL,NULL,NULL,NULL,NULL,NULL,NULL,NULL,NULL,1,454,'2025-01-16 14:40:13','2025-01-16 14:40:13'),
(278,NULL,NULL,NULL,NULL,NULL,'Poly',NULL,NULL,NULL,NULL,NULL,NULL,NULL,NULL,NULL,1,582,'2025-01-16 14:41:39','2025-01-16 14:41:39'),
(279,NULL,NULL,NULL,NULL,NULL,'Poly',NULL,NULL,NULL,NULL,NULL,NULL,NULL,NULL,NULL,1,583,'2025-01-16 14:48:47','2025-01-16 14:48:47'),
(280,NULL,NULL,NULL,NULL,NULL,'Poly',NULL,NULL,NULL,NULL,NULL,NULL,NULL,NULL,NULL,1,584,'2025-01-16 14:49:26','2025-01-16 14:49:26'),
(281,NULL,NULL,NULL,NULL,NULL,'Poly',NULL,NULL,NULL,NULL,NULL,NULL,NULL,NULL,NULL,1,585,'2025-01-16 14:50:29','2025-01-16 14:50:29'),
(282,NULL,NULL,NULL,NULL,NULL,'Poly',NULL,NULL,NULL,NULL,NULL,NULL,NULL,NULL,NULL,1,586,'2025-01-16 14:52:08','2025-01-16 14:52:08'),
(283,NULL,NULL,NULL,NULL,NULL,'Poly',NULL,NULL,NULL,NULL,NULL,NULL,NULL,NULL,NULL,1,587,'2025-01-16 14:52:09','2025-01-16 14:52:09'),
(284,NULL,NULL,NULL,NULL,NULL,'Poly',NULL,NULL,NULL,NULL,NULL,NULL,NULL,NULL,NULL,1,588,'2025-01-16 14:54:14','2025-01-16 14:54:14'),
(285,NULL,NULL,NULL,NULL,NULL,'Poly',NULL,NULL,NULL,NULL,NULL,NULL,NULL,NULL,NULL,1,589,'2025-01-16 14:54:50','2025-01-16 14:54:50'),
(286,NULL,NULL,NULL,NULL,NULL,'Poly',NULL,NULL,NULL,NULL,NULL,NULL,NULL,NULL,NULL,1,590,'2025-01-16 14:56:44','2025-01-16 14:56:44'),
(287,NULL,NULL,NULL,NULL,NULL,'Poly',NULL,NULL,NULL,NULL,NULL,NULL,NULL,NULL,NULL,1,591,'2025-01-16 14:58:38','2025-01-16 14:58:38'),
(288,NULL,NULL,NULL,NULL,NULL,'Poly',NULL,NULL,NULL,NULL,NULL,NULL,NULL,NULL,NULL,1,86,'2025-01-16 15:00:23','2025-01-16 15:00:23'),
(289,NULL,NULL,NULL,NULL,NULL,'Poly',NULL,NULL,NULL,NULL,NULL,NULL,NULL,NULL,NULL,1,592,'2025-01-16 15:01:04','2025-01-16 15:01:04'),
(290,NULL,NULL,NULL,NULL,NULL,'Poly',NULL,NULL,NULL,NULL,NULL,NULL,NULL,NULL,NULL,1,88,'2025-01-16 15:02:33','2025-01-16 15:02:33'),
(291,NULL,NULL,NULL,NULL,NULL,'Poly',NULL,NULL,NULL,NULL,NULL,NULL,NULL,NULL,NULL,1,593,'2025-01-16 15:02:52','2025-01-16 15:02:52'),
(292,NULL,NULL,NULL,NULL,NULL,'Poly',NULL,NULL,NULL,NULL,NULL,NULL,NULL,NULL,NULL,1,75,'2025-01-16 15:04:22','2025-01-16 15:04:22'),
(293,NULL,NULL,NULL,NULL,NULL,'Poly',NULL,NULL,NULL,NULL,NULL,NULL,NULL,NULL,NULL,1,594,'2025-01-16 15:05:18','2025-01-16 15:05:18'),
(294,NULL,NULL,NULL,NULL,NULL,'Poly',NULL,NULL,NULL,NULL,NULL,NULL,NULL,NULL,NULL,1,457,'2025-01-16 15:05:58','2025-01-16 15:05:58'),
(295,NULL,NULL,NULL,NULL,NULL,'Poly',NULL,NULL,NULL,NULL,NULL,NULL,NULL,NULL,NULL,1,595,'2025-01-16 15:07:09','2025-01-16 15:07:09'),
(296,NULL,NULL,NULL,NULL,NULL,'Poly',NULL,NULL,NULL,NULL,NULL,NULL,NULL,NULL,NULL,1,596,'2025-01-16 15:13:22','2025-01-16 15:13:22'),
(297,NULL,NULL,NULL,NULL,NULL,'Poly',NULL,NULL,NULL,NULL,NULL,NULL,NULL,NULL,NULL,1,597,'2025-01-16 15:31:39','2025-01-16 15:31:39'),
(298,NULL,NULL,NULL,NULL,NULL,'Poly',NULL,NULL,NULL,NULL,NULL,NULL,NULL,NULL,NULL,1,598,'2025-01-16 15:35:00','2025-01-16 15:35:00'),
(299,NULL,NULL,NULL,NULL,NULL,'Poly',NULL,NULL,NULL,NULL,NULL,NULL,NULL,NULL,NULL,1,599,'2025-01-16 15:36:39','2025-01-16 15:36:39'),
(300,NULL,NULL,NULL,NULL,NULL,'Poly',NULL,NULL,NULL,NULL,NULL,NULL,NULL,NULL,NULL,1,600,'2025-01-16 15:38:24','2025-01-16 15:38:24'),
(301,NULL,NULL,NULL,NULL,NULL,'Poly',NULL,NULL,NULL,NULL,NULL,NULL,NULL,NULL,NULL,1,601,'2025-01-16 15:40:30','2025-01-16 15:40:30'),
(302,NULL,NULL,NULL,NULL,NULL,'Poly',NULL,NULL,NULL,NULL,NULL,NULL,NULL,NULL,NULL,1,602,'2025-01-16 15:43:00','2025-01-16 15:43:00'),
(303,NULL,NULL,NULL,NULL,NULL,'Poly',NULL,NULL,NULL,NULL,NULL,NULL,NULL,NULL,NULL,1,603,'2025-01-16 15:43:08','2025-01-16 15:43:08'),
(304,NULL,NULL,NULL,NULL,NULL,'Poly',NULL,NULL,NULL,NULL,NULL,NULL,NULL,NULL,NULL,1,604,'2025-01-16 15:45:06','2025-01-16 15:45:06'),
(305,NULL,NULL,NULL,NULL,NULL,'Poly',NULL,NULL,NULL,NULL,NULL,NULL,NULL,NULL,NULL,1,605,'2025-01-16 15:47:01','2025-01-16 15:47:01'),
(306,NULL,NULL,NULL,NULL,NULL,'Poly',NULL,NULL,NULL,NULL,NULL,NULL,NULL,NULL,NULL,1,606,'2025-01-16 15:49:47','2025-01-16 15:49:47'),
(307,NULL,NULL,NULL,NULL,NULL,'Poly',NULL,NULL,NULL,NULL,NULL,NULL,NULL,NULL,NULL,1,607,'2025-01-16 15:53:32','2025-01-16 15:53:32'),
(308,NULL,NULL,NULL,NULL,NULL,'Poly',NULL,NULL,NULL,NULL,NULL,NULL,NULL,NULL,NULL,1,608,'2025-01-16 16:03:05','2025-01-16 16:03:05'),
(309,NULL,NULL,NULL,NULL,NULL,'Poly',NULL,NULL,NULL,NULL,NULL,NULL,NULL,NULL,NULL,1,456,'2025-01-16 16:04:22','2025-01-16 16:04:22'),
(310,NULL,NULL,NULL,NULL,NULL,'Poly',NULL,NULL,NULL,NULL,NULL,NULL,NULL,NULL,NULL,1,609,'2025-01-16 16:05:52','2025-01-16 16:05:52'),
(311,NULL,NULL,NULL,NULL,NULL,'Poly',NULL,NULL,NULL,NULL,NULL,NULL,NULL,NULL,NULL,1,610,'2025-01-16 16:08:17','2025-01-16 16:08:17'),
(312,NULL,NULL,NULL,NULL,NULL,'Poly',NULL,NULL,NULL,NULL,NULL,NULL,NULL,NULL,NULL,1,611,'2025-01-16 16:09:54','2025-01-16 16:09:54'),
(313,NULL,NULL,NULL,NULL,NULL,'Poly',NULL,NULL,NULL,NULL,NULL,NULL,NULL,NULL,NULL,1,612,'2025-01-16 16:11:47','2025-01-16 16:11:47'),
(314,NULL,NULL,NULL,NULL,NULL,'Poly',NULL,NULL,NULL,NULL,NULL,NULL,NULL,NULL,NULL,1,613,'2025-01-16 16:12:02','2025-01-16 16:12:02'),
(315,NULL,NULL,NULL,NULL,NULL,'Poly',NULL,NULL,NULL,NULL,NULL,NULL,NULL,NULL,NULL,1,614,'2025-01-16 16:13:27','2025-01-16 16:13:27'),
(316,NULL,NULL,NULL,NULL,NULL,'Poly',NULL,NULL,NULL,NULL,NULL,NULL,NULL,NULL,NULL,1,615,'2025-01-16 16:15:23','2025-01-16 16:15:23'),
(317,NULL,NULL,NULL,NULL,NULL,'Poly',NULL,NULL,NULL,NULL,NULL,NULL,NULL,NULL,NULL,1,616,'2025-01-16 16:15:44','2025-01-16 16:15:44'),
(318,NULL,NULL,NULL,NULL,NULL,'Poly',NULL,NULL,NULL,NULL,NULL,NULL,NULL,NULL,NULL,1,617,'2025-01-16 16:17:54','2025-01-16 16:17:54'),
(319,NULL,NULL,NULL,NULL,NULL,'Poly',NULL,NULL,NULL,NULL,NULL,NULL,NULL,NULL,NULL,1,618,'2025-01-16 16:19:54','2025-01-16 16:19:54'),
(320,NULL,NULL,NULL,NULL,NULL,'Poly',NULL,NULL,NULL,NULL,NULL,NULL,NULL,NULL,NULL,1,619,'2025-01-16 16:39:39','2025-01-16 16:39:39'),
(321,NULL,NULL,NULL,NULL,NULL,'Poly',NULL,NULL,NULL,NULL,NULL,NULL,NULL,NULL,NULL,1,620,'2025-01-16 16:43:57','2025-01-16 16:43:57'),
(322,NULL,NULL,NULL,NULL,NULL,'Poly',NULL,NULL,NULL,NULL,NULL,NULL,NULL,NULL,NULL,1,621,'2025-01-16 16:46:01','2025-01-16 16:46:01'),
(323,NULL,NULL,NULL,NULL,NULL,'Poly',NULL,NULL,NULL,NULL,NULL,NULL,NULL,NULL,NULL,1,622,'2025-01-16 16:48:29','2025-01-16 16:48:29'),
(324,NULL,NULL,NULL,NULL,NULL,'Poly',NULL,NULL,NULL,NULL,NULL,NULL,NULL,NULL,NULL,1,623,'2025-01-17 10:26:13','2025-01-17 10:26:13'),
(325,NULL,NULL,NULL,NULL,NULL,'Poly',NULL,NULL,NULL,NULL,NULL,NULL,NULL,NULL,NULL,1,624,'2025-01-17 10:29:16','2025-01-17 10:29:16'),
(326,NULL,NULL,NULL,NULL,NULL,'Poly',NULL,NULL,NULL,NULL,NULL,NULL,NULL,NULL,NULL,1,625,'2025-01-20 01:47:26','2025-02-20 15:59:45'),
(327,NULL,NULL,NULL,NULL,NULL,'Poly',NULL,NULL,NULL,NULL,NULL,NULL,NULL,NULL,NULL,1,626,'2025-01-31 08:54:03','2025-01-31 08:54:03'),
(328,NULL,NULL,NULL,NULL,NULL,'Poly',NULL,NULL,NULL,NULL,NULL,NULL,NULL,NULL,NULL,1,627,'2025-02-07 09:23:22','2025-02-07 09:23:22'),
(329,NULL,NULL,NULL,NULL,NULL,'Poly',NULL,NULL,NULL,NULL,NULL,NULL,NULL,NULL,NULL,1,628,'2025-02-07 09:26:12','2025-02-07 09:26:12'),
(330,NULL,NULL,NULL,NULL,NULL,'Poly',NULL,NULL,NULL,NULL,NULL,NULL,NULL,NULL,NULL,1,629,'2025-02-07 09:28:02','2025-02-07 09:28:02'),
(331,NULL,NULL,NULL,NULL,NULL,'Poly',NULL,NULL,NULL,NULL,NULL,NULL,NULL,NULL,NULL,1,630,'2025-02-07 09:30:03','2025-02-07 09:30:03'),
(332,NULL,NULL,NULL,NULL,NULL,'Poly',NULL,NULL,NULL,NULL,NULL,NULL,NULL,NULL,NULL,1,631,'2025-02-07 09:31:37','2025-02-07 09:31:37'),
(333,NULL,NULL,NULL,NULL,NULL,'Poly',NULL,NULL,NULL,NULL,NULL,NULL,NULL,NULL,NULL,1,632,'2025-02-07 10:09:05','2025-02-07 10:09:05'),
(334,NULL,NULL,NULL,NULL,NULL,'Poly',NULL,NULL,NULL,NULL,NULL,NULL,NULL,NULL,NULL,1,633,'2025-02-07 10:10:56','2025-02-07 10:10:56'),
(335,NULL,NULL,NULL,NULL,NULL,'Poly',NULL,NULL,NULL,NULL,NULL,NULL,NULL,NULL,NULL,1,634,'2025-02-07 10:12:35','2025-02-07 10:12:35'),
(336,NULL,NULL,NULL,NULL,NULL,'Poly',NULL,NULL,NULL,NULL,NULL,NULL,NULL,NULL,NULL,1,635,'2025-02-07 10:14:27','2025-02-07 10:14:27'),
(337,NULL,NULL,NULL,NULL,NULL,'Poly',NULL,NULL,NULL,NULL,NULL,NULL,NULL,NULL,NULL,1,636,'2025-02-07 10:16:01','2025-02-07 10:16:01'),
(338,NULL,NULL,NULL,NULL,NULL,'Poly',NULL,NULL,NULL,NULL,NULL,NULL,NULL,NULL,NULL,1,637,'2025-02-07 10:38:42','2025-02-07 10:38:42'),
(339,NULL,NULL,NULL,NULL,NULL,'Poly',NULL,NULL,NULL,NULL,NULL,NULL,NULL,NULL,NULL,1,638,'2025-02-07 10:41:17','2025-02-07 10:41:17'),
(340,NULL,NULL,NULL,NULL,NULL,'Poly',NULL,NULL,NULL,NULL,NULL,NULL,NULL,NULL,NULL,1,639,'2025-02-07 10:42:58','2025-02-07 10:42:58'),
(341,NULL,NULL,NULL,NULL,NULL,'Poly',NULL,NULL,NULL,NULL,NULL,NULL,NULL,NULL,NULL,1,640,'2025-02-07 10:44:31','2025-02-07 10:44:31'),
(342,NULL,NULL,NULL,NULL,NULL,'Poly',NULL,NULL,NULL,NULL,NULL,NULL,NULL,NULL,NULL,1,641,'2025-02-07 10:45:58','2025-02-07 10:45:58'),
(343,NULL,NULL,NULL,NULL,NULL,'Poly',NULL,NULL,NULL,NULL,NULL,NULL,NULL,NULL,NULL,1,642,'2025-02-07 10:47:31','2025-02-07 10:47:31'),
(344,NULL,NULL,NULL,NULL,NULL,'Poly',NULL,NULL,NULL,NULL,NULL,NULL,NULL,NULL,NULL,1,643,'2025-02-07 10:49:17','2025-02-07 10:49:17'),
(345,NULL,NULL,NULL,NULL,NULL,'Poly',NULL,NULL,NULL,NULL,NULL,NULL,NULL,NULL,NULL,1,644,'2025-02-07 10:50:59','2025-02-07 10:50:59'),
(346,NULL,NULL,NULL,NULL,NULL,'Poly',NULL,NULL,NULL,NULL,NULL,NULL,NULL,NULL,NULL,1,645,'2025-02-07 10:52:39','2025-02-07 10:52:39'),
(347,NULL,NULL,NULL,NULL,NULL,'Poly',NULL,NULL,NULL,NULL,NULL,NULL,NULL,NULL,NULL,1,646,'2025-02-07 10:54:36','2025-02-07 10:54:36'),
(348,NULL,NULL,NULL,NULL,NULL,'Poly',NULL,NULL,NULL,NULL,NULL,NULL,NULL,NULL,NULL,1,647,'2025-02-07 11:02:43','2025-02-07 11:02:43'),
(349,NULL,NULL,NULL,NULL,NULL,'Poly',NULL,NULL,NULL,NULL,NULL,NULL,NULL,NULL,NULL,1,648,'2025-02-07 11:04:34','2025-02-07 11:04:34'),
(350,NULL,NULL,NULL,NULL,NULL,'Poly',NULL,NULL,NULL,NULL,NULL,NULL,NULL,NULL,NULL,1,649,'2025-02-07 11:06:10','2025-02-07 11:06:10'),
(351,NULL,NULL,NULL,NULL,NULL,'Poly',NULL,NULL,NULL,NULL,NULL,NULL,NULL,NULL,NULL,1,650,'2025-02-07 11:07:57','2025-02-07 11:07:57'),
(352,NULL,NULL,NULL,NULL,NULL,'Poly',NULL,NULL,NULL,NULL,NULL,NULL,NULL,NULL,NULL,1,651,'2025-02-07 11:09:53','2025-02-07 11:09:53'),
(353,NULL,NULL,NULL,NULL,NULL,'Poly',NULL,NULL,NULL,NULL,NULL,NULL,NULL,NULL,NULL,1,652,'2025-02-18 10:10:17','2025-02-18 10:10:17'),
(354,NULL,NULL,NULL,NULL,NULL,'Poly',NULL,NULL,NULL,NULL,NULL,NULL,NULL,NULL,NULL,1,653,'2025-02-18 10:13:51','2025-02-18 10:13:51'),
(355,NULL,NULL,NULL,NULL,NULL,'Poly',NULL,NULL,NULL,NULL,NULL,NULL,NULL,NULL,NULL,1,654,'2025-02-18 10:16:10','2025-02-18 10:16:10'),
(356,NULL,NULL,NULL,NULL,NULL,'Poly',NULL,NULL,NULL,NULL,NULL,NULL,NULL,NULL,NULL,1,655,'2025-02-18 10:18:23','2025-02-18 10:18:23'),
(357,NULL,NULL,NULL,NULL,NULL,'Poly',NULL,NULL,NULL,NULL,NULL,NULL,NULL,NULL,NULL,1,656,'2025-02-18 10:20:51','2025-02-18 10:20:51'),
(358,NULL,NULL,NULL,NULL,NULL,'Poly',NULL,NULL,NULL,NULL,NULL,NULL,NULL,NULL,NULL,1,657,'2025-02-18 10:24:09','2025-02-18 10:24:09'),
(359,NULL,NULL,NULL,NULL,NULL,'Poly',NULL,NULL,NULL,NULL,NULL,NULL,NULL,NULL,NULL,1,658,'2025-02-18 10:26:51','2025-02-18 10:26:51'),
(360,NULL,NULL,NULL,NULL,NULL,'Poly',NULL,NULL,NULL,NULL,NULL,NULL,NULL,NULL,NULL,1,659,'2025-02-18 10:29:06','2025-02-18 10:29:06'),
(361,NULL,NULL,NULL,NULL,NULL,'Poly',NULL,NULL,NULL,NULL,NULL,NULL,NULL,NULL,NULL,1,660,'2025-02-18 10:31:55','2025-02-18 10:31:55'),
(362,NULL,NULL,NULL,NULL,NULL,'Poly',NULL,NULL,NULL,NULL,NULL,NULL,NULL,NULL,NULL,1,661,'2025-02-18 10:35:12','2025-02-18 10:35:12'),
(363,NULL,NULL,NULL,NULL,NULL,'Poly',NULL,NULL,NULL,NULL,NULL,NULL,NULL,NULL,NULL,1,662,'2025-02-18 10:37:10','2025-02-18 10:37:10'),
(364,NULL,NULL,NULL,NULL,NULL,'Poly',NULL,NULL,NULL,NULL,NULL,NULL,NULL,NULL,NULL,1,663,'2025-02-18 10:41:01','2025-02-18 10:41:01'),
(365,NULL,NULL,NULL,NULL,NULL,'Poly',NULL,NULL,NULL,NULL,NULL,NULL,NULL,NULL,NULL,1,664,'2025-02-18 10:43:23','2025-02-18 10:43:23'),
(366,NULL,NULL,NULL,NULL,NULL,'Poly',NULL,NULL,NULL,NULL,NULL,NULL,NULL,NULL,NULL,1,665,'2025-02-18 10:47:14','2025-02-18 10:47:14'),
(367,NULL,NULL,NULL,NULL,NULL,'Poly',NULL,NULL,NULL,NULL,NULL,NULL,NULL,NULL,NULL,1,666,'2025-02-18 10:49:22','2025-02-18 10:49:22'),
(368,NULL,NULL,NULL,NULL,NULL,'Poly',NULL,NULL,NULL,NULL,NULL,NULL,NULL,NULL,NULL,1,667,'2025-02-18 10:51:16','2025-02-18 10:51:16'),
(369,NULL,NULL,NULL,NULL,NULL,'Poly',NULL,NULL,NULL,NULL,NULL,NULL,NULL,NULL,NULL,1,668,'2025-02-18 10:53:03','2025-02-18 10:53:03'),
(370,NULL,NULL,NULL,NULL,NULL,'Poly',NULL,NULL,NULL,NULL,NULL,NULL,NULL,NULL,NULL,1,669,'2025-02-18 10:54:34','2025-02-18 10:54:34'),
(371,NULL,NULL,NULL,NULL,NULL,'Poly',NULL,NULL,NULL,NULL,NULL,NULL,NULL,NULL,NULL,1,670,'2025-02-18 10:56:36','2025-02-18 10:56:36'),
(372,NULL,NULL,NULL,NULL,NULL,'Poly',NULL,NULL,NULL,NULL,NULL,NULL,NULL,NULL,NULL,1,671,'2025-02-18 10:58:47','2025-02-18 10:58:47'),
(373,NULL,NULL,NULL,NULL,NULL,'Poly',NULL,NULL,NULL,NULL,NULL,NULL,NULL,NULL,NULL,1,672,'2025-02-18 11:03:56','2025-02-18 11:03:56'),
(374,NULL,NULL,NULL,NULL,NULL,'Poly',NULL,NULL,NULL,NULL,NULL,NULL,NULL,NULL,NULL,1,673,'2025-02-18 11:07:06','2025-02-18 11:07:06'),
(375,NULL,NULL,NULL,NULL,NULL,'Poly',NULL,NULL,NULL,NULL,NULL,NULL,NULL,NULL,NULL,1,674,'2025-02-18 11:10:37','2025-02-18 11:10:37'),
(376,NULL,NULL,NULL,NULL,NULL,'Poly',NULL,NULL,NULL,NULL,NULL,NULL,NULL,NULL,NULL,1,449,'2025-02-18 11:17:24','2025-02-18 11:17:24'),
(377,NULL,NULL,NULL,NULL,NULL,'Poly',NULL,NULL,NULL,NULL,NULL,NULL,NULL,NULL,NULL,1,675,'2025-02-18 11:25:15','2025-02-18 11:25:15'),
(378,NULL,NULL,NULL,NULL,NULL,'Poly',NULL,NULL,NULL,NULL,NULL,NULL,NULL,NULL,NULL,1,676,'2025-02-18 11:31:52','2025-02-18 11:31:52'),
(379,NULL,NULL,NULL,NULL,NULL,'Poly',NULL,NULL,NULL,NULL,NULL,NULL,NULL,NULL,NULL,1,677,'2025-02-18 11:33:53','2025-02-18 11:33:53'),
(380,NULL,NULL,NULL,NULL,NULL,'Poly',NULL,NULL,NULL,NULL,NULL,NULL,NULL,NULL,NULL,1,678,'2025-02-18 11:35:25','2025-02-18 11:35:25'),
(381,NULL,NULL,NULL,NULL,NULL,'Poly',NULL,NULL,NULL,NULL,NULL,NULL,NULL,NULL,NULL,1,679,'2025-02-18 11:36:50','2025-02-18 11:36:50'),
(382,NULL,NULL,NULL,NULL,NULL,'Poly',NULL,NULL,NULL,NULL,NULL,NULL,NULL,NULL,NULL,1,680,'2025-02-18 11:38:25','2025-02-18 11:38:25'),
(383,NULL,NULL,NULL,NULL,NULL,'Poly',NULL,NULL,NULL,NULL,NULL,NULL,NULL,NULL,NULL,1,681,'2025-02-18 11:39:51','2025-02-18 11:39:51'),
(384,NULL,NULL,NULL,NULL,NULL,'Poly',NULL,NULL,NULL,NULL,NULL,NULL,NULL,NULL,NULL,1,682,'2025-02-18 11:41:12','2025-02-18 11:41:12'),
(385,NULL,NULL,NULL,NULL,NULL,'Poly',NULL,NULL,NULL,NULL,NULL,NULL,NULL,NULL,NULL,1,683,'2025-02-18 12:44:10','2025-02-18 12:44:10'),
(386,NULL,NULL,NULL,NULL,NULL,'Poly',NULL,NULL,NULL,NULL,NULL,NULL,NULL,NULL,NULL,1,684,'2025-02-18 12:45:47','2025-02-18 12:45:47'),
(387,NULL,NULL,NULL,NULL,NULL,'Poly',NULL,NULL,NULL,NULL,NULL,NULL,NULL,NULL,NULL,1,685,'2025-02-18 12:46:56','2025-02-18 12:46:56'),
(388,NULL,NULL,NULL,NULL,NULL,'Poly',NULL,NULL,NULL,NULL,NULL,NULL,NULL,NULL,NULL,1,686,'2025-02-18 12:48:14','2025-02-18 12:48:14'),
(389,NULL,NULL,NULL,NULL,NULL,'Poly',NULL,NULL,NULL,NULL,NULL,NULL,NULL,NULL,NULL,1,687,'2025-02-18 12:49:37','2025-02-18 12:49:37'),
(390,NULL,NULL,NULL,NULL,NULL,'Poly',NULL,NULL,NULL,NULL,NULL,NULL,NULL,NULL,NULL,1,688,'2025-02-18 12:51:23','2025-02-18 12:51:23'),
(391,NULL,NULL,NULL,NULL,NULL,'Poly',NULL,NULL,NULL,NULL,NULL,NULL,NULL,NULL,NULL,1,689,'2025-02-18 12:55:15','2025-02-18 12:55:15'),
(392,NULL,NULL,NULL,NULL,NULL,'Poly',NULL,NULL,NULL,NULL,NULL,NULL,NULL,NULL,NULL,1,690,'2025-02-18 12:56:29','2025-02-18 12:56:29'),
(393,NULL,NULL,NULL,NULL,NULL,'Poly',NULL,NULL,NULL,NULL,NULL,NULL,NULL,NULL,NULL,1,691,'2025-02-18 12:58:17','2025-02-18 12:58:17'),
(394,NULL,NULL,NULL,NULL,NULL,'Poly',NULL,NULL,NULL,NULL,NULL,NULL,NULL,NULL,NULL,1,692,'2025-02-18 13:09:54','2025-02-18 13:09:54'),
(395,NULL,NULL,NULL,NULL,NULL,'Poly',NULL,NULL,NULL,NULL,NULL,NULL,NULL,NULL,NULL,1,693,'2025-02-18 13:12:01','2025-02-18 13:12:01'),
(396,NULL,NULL,NULL,NULL,NULL,'Poly',NULL,NULL,NULL,NULL,NULL,NULL,NULL,NULL,NULL,1,694,'2025-02-18 13:13:34','2025-02-18 13:13:34'),
(397,NULL,NULL,NULL,NULL,NULL,'Poly',NULL,NULL,NULL,NULL,NULL,NULL,NULL,NULL,NULL,1,695,'2025-02-18 13:15:50','2025-02-18 13:15:50'),
(398,NULL,NULL,NULL,NULL,NULL,'Poly',NULL,NULL,NULL,NULL,NULL,NULL,NULL,NULL,NULL,1,451,'2025-02-18 13:16:57','2025-02-18 13:16:57'),
(399,NULL,NULL,NULL,NULL,NULL,'Poly',NULL,NULL,NULL,NULL,NULL,NULL,NULL,NULL,NULL,1,459,'2025-02-18 13:20:01','2025-02-18 13:20:01'),
(400,NULL,NULL,NULL,NULL,NULL,'Poly',NULL,NULL,NULL,NULL,NULL,NULL,NULL,NULL,NULL,1,446,'2025-02-18 13:21:24','2025-02-18 13:21:24'),
(401,NULL,NULL,NULL,NULL,NULL,'Poly',NULL,NULL,NULL,NULL,NULL,NULL,NULL,NULL,NULL,1,696,'2025-02-18 13:30:02','2025-02-18 13:30:02'),
(402,NULL,NULL,NULL,NULL,NULL,'Poly',NULL,NULL,NULL,NULL,NULL,NULL,NULL,NULL,NULL,1,697,'2025-02-18 13:31:49','2025-02-18 13:31:49'),
(403,NULL,NULL,NULL,NULL,NULL,'Poly',NULL,NULL,NULL,NULL,NULL,NULL,NULL,NULL,NULL,1,698,'2025-02-18 13:33:53','2025-02-18 13:33:53'),
(404,NULL,NULL,NULL,NULL,NULL,'Poly',NULL,NULL,NULL,NULL,NULL,NULL,NULL,NULL,NULL,1,699,'2025-02-18 13:37:23','2025-02-18 13:37:23'),
(405,NULL,NULL,NULL,NULL,NULL,'Poly',NULL,NULL,NULL,NULL,NULL,NULL,NULL,NULL,NULL,1,700,'2025-02-18 13:39:10','2025-02-18 13:39:10'),
(406,NULL,NULL,NULL,NULL,NULL,'Poly',NULL,NULL,NULL,NULL,NULL,NULL,NULL,NULL,NULL,1,458,'2025-02-18 13:40:39','2025-02-18 13:40:39'),
(407,NULL,NULL,NULL,NULL,NULL,'Poly',NULL,NULL,NULL,NULL,NULL,NULL,NULL,NULL,NULL,1,701,'2025-02-18 13:43:11','2025-02-18 13:43:11'),
(408,NULL,NULL,NULL,NULL,NULL,'Poly',NULL,NULL,NULL,NULL,NULL,NULL,NULL,NULL,NULL,1,702,'2025-02-18 13:44:48','2025-02-18 13:44:48'),
(409,NULL,NULL,NULL,NULL,NULL,'Poly',NULL,NULL,NULL,NULL,NULL,NULL,NULL,NULL,NULL,1,87,'2025-02-18 13:47:17','2025-02-18 13:47:17'),
(410,NULL,NULL,NULL,NULL,NULL,'Poly',NULL,NULL,NULL,NULL,NULL,NULL,NULL,NULL,NULL,1,703,'2025-02-18 13:49:52','2025-02-18 13:49:52'),
(411,NULL,NULL,NULL,NULL,NULL,'Poly',NULL,NULL,NULL,NULL,NULL,NULL,NULL,NULL,NULL,1,704,'2025-02-18 13:51:46','2025-02-18 13:51:46'),
(412,NULL,NULL,NULL,NULL,NULL,'Poly',NULL,NULL,NULL,NULL,NULL,NULL,NULL,NULL,NULL,1,705,'2025-02-18 13:55:13','2025-02-18 13:55:13'),
(413,NULL,NULL,NULL,NULL,NULL,'Poly',NULL,NULL,NULL,NULL,NULL,NULL,NULL,NULL,NULL,1,706,'2025-02-18 13:57:52','2025-02-18 13:57:52'),
(414,NULL,NULL,NULL,NULL,NULL,'Poly',NULL,NULL,NULL,NULL,NULL,NULL,NULL,NULL,NULL,1,707,'2025-02-18 13:59:32','2025-02-18 13:59:32'),
(415,NULL,NULL,NULL,NULL,NULL,'Poly',NULL,NULL,NULL,NULL,NULL,NULL,NULL,NULL,NULL,1,708,'2025-02-18 14:01:12','2025-02-18 14:01:12'),
(416,NULL,NULL,NULL,NULL,NULL,'Poly',NULL,NULL,NULL,NULL,NULL,NULL,NULL,NULL,NULL,1,709,'2025-02-18 14:03:05','2025-02-18 14:03:05'),
(417,NULL,NULL,NULL,NULL,NULL,'Poly',NULL,NULL,NULL,NULL,NULL,NULL,NULL,NULL,NULL,1,710,'2025-02-18 14:04:55','2025-02-18 14:04:55'),
(418,NULL,NULL,NULL,NULL,NULL,'Poly',NULL,NULL,NULL,NULL,NULL,NULL,NULL,NULL,NULL,1,711,'2025-02-18 14:07:47','2025-02-18 14:07:47'),
(419,NULL,NULL,NULL,NULL,NULL,'Poly',NULL,NULL,NULL,NULL,NULL,NULL,NULL,NULL,NULL,1,712,'2025-02-18 14:09:22','2025-02-18 14:09:22'),
(420,NULL,NULL,NULL,NULL,NULL,'Poly',NULL,NULL,NULL,NULL,NULL,NULL,NULL,NULL,NULL,1,713,'2025-02-18 14:10:55','2025-02-18 14:10:55'),
(421,NULL,NULL,NULL,NULL,NULL,'Poly',NULL,NULL,NULL,NULL,NULL,NULL,NULL,NULL,NULL,1,714,'2025-02-18 14:12:46','2025-02-18 14:12:46'),
(422,NULL,NULL,NULL,NULL,NULL,'Poly',NULL,NULL,NULL,NULL,NULL,NULL,NULL,NULL,NULL,1,715,'2025-02-18 14:16:46','2025-02-18 14:16:46'),
(423,NULL,NULL,NULL,NULL,NULL,'Poly',NULL,NULL,NULL,NULL,NULL,NULL,NULL,NULL,NULL,1,716,'2025-02-18 14:19:24','2025-02-18 14:19:24'),
(424,NULL,NULL,NULL,NULL,NULL,'Poly',NULL,NULL,NULL,NULL,NULL,NULL,NULL,NULL,NULL,1,717,'2025-02-18 14:29:33','2025-02-18 14:29:33'),
(425,NULL,NULL,NULL,NULL,NULL,'Poly',NULL,NULL,NULL,NULL,NULL,NULL,NULL,NULL,NULL,1,718,'2025-02-18 14:31:47','2025-02-18 14:31:47'),
(426,NULL,NULL,NULL,NULL,NULL,'Poly',NULL,NULL,NULL,NULL,NULL,NULL,NULL,NULL,NULL,1,719,'2025-02-18 14:33:42','2025-02-18 14:33:42'),
(427,NULL,NULL,NULL,NULL,NULL,'Poly',NULL,NULL,NULL,NULL,NULL,NULL,NULL,NULL,NULL,1,720,'2025-02-18 14:36:03','2025-02-18 14:36:03'),
(428,NULL,NULL,NULL,NULL,NULL,'Poly',NULL,NULL,NULL,NULL,NULL,NULL,NULL,NULL,NULL,1,721,'2025-02-18 14:38:31','2025-02-18 14:38:31'),
(429,NULL,NULL,NULL,NULL,NULL,'Poly',NULL,NULL,NULL,NULL,NULL,NULL,NULL,NULL,NULL,1,722,'2025-02-18 14:40:35','2025-02-18 14:40:35'),
(430,NULL,NULL,NULL,NULL,NULL,'Poly',NULL,NULL,NULL,NULL,NULL,NULL,NULL,NULL,NULL,1,723,'2025-02-18 14:42:58','2025-02-18 14:42:58'),
(431,NULL,NULL,NULL,NULL,NULL,'Poly',NULL,NULL,NULL,NULL,NULL,NULL,NULL,NULL,NULL,1,724,'2025-02-18 14:44:38','2025-02-18 14:44:38'),
(432,NULL,NULL,NULL,NULL,NULL,'Poly',NULL,NULL,NULL,NULL,NULL,NULL,NULL,NULL,NULL,1,725,'2025-02-18 14:46:08','2025-02-18 14:46:08'),
(433,NULL,NULL,NULL,NULL,NULL,'Poly',NULL,NULL,NULL,NULL,NULL,NULL,NULL,NULL,NULL,1,726,'2025-02-18 14:47:56','2025-02-18 14:47:56'),
(434,NULL,NULL,NULL,NULL,NULL,'Poly',NULL,NULL,NULL,NULL,NULL,NULL,NULL,NULL,NULL,1,727,'2025-02-18 14:49:31','2025-02-18 14:49:31'),
(435,NULL,NULL,NULL,NULL,NULL,'Poly',NULL,NULL,NULL,NULL,NULL,NULL,NULL,NULL,NULL,1,728,'2025-02-19 08:46:26','2025-02-19 08:46:26'),
(436,NULL,NULL,NULL,NULL,NULL,'Poly',NULL,NULL,NULL,NULL,NULL,NULL,NULL,NULL,NULL,1,729,'2025-02-19 08:49:14','2025-02-19 08:49:14'),
(437,NULL,NULL,NULL,NULL,NULL,'Poly',NULL,NULL,NULL,NULL,NULL,NULL,NULL,NULL,NULL,1,730,'2025-02-19 08:53:11','2025-02-19 08:53:11'),
(438,NULL,NULL,NULL,NULL,NULL,'Poly',NULL,NULL,NULL,NULL,NULL,NULL,NULL,NULL,NULL,1,731,'2025-02-19 08:55:18','2025-02-19 08:55:18'),
(439,NULL,NULL,NULL,NULL,NULL,'Poly',NULL,NULL,NULL,NULL,NULL,NULL,NULL,NULL,NULL,1,732,'2025-02-19 08:56:59','2025-02-19 08:56:59'),
(440,NULL,NULL,NULL,NULL,NULL,'Poly',NULL,NULL,NULL,NULL,NULL,NULL,NULL,NULL,NULL,1,733,'2025-02-19 09:00:13','2025-02-19 09:00:13'),
(441,NULL,NULL,NULL,NULL,NULL,'Poly',NULL,NULL,NULL,NULL,NULL,NULL,NULL,NULL,NULL,1,70,'2025-02-19 09:08:48','2025-02-19 09:08:48'),
(442,NULL,NULL,NULL,NULL,NULL,'Poly',NULL,NULL,NULL,NULL,NULL,NULL,NULL,NULL,NULL,1,734,'2025-02-19 09:12:12','2025-02-19 09:12:12'),
(443,NULL,NULL,NULL,NULL,NULL,'Poly',NULL,NULL,NULL,NULL,NULL,NULL,NULL,NULL,NULL,1,71,'2025-02-19 09:14:38','2025-02-19 09:14:38'),
(444,NULL,NULL,NULL,NULL,NULL,'Poly',NULL,NULL,NULL,NULL,NULL,NULL,NULL,NULL,NULL,1,80,'2025-02-19 09:17:47','2025-02-19 09:17:47'),
(445,NULL,NULL,NULL,NULL,NULL,'Poly',NULL,NULL,NULL,NULL,NULL,NULL,NULL,NULL,NULL,1,84,'2025-02-19 09:19:21','2025-02-19 09:19:21'),
(446,NULL,NULL,NULL,NULL,NULL,'Poly',NULL,NULL,NULL,NULL,NULL,NULL,NULL,NULL,NULL,1,735,'2025-02-19 09:24:11','2025-02-19 09:24:11'),
(447,NULL,NULL,NULL,NULL,NULL,'Poly',NULL,NULL,NULL,NULL,NULL,NULL,NULL,NULL,NULL,1,736,'2025-02-19 09:25:43','2025-02-19 09:25:43'),
(448,NULL,NULL,NULL,NULL,NULL,'Poly',NULL,NULL,NULL,NULL,NULL,NULL,NULL,NULL,NULL,1,737,'2025-02-19 09:33:36','2025-02-19 09:33:36'),
(449,NULL,NULL,NULL,NULL,NULL,'Poly',NULL,NULL,NULL,NULL,NULL,NULL,NULL,NULL,NULL,1,738,'2025-02-19 09:35:39','2025-02-19 09:35:39'),
(450,NULL,NULL,NULL,NULL,NULL,'Poly',NULL,NULL,NULL,NULL,NULL,NULL,NULL,NULL,NULL,1,739,'2025-02-19 09:36:53','2025-02-19 09:36:53'),
(451,NULL,NULL,NULL,NULL,NULL,'Poly',NULL,NULL,NULL,NULL,NULL,NULL,NULL,NULL,NULL,1,740,'2025-02-19 09:38:15','2025-02-19 09:38:15'),
(452,NULL,NULL,NULL,NULL,NULL,'Poly',NULL,NULL,NULL,NULL,NULL,NULL,NULL,NULL,NULL,1,741,'2025-02-19 09:39:46','2025-02-19 09:39:46'),
(453,NULL,NULL,NULL,NULL,NULL,'Poly',NULL,NULL,NULL,NULL,NULL,NULL,NULL,NULL,NULL,1,742,'2025-02-19 09:41:59','2025-02-19 09:41:59'),
(454,NULL,NULL,NULL,NULL,NULL,'Poly',NULL,NULL,NULL,NULL,NULL,NULL,NULL,NULL,NULL,1,743,'2025-02-19 09:43:29','2025-02-19 09:43:29'),
(455,NULL,NULL,NULL,NULL,NULL,'Poly',NULL,NULL,NULL,NULL,NULL,NULL,NULL,NULL,NULL,1,744,'2025-02-19 09:45:12','2025-02-19 09:45:12'),
(456,NULL,NULL,NULL,NULL,NULL,'Poly',NULL,NULL,NULL,NULL,NULL,NULL,NULL,NULL,NULL,1,745,'2025-02-19 10:07:39','2025-02-19 10:07:39'),
(457,NULL,NULL,NULL,NULL,NULL,'Poly',NULL,NULL,NULL,NULL,NULL,NULL,NULL,NULL,NULL,1,746,'2025-02-19 10:09:20','2025-02-19 10:09:20'),
(458,NULL,NULL,NULL,NULL,NULL,'Poly',NULL,NULL,NULL,NULL,NULL,NULL,NULL,NULL,NULL,1,747,'2025-02-19 10:11:20','2025-02-19 10:11:20'),
(459,NULL,NULL,NULL,NULL,NULL,'Poly',NULL,NULL,NULL,NULL,NULL,NULL,NULL,NULL,NULL,1,748,'2025-02-19 10:13:17','2025-02-19 10:13:17'),
(460,NULL,NULL,NULL,NULL,NULL,'Poly',NULL,NULL,NULL,NULL,NULL,NULL,NULL,NULL,NULL,1,749,'2025-02-19 10:14:54','2025-02-19 10:14:54'),
(461,NULL,NULL,NULL,NULL,NULL,'Poly',NULL,NULL,NULL,NULL,NULL,NULL,NULL,NULL,NULL,1,750,'2025-02-19 10:16:32','2025-02-19 10:16:32'),
(462,NULL,NULL,NULL,NULL,NULL,'Poly',NULL,NULL,NULL,NULL,NULL,NULL,NULL,NULL,NULL,1,751,'2025-02-19 10:18:11','2025-02-19 10:18:11'),
(463,NULL,NULL,NULL,NULL,NULL,'Poly',NULL,NULL,NULL,NULL,NULL,NULL,NULL,NULL,NULL,1,752,'2025-02-19 10:19:50','2025-02-19 10:19:50'),
(464,NULL,NULL,NULL,NULL,NULL,'Poly',NULL,NULL,NULL,NULL,NULL,NULL,NULL,NULL,NULL,1,753,'2025-02-19 10:21:51','2025-02-19 10:21:51'),
(465,NULL,NULL,NULL,NULL,NULL,'Poly',NULL,NULL,NULL,NULL,NULL,NULL,NULL,NULL,NULL,1,754,'2025-02-19 10:23:08','2025-02-19 10:23:08'),
(466,NULL,NULL,NULL,NULL,NULL,'Poly',NULL,NULL,NULL,NULL,NULL,NULL,NULL,NULL,NULL,1,755,'2025-02-19 10:24:40','2025-02-19 10:24:40'),
(467,NULL,NULL,NULL,NULL,NULL,'Poly',NULL,NULL,NULL,NULL,NULL,NULL,NULL,NULL,NULL,1,756,'2025-02-19 10:26:10','2025-02-19 10:26:10'),
(468,NULL,NULL,NULL,NULL,NULL,'Poly',NULL,NULL,NULL,NULL,NULL,NULL,NULL,NULL,NULL,1,757,'2025-02-19 10:28:05','2025-02-19 10:28:05'),
(469,NULL,NULL,NULL,NULL,NULL,'Poly',NULL,NULL,NULL,NULL,NULL,NULL,NULL,NULL,NULL,1,758,'2025-02-19 10:29:36','2025-02-19 10:29:36'),
(470,NULL,NULL,NULL,NULL,NULL,'Poly',NULL,NULL,NULL,NULL,NULL,NULL,NULL,NULL,NULL,1,759,'2025-02-19 10:31:07','2025-02-19 10:31:07'),
(471,NULL,NULL,NULL,NULL,NULL,'Poly',NULL,NULL,NULL,NULL,NULL,NULL,NULL,NULL,NULL,1,760,'2025-02-19 10:32:47','2025-02-19 10:32:47'),
(472,NULL,NULL,NULL,NULL,NULL,'Poly',NULL,NULL,NULL,NULL,NULL,NULL,NULL,NULL,NULL,1,761,'2025-02-19 10:34:25','2025-02-19 10:34:25'),
(473,NULL,NULL,NULL,NULL,NULL,'Poly',NULL,NULL,NULL,NULL,NULL,NULL,NULL,NULL,NULL,1,762,'2025-02-19 10:36:08','2025-02-19 10:36:08'),
(474,NULL,NULL,NULL,NULL,NULL,'Poly',NULL,NULL,NULL,NULL,NULL,NULL,NULL,NULL,NULL,1,763,'2025-02-19 10:38:03','2025-02-19 10:38:03'),
(475,NULL,NULL,NULL,NULL,NULL,'Poly',NULL,NULL,NULL,NULL,NULL,NULL,NULL,NULL,NULL,1,764,'2025-02-19 10:39:33','2025-02-19 10:39:33'),
(476,NULL,NULL,NULL,NULL,NULL,'Poly',NULL,NULL,NULL,NULL,NULL,NULL,NULL,NULL,NULL,1,765,'2025-02-19 10:43:36','2025-02-19 10:43:36'),
(477,NULL,NULL,NULL,NULL,NULL,'Poly',NULL,NULL,NULL,NULL,NULL,NULL,NULL,NULL,NULL,1,766,'2025-02-19 10:43:38','2025-02-19 10:43:38'),
(478,NULL,NULL,NULL,NULL,NULL,'Poly',NULL,NULL,NULL,NULL,NULL,NULL,NULL,NULL,NULL,1,767,'2025-02-19 10:44:59','2025-02-19 10:44:59'),
(479,NULL,NULL,NULL,NULL,NULL,'Poly',NULL,NULL,NULL,NULL,NULL,NULL,NULL,NULL,NULL,1,768,'2025-02-19 10:45:33','2025-02-19 10:45:33'),
(480,NULL,NULL,NULL,NULL,NULL,'Poly',NULL,NULL,NULL,NULL,NULL,NULL,NULL,NULL,NULL,1,769,'2025-02-19 10:47:40','2025-02-19 10:47:40'),
(481,NULL,NULL,NULL,NULL,NULL,'Poly',NULL,NULL,NULL,NULL,NULL,NULL,NULL,NULL,NULL,1,770,'2025-02-19 10:48:07','2025-02-19 10:48:07'),
(482,NULL,NULL,NULL,NULL,NULL,'Poly',NULL,NULL,NULL,NULL,NULL,NULL,NULL,NULL,NULL,1,771,'2025-02-19 10:49:27','2025-02-19 10:49:27'),
(483,NULL,NULL,NULL,NULL,NULL,'Poly',NULL,NULL,NULL,NULL,NULL,NULL,NULL,NULL,NULL,1,772,'2025-02-19 10:50:52','2025-02-19 10:50:52'),
(484,NULL,NULL,NULL,NULL,NULL,'Poly',NULL,NULL,NULL,NULL,NULL,NULL,NULL,NULL,NULL,1,773,'2025-02-19 10:52:19','2025-02-19 10:52:19'),
(485,NULL,NULL,NULL,NULL,NULL,'Poly',NULL,NULL,NULL,NULL,NULL,NULL,NULL,NULL,NULL,1,774,'2025-02-19 10:53:50','2025-02-19 10:53:50'),
(486,NULL,NULL,NULL,NULL,NULL,'Poly',NULL,NULL,NULL,NULL,NULL,NULL,NULL,NULL,NULL,1,775,'2025-02-19 10:57:16','2025-02-19 10:57:16'),
(487,NULL,NULL,NULL,NULL,NULL,'Poly',NULL,NULL,NULL,NULL,NULL,NULL,NULL,NULL,NULL,1,776,'2025-02-19 10:58:48','2025-02-19 10:58:48'),
(488,NULL,NULL,NULL,NULL,NULL,'Poly',NULL,NULL,NULL,NULL,NULL,NULL,NULL,NULL,NULL,1,777,'2025-02-19 11:00:26','2025-02-19 11:00:26'),
(489,NULL,NULL,NULL,NULL,NULL,'Poly',NULL,NULL,NULL,NULL,NULL,NULL,NULL,NULL,NULL,1,778,'2025-02-19 11:02:06','2025-02-19 11:02:06'),
(490,NULL,NULL,NULL,NULL,NULL,'Poly',NULL,NULL,NULL,NULL,NULL,NULL,NULL,NULL,NULL,1,779,'2025-02-19 11:03:28','2025-02-19 11:03:28'),
(491,NULL,NULL,NULL,NULL,NULL,'Poly',NULL,NULL,NULL,NULL,NULL,NULL,NULL,NULL,NULL,1,780,'2025-02-19 11:05:26','2025-02-19 11:05:26'),
(492,NULL,NULL,NULL,NULL,NULL,'Poly',NULL,NULL,NULL,NULL,NULL,NULL,NULL,NULL,NULL,1,781,'2025-02-19 11:06:53','2025-02-19 11:06:53'),
(493,NULL,NULL,NULL,NULL,NULL,'Poly',NULL,NULL,NULL,NULL,NULL,NULL,NULL,NULL,NULL,1,782,'2025-02-19 11:50:35','2025-02-19 11:50:35'),
(494,NULL,NULL,NULL,NULL,NULL,'Poly',NULL,NULL,NULL,NULL,NULL,NULL,NULL,NULL,NULL,1,783,'2025-02-19 11:53:18','2025-02-19 11:53:18'),
(495,NULL,NULL,NULL,NULL,NULL,'Poly',NULL,NULL,NULL,NULL,NULL,NULL,NULL,NULL,NULL,1,784,'2025-02-19 12:42:12','2025-02-19 12:42:12'),
(496,NULL,NULL,NULL,NULL,NULL,'Poly',NULL,NULL,NULL,NULL,NULL,NULL,NULL,NULL,NULL,1,785,'2025-02-19 12:47:49','2025-02-19 12:47:49'),
(497,NULL,NULL,NULL,NULL,NULL,'Poly',NULL,NULL,NULL,NULL,NULL,NULL,NULL,NULL,NULL,1,786,'2025-02-19 12:53:44','2025-02-19 12:53:44'),
(498,NULL,NULL,NULL,NULL,NULL,'Poly',NULL,NULL,NULL,NULL,NULL,NULL,NULL,NULL,NULL,1,787,'2025-02-19 12:56:10','2025-02-19 12:56:10'),
(499,NULL,NULL,NULL,NULL,NULL,'Poly',NULL,NULL,NULL,NULL,NULL,NULL,NULL,NULL,NULL,1,788,'2025-02-19 12:58:01','2025-02-19 12:58:01'),
(500,NULL,NULL,NULL,NULL,NULL,'Poly',NULL,NULL,NULL,NULL,NULL,NULL,NULL,NULL,NULL,1,789,'2025-02-19 12:59:51','2025-02-19 12:59:51'),
(501,NULL,NULL,NULL,NULL,NULL,'Poly',NULL,NULL,NULL,NULL,NULL,NULL,NULL,NULL,NULL,1,790,'2025-02-19 13:01:08','2025-02-19 13:01:08'),
(502,NULL,NULL,NULL,NULL,NULL,'Poly',NULL,NULL,NULL,NULL,NULL,NULL,NULL,NULL,NULL,1,791,'2025-02-19 13:03:03','2025-02-19 13:03:03'),
(503,NULL,NULL,NULL,NULL,NULL,'Poly',NULL,NULL,NULL,NULL,NULL,NULL,NULL,NULL,NULL,1,792,'2025-02-19 13:04:42','2025-02-19 13:04:42'),
(504,NULL,NULL,NULL,NULL,NULL,'Poly',NULL,NULL,NULL,NULL,NULL,NULL,NULL,NULL,NULL,1,793,'2025-02-19 13:06:01','2025-02-19 13:06:01'),
(505,NULL,NULL,NULL,NULL,NULL,'Poly',NULL,NULL,NULL,NULL,NULL,NULL,NULL,NULL,NULL,1,794,'2025-02-19 13:07:19','2025-02-19 13:07:19'),
(506,NULL,NULL,NULL,NULL,NULL,'Poly',NULL,NULL,NULL,NULL,NULL,NULL,NULL,NULL,NULL,1,795,'2025-02-19 13:11:25','2025-02-19 13:11:25'),
(507,NULL,NULL,NULL,NULL,NULL,'Poly',NULL,NULL,NULL,NULL,NULL,NULL,NULL,NULL,NULL,1,796,'2025-02-19 13:13:53','2025-02-19 13:13:53'),
(508,NULL,NULL,NULL,NULL,NULL,'Poly',NULL,NULL,NULL,NULL,NULL,NULL,NULL,NULL,NULL,1,797,'2025-02-19 13:15:33','2025-02-19 13:15:33'),
(509,NULL,NULL,NULL,NULL,NULL,'Poly',NULL,NULL,NULL,NULL,NULL,NULL,NULL,NULL,NULL,1,798,'2025-02-19 13:21:42','2025-02-19 13:21:42'),
(510,NULL,NULL,NULL,NULL,NULL,'Poly',NULL,NULL,NULL,NULL,NULL,NULL,NULL,NULL,NULL,1,799,'2025-02-19 13:23:50','2025-02-19 13:23:50'),
(511,NULL,NULL,NULL,NULL,NULL,'Poly',NULL,NULL,NULL,NULL,NULL,NULL,NULL,NULL,NULL,1,800,'2025-02-19 13:25:16','2025-02-19 13:25:16'),
(512,NULL,NULL,NULL,NULL,NULL,'Poly',NULL,NULL,NULL,NULL,NULL,NULL,NULL,NULL,NULL,1,801,'2025-02-19 13:25:52','2025-02-19 13:25:52'),
(513,NULL,NULL,NULL,NULL,NULL,'Poly',NULL,NULL,NULL,NULL,NULL,NULL,NULL,NULL,NULL,1,802,'2025-02-19 13:28:40','2025-02-19 13:28:40'),
(514,NULL,NULL,NULL,NULL,NULL,'Poly',NULL,NULL,NULL,NULL,NULL,NULL,NULL,NULL,NULL,1,803,'2025-02-19 13:48:00','2025-02-19 13:48:00'),
(515,NULL,NULL,NULL,NULL,NULL,'Poly',NULL,NULL,NULL,NULL,NULL,NULL,NULL,NULL,NULL,1,804,'2025-02-19 13:50:01','2025-02-19 13:50:01'),
(516,NULL,NULL,NULL,NULL,NULL,'Poly',NULL,NULL,NULL,NULL,NULL,NULL,NULL,NULL,NULL,1,805,'2025-02-19 13:52:17','2025-02-19 13:52:17'),
(517,NULL,NULL,NULL,NULL,NULL,'Poly',NULL,NULL,NULL,NULL,NULL,NULL,NULL,NULL,NULL,1,806,'2025-02-19 13:52:35','2025-02-19 13:52:35'),
(518,NULL,NULL,NULL,NULL,NULL,'Poly',NULL,NULL,NULL,NULL,NULL,NULL,NULL,NULL,NULL,1,807,'2025-02-19 13:55:49','2025-02-19 13:55:49'),
(519,NULL,NULL,NULL,NULL,NULL,'Poly',NULL,NULL,NULL,NULL,NULL,NULL,NULL,NULL,NULL,1,808,'2025-02-19 13:55:54','2025-02-19 13:55:54'),
(520,NULL,NULL,NULL,NULL,NULL,'Poly',NULL,NULL,NULL,NULL,NULL,NULL,NULL,NULL,NULL,1,809,'2025-02-19 13:58:23','2025-02-19 13:58:23'),
(521,NULL,NULL,NULL,NULL,NULL,'Poly',NULL,NULL,NULL,NULL,NULL,NULL,NULL,NULL,NULL,1,810,'2025-02-19 13:59:00','2025-02-19 13:59:00'),
(522,NULL,NULL,NULL,NULL,NULL,'Poly',NULL,NULL,NULL,NULL,NULL,NULL,NULL,NULL,NULL,1,811,'2025-02-19 14:00:35','2025-02-19 14:00:35'),
(523,NULL,NULL,NULL,NULL,NULL,'Poly',NULL,NULL,NULL,NULL,NULL,NULL,NULL,NULL,NULL,1,812,'2025-02-19 14:01:30','2025-02-19 14:01:30'),
(524,NULL,NULL,NULL,NULL,NULL,'Poly',NULL,NULL,NULL,NULL,NULL,NULL,NULL,NULL,NULL,1,813,'2025-02-19 14:04:00','2025-02-19 14:04:00'),
(525,NULL,NULL,NULL,NULL,NULL,'Poly',NULL,NULL,NULL,NULL,NULL,NULL,NULL,NULL,NULL,1,814,'2025-02-19 14:06:19','2025-02-19 14:06:19'),
(526,NULL,NULL,NULL,NULL,NULL,'Poly',NULL,NULL,NULL,NULL,NULL,NULL,NULL,NULL,NULL,1,815,'2025-02-19 14:08:03','2025-02-19 14:08:03'),
(527,NULL,NULL,NULL,NULL,NULL,'Poly',NULL,NULL,NULL,NULL,NULL,NULL,NULL,NULL,NULL,1,816,'2025-02-19 14:08:45','2025-02-19 14:08:45'),
(528,NULL,NULL,NULL,NULL,NULL,'Poly',NULL,NULL,NULL,NULL,NULL,NULL,NULL,NULL,NULL,1,817,'2025-02-19 14:10:52','2025-02-19 14:10:52'),
(529,NULL,NULL,NULL,NULL,NULL,'Poly',NULL,NULL,NULL,NULL,NULL,NULL,NULL,NULL,NULL,1,818,'2025-02-19 14:11:02','2025-02-19 14:11:02'),
(530,NULL,NULL,NULL,NULL,NULL,'Poly',NULL,NULL,NULL,NULL,NULL,NULL,NULL,NULL,NULL,1,819,'2025-02-19 14:13:05','2025-02-19 14:13:05'),
(531,NULL,NULL,NULL,NULL,NULL,'Poly',NULL,NULL,NULL,NULL,NULL,NULL,NULL,NULL,NULL,1,820,'2025-02-19 14:13:14','2025-02-19 14:13:14'),
(532,NULL,NULL,NULL,NULL,NULL,'Poly',NULL,NULL,NULL,NULL,NULL,NULL,NULL,NULL,NULL,1,821,'2025-02-19 14:15:16','2025-02-19 14:15:16'),
(533,NULL,NULL,NULL,NULL,NULL,'Poly',NULL,NULL,NULL,NULL,NULL,NULL,NULL,NULL,NULL,1,822,'2025-02-19 14:15:46','2025-02-19 14:15:46'),
(534,NULL,NULL,NULL,NULL,NULL,'Poly',NULL,NULL,NULL,NULL,NULL,NULL,NULL,NULL,NULL,1,823,'2025-02-19 14:17:34','2025-02-19 14:17:34'),
(535,NULL,NULL,NULL,NULL,NULL,'Poly',NULL,NULL,NULL,NULL,NULL,NULL,NULL,NULL,NULL,1,824,'2025-02-19 14:17:51','2025-02-19 14:17:51'),
(536,NULL,NULL,NULL,NULL,NULL,'Poly',NULL,NULL,NULL,NULL,NULL,NULL,NULL,NULL,NULL,1,825,'2025-02-19 14:19:30','2025-02-19 14:19:30'),
(537,NULL,NULL,NULL,NULL,NULL,'Poly',NULL,NULL,NULL,NULL,NULL,NULL,NULL,NULL,NULL,1,826,'2025-02-19 14:20:10','2025-02-19 14:20:10'),
(538,NULL,NULL,NULL,NULL,NULL,'Poly',NULL,NULL,NULL,NULL,NULL,NULL,NULL,NULL,NULL,1,827,'2025-02-19 14:21:57','2025-02-19 14:21:57'),
(539,NULL,NULL,NULL,NULL,NULL,'Poly',NULL,NULL,NULL,NULL,NULL,NULL,NULL,NULL,NULL,1,828,'2025-02-19 14:22:09','2025-02-19 14:22:09'),
(540,NULL,NULL,NULL,NULL,NULL,'Poly',NULL,NULL,NULL,NULL,NULL,NULL,NULL,NULL,NULL,1,829,'2025-02-19 14:24:05','2025-02-19 14:24:05'),
(541,NULL,NULL,NULL,NULL,NULL,'Poly',NULL,NULL,NULL,NULL,NULL,NULL,NULL,NULL,NULL,1,830,'2025-02-19 14:25:00','2025-02-19 14:25:00'),
(542,NULL,NULL,NULL,NULL,NULL,'Poly',NULL,NULL,NULL,NULL,NULL,NULL,NULL,NULL,NULL,1,831,'2025-02-19 14:27:22','2025-02-19 14:27:22'),
(543,NULL,NULL,NULL,NULL,NULL,'Poly',NULL,NULL,NULL,NULL,NULL,NULL,NULL,NULL,NULL,1,832,'2025-02-19 14:27:49','2025-02-19 14:27:49'),
(544,NULL,NULL,NULL,NULL,NULL,'Poly',NULL,NULL,NULL,NULL,NULL,NULL,NULL,NULL,NULL,1,833,'2025-02-19 14:29:40','2025-02-19 14:29:40'),
(545,NULL,NULL,NULL,NULL,NULL,'Poly',NULL,NULL,NULL,NULL,NULL,NULL,NULL,NULL,NULL,1,834,'2025-02-19 14:29:58','2025-02-19 14:29:58'),
(546,NULL,NULL,NULL,NULL,NULL,'Poly',NULL,NULL,NULL,NULL,NULL,NULL,NULL,NULL,NULL,1,835,'2025-02-19 14:31:45','2025-02-19 14:31:45'),
(547,NULL,NULL,NULL,NULL,NULL,'Poly',NULL,NULL,NULL,NULL,NULL,NULL,NULL,NULL,NULL,1,836,'2025-02-19 14:31:48','2025-02-19 14:31:48'),
(548,NULL,NULL,NULL,NULL,NULL,'Poly',NULL,NULL,NULL,NULL,NULL,NULL,NULL,NULL,NULL,1,837,'2025-02-19 14:36:26','2025-02-19 14:36:26'),
(549,NULL,NULL,NULL,NULL,NULL,'Poly',NULL,NULL,NULL,NULL,NULL,NULL,NULL,NULL,NULL,1,838,'2025-02-19 14:39:16','2025-02-19 14:39:16'),
(550,NULL,NULL,NULL,NULL,NULL,'Poly',NULL,NULL,NULL,NULL,NULL,NULL,NULL,NULL,NULL,1,839,'2025-02-19 14:41:21','2025-02-19 14:41:21'),
(551,NULL,NULL,NULL,NULL,NULL,'Poly',NULL,NULL,NULL,NULL,NULL,NULL,NULL,NULL,NULL,1,840,'2025-02-19 14:43:58','2025-02-19 14:43:58'),
(552,NULL,NULL,NULL,NULL,NULL,'Poly',NULL,NULL,NULL,NULL,NULL,NULL,NULL,NULL,NULL,1,841,'2025-02-19 15:21:36','2025-02-19 15:21:36'),
(553,NULL,NULL,NULL,NULL,NULL,'Poly',NULL,NULL,NULL,NULL,NULL,NULL,NULL,NULL,NULL,1,842,'2025-02-19 15:31:24','2025-02-19 15:31:24'),
(554,NULL,NULL,NULL,NULL,NULL,'Poly',NULL,NULL,NULL,NULL,NULL,NULL,NULL,NULL,NULL,1,843,'2025-02-19 15:34:43','2025-02-19 15:34:43'),
(555,NULL,NULL,NULL,NULL,NULL,'Poly',NULL,NULL,NULL,NULL,NULL,NULL,NULL,NULL,NULL,1,844,'2025-02-19 15:38:38','2025-02-19 15:38:38'),
(556,NULL,NULL,NULL,NULL,NULL,'Poly',NULL,NULL,NULL,NULL,NULL,NULL,NULL,NULL,NULL,1,845,'2025-02-20 14:54:15','2025-02-20 14:54:15'),
(557,NULL,NULL,NULL,NULL,NULL,'Poly',NULL,NULL,NULL,NULL,NULL,NULL,NULL,NULL,NULL,1,846,'2025-02-20 14:55:41','2025-02-20 14:55:41'),
(558,NULL,NULL,NULL,NULL,NULL,'Poly',NULL,NULL,NULL,NULL,NULL,NULL,NULL,NULL,NULL,1,450,'2025-02-20 14:57:55','2025-02-20 14:57:55'),
(559,NULL,NULL,NULL,NULL,NULL,'Poly',NULL,NULL,NULL,NULL,NULL,NULL,NULL,NULL,NULL,1,847,'2025-02-20 14:59:27','2025-02-20 14:59:27'),
(560,NULL,NULL,NULL,NULL,NULL,'Poly',NULL,NULL,NULL,NULL,NULL,NULL,NULL,NULL,NULL,1,848,'2025-02-20 15:00:48','2025-02-20 15:00:48'),
(561,NULL,NULL,NULL,NULL,NULL,'Poly',NULL,NULL,NULL,NULL,NULL,NULL,NULL,NULL,NULL,1,849,'2025-02-20 15:02:32','2025-02-20 15:02:32'),
(562,NULL,NULL,NULL,NULL,NULL,'Poly',NULL,NULL,NULL,NULL,NULL,NULL,NULL,NULL,NULL,1,850,'2025-02-20 15:04:12','2025-02-20 15:04:12'),
(563,NULL,NULL,NULL,NULL,NULL,'Poly',NULL,NULL,NULL,NULL,NULL,NULL,NULL,NULL,NULL,1,851,'2025-02-20 15:05:47','2025-02-20 15:05:47'),
(564,NULL,NULL,NULL,NULL,NULL,'Poly',NULL,NULL,NULL,NULL,NULL,NULL,NULL,NULL,NULL,1,852,'2025-02-20 15:08:01','2025-02-20 15:08:01'),
(565,NULL,NULL,NULL,NULL,NULL,'Poly',NULL,NULL,NULL,NULL,NULL,NULL,NULL,NULL,NULL,1,853,'2025-02-20 15:13:29','2025-02-20 15:13:29'),
(566,NULL,NULL,NULL,NULL,NULL,'Poly',NULL,NULL,NULL,NULL,NULL,NULL,NULL,NULL,NULL,1,854,'2025-02-20 15:14:59','2025-02-20 15:14:59'),
(567,NULL,NULL,NULL,NULL,NULL,'Poly',NULL,NULL,NULL,NULL,NULL,NULL,NULL,NULL,NULL,1,855,'2025-02-20 15:29:30','2025-02-20 15:29:30'),
(568,NULL,NULL,NULL,NULL,NULL,'Poly',NULL,NULL,NULL,NULL,NULL,NULL,NULL,NULL,NULL,1,856,'2025-02-20 15:30:48','2025-02-20 15:30:48'),
(569,NULL,NULL,NULL,NULL,NULL,'Poly',NULL,NULL,NULL,NULL,NULL,NULL,NULL,NULL,NULL,1,857,'2025-02-20 15:32:11','2025-02-20 15:32:11'),
(570,NULL,NULL,NULL,NULL,NULL,'Poly',NULL,NULL,NULL,NULL,NULL,NULL,NULL,NULL,NULL,1,858,'2025-02-20 15:33:34','2025-02-20 15:33:34'),
(571,NULL,NULL,NULL,NULL,NULL,'Poly',NULL,NULL,NULL,NULL,NULL,NULL,NULL,NULL,NULL,1,859,'2025-02-20 15:34:42','2025-02-20 15:34:42'),
(572,NULL,NULL,NULL,NULL,NULL,'Poly',NULL,NULL,NULL,NULL,NULL,NULL,NULL,NULL,NULL,1,860,'2025-02-20 15:35:50','2025-02-20 15:35:50'),
(573,NULL,NULL,NULL,NULL,NULL,'Poly',NULL,NULL,NULL,NULL,NULL,NULL,NULL,NULL,NULL,1,861,'2025-02-20 15:36:49','2025-02-20 15:36:49'),
(574,NULL,NULL,NULL,NULL,NULL,'Poly',NULL,NULL,NULL,NULL,NULL,NULL,NULL,NULL,NULL,1,862,'2025-02-20 15:37:53','2025-02-20 15:37:53'),
(575,NULL,NULL,NULL,NULL,NULL,'Poly',NULL,NULL,NULL,NULL,NULL,NULL,NULL,NULL,NULL,1,863,'2025-02-20 15:39:03','2025-02-20 15:39:03'),
(576,NULL,NULL,NULL,NULL,NULL,'Poly',NULL,NULL,NULL,NULL,NULL,NULL,NULL,NULL,NULL,1,864,'2025-02-20 15:42:27','2025-02-20 15:42:27'),
(577,NULL,NULL,NULL,NULL,NULL,'Poly',NULL,NULL,NULL,NULL,NULL,NULL,NULL,NULL,NULL,1,865,'2025-02-20 15:44:18','2025-02-20 15:44:18'),
(578,NULL,NULL,NULL,NULL,NULL,'Poly',NULL,NULL,NULL,NULL,NULL,NULL,NULL,NULL,NULL,1,866,'2025-02-20 15:45:19','2025-02-20 15:45:19'),
(579,NULL,NULL,NULL,NULL,NULL,'Poly',NULL,NULL,NULL,NULL,NULL,NULL,NULL,NULL,NULL,1,867,'2025-02-20 15:46:38','2025-02-20 15:46:38'),
(580,NULL,NULL,NULL,NULL,NULL,'Poly',NULL,NULL,NULL,NULL,NULL,NULL,NULL,NULL,NULL,1,868,'2025-02-20 15:48:17','2025-02-20 15:48:17'),
(581,NULL,NULL,NULL,NULL,NULL,'Poly',NULL,NULL,NULL,NULL,NULL,NULL,NULL,NULL,NULL,1,869,'2025-02-20 15:49:34','2025-02-20 15:49:34'),
(582,NULL,NULL,NULL,NULL,NULL,'Poly',NULL,NULL,NULL,NULL,NULL,NULL,NULL,NULL,NULL,1,870,'2025-02-20 15:50:54','2025-02-20 15:50:54'),
(583,NULL,NULL,NULL,NULL,NULL,'Poly',NULL,NULL,NULL,NULL,NULL,NULL,NULL,NULL,NULL,1,871,'2025-02-20 15:52:14','2025-02-20 15:52:14'),
(584,NULL,NULL,NULL,NULL,NULL,'Poly',NULL,NULL,NULL,NULL,NULL,NULL,NULL,NULL,NULL,1,872,'2025-02-20 15:55:35','2025-02-20 15:55:35'),
(585,NULL,NULL,NULL,NULL,NULL,'Poly',NULL,NULL,NULL,NULL,NULL,NULL,NULL,NULL,NULL,1,873,'2025-02-20 15:57:13','2025-02-20 15:57:13'),
(586,NULL,NULL,NULL,NULL,NULL,'Poly',NULL,NULL,NULL,NULL,NULL,NULL,NULL,NULL,NULL,1,874,'2025-02-20 16:01:31','2025-02-20 16:01:31'),
(587,NULL,NULL,NULL,NULL,NULL,'Poly',NULL,NULL,NULL,NULL,NULL,NULL,NULL,NULL,NULL,1,875,'2025-02-20 16:03:04','2025-02-20 16:03:04'),
(588,NULL,NULL,NULL,NULL,NULL,'Poly',NULL,NULL,NULL,NULL,NULL,NULL,NULL,NULL,NULL,1,876,'2025-02-20 16:09:31','2025-02-20 16:09:31'),
(589,NULL,NULL,NULL,NULL,NULL,'Poly',NULL,NULL,NULL,NULL,NULL,NULL,NULL,NULL,NULL,1,877,'2025-02-20 16:12:09','2025-02-20 16:12:09'),
(590,NULL,NULL,NULL,NULL,NULL,'Poly',NULL,NULL,NULL,NULL,NULL,NULL,NULL,NULL,NULL,1,878,'2025-02-20 16:14:05','2025-02-20 16:14:05'),
(591,NULL,NULL,NULL,NULL,NULL,'Poly',NULL,NULL,NULL,NULL,NULL,NULL,NULL,NULL,NULL,1,879,'2025-02-20 16:15:35','2025-02-20 16:15:35'),
(592,NULL,NULL,NULL,NULL,NULL,'Poly',NULL,NULL,NULL,NULL,NULL,NULL,NULL,NULL,NULL,1,880,'2025-02-20 16:20:52','2025-02-20 16:20:52'),
(593,NULL,NULL,NULL,NULL,NULL,'Poly',NULL,NULL,NULL,NULL,NULL,NULL,NULL,NULL,NULL,1,881,'2025-02-20 16:21:59','2025-02-20 16:21:59'),
(594,NULL,NULL,NULL,NULL,NULL,'Poly',NULL,NULL,NULL,NULL,NULL,NULL,NULL,NULL,NULL,1,882,'2025-02-20 16:23:00','2025-02-20 16:23:00'),
(595,NULL,NULL,NULL,NULL,NULL,'Poly',NULL,NULL,NULL,NULL,NULL,NULL,NULL,NULL,NULL,1,883,'2025-02-20 16:24:36','2025-02-20 16:24:36'),
(596,NULL,NULL,NULL,NULL,NULL,'Poly',NULL,NULL,NULL,NULL,NULL,NULL,NULL,NULL,NULL,1,884,'2025-02-20 16:25:36','2025-02-20 16:25:36'),
(597,NULL,NULL,NULL,NULL,NULL,'Poly',NULL,NULL,NULL,NULL,NULL,NULL,NULL,NULL,NULL,1,885,'2025-02-20 16:26:49','2025-02-20 16:26:49'),
(598,NULL,NULL,NULL,NULL,NULL,'Poly',NULL,NULL,NULL,NULL,NULL,NULL,NULL,NULL,NULL,1,886,'2025-02-20 16:27:57','2025-02-20 16:27:57'),
(599,NULL,NULL,NULL,NULL,NULL,'Poly',NULL,NULL,NULL,NULL,NULL,NULL,NULL,NULL,NULL,1,887,'2025-02-20 16:29:13','2025-02-20 16:29:13'),
(600,NULL,NULL,NULL,NULL,NULL,'Poly',NULL,NULL,NULL,NULL,NULL,NULL,NULL,NULL,NULL,1,888,'2025-02-20 16:30:20','2025-02-20 16:30:20'),
(601,NULL,NULL,NULL,NULL,NULL,'Poly',NULL,NULL,NULL,NULL,NULL,NULL,NULL,NULL,NULL,1,889,'2025-02-20 16:31:24','2025-02-20 16:31:24'),
(602,NULL,NULL,NULL,NULL,NULL,'Poly',NULL,NULL,NULL,NULL,NULL,NULL,NULL,NULL,NULL,1,890,'2025-02-20 16:32:33','2025-02-20 16:32:33'),
(603,NULL,NULL,NULL,NULL,NULL,'Poly',NULL,NULL,NULL,NULL,NULL,NULL,NULL,NULL,NULL,1,891,'2025-02-20 16:33:38','2025-02-20 16:33:38'),
(604,NULL,NULL,NULL,NULL,NULL,'Poly',NULL,NULL,NULL,NULL,NULL,NULL,NULL,NULL,NULL,1,892,'2025-02-20 16:34:40','2025-02-20 16:34:40'),
(605,NULL,NULL,NULL,NULL,NULL,'Poly',NULL,NULL,NULL,NULL,NULL,NULL,NULL,NULL,NULL,1,893,'2025-02-20 16:35:55','2025-02-20 16:35:55'),
(606,NULL,NULL,NULL,NULL,NULL,'Poly',NULL,NULL,NULL,NULL,NULL,NULL,NULL,NULL,NULL,1,894,'2025-02-20 16:37:12','2025-02-20 16:37:12'),
(607,NULL,NULL,NULL,NULL,NULL,'Poly',NULL,NULL,NULL,NULL,NULL,NULL,NULL,NULL,NULL,1,895,'2025-02-21 07:52:27','2025-02-21 07:52:27'),
(608,NULL,NULL,NULL,NULL,NULL,'Poly',NULL,NULL,NULL,NULL,NULL,NULL,NULL,NULL,NULL,1,896,'2025-02-21 07:53:52','2025-02-21 07:53:52'),
(609,NULL,NULL,NULL,NULL,NULL,'Poly',NULL,NULL,NULL,NULL,NULL,NULL,NULL,NULL,NULL,1,897,'2025-02-21 07:55:29','2025-02-21 07:55:29'),
(610,NULL,NULL,NULL,NULL,NULL,'Poly',NULL,NULL,NULL,NULL,NULL,NULL,NULL,NULL,NULL,1,898,'2025-02-21 07:57:05','2025-02-21 07:57:05'),
(611,NULL,NULL,NULL,NULL,NULL,'Poly',NULL,NULL,NULL,NULL,NULL,NULL,NULL,NULL,NULL,1,899,'2025-02-21 07:58:49','2025-02-21 07:58:49'),
(612,NULL,NULL,NULL,NULL,NULL,'Poly',NULL,NULL,NULL,NULL,NULL,NULL,NULL,NULL,NULL,1,900,'2025-02-21 08:00:37','2025-02-21 08:00:37'),
(613,NULL,NULL,NULL,NULL,NULL,'Poly',NULL,NULL,NULL,NULL,NULL,NULL,NULL,NULL,NULL,1,901,'2025-02-21 08:01:59','2025-02-21 08:01:59'),
(614,NULL,NULL,NULL,NULL,NULL,'Poly',NULL,NULL,NULL,NULL,NULL,NULL,NULL,NULL,NULL,1,902,'2025-02-21 08:03:28','2025-02-21 08:03:28'),
(615,NULL,NULL,NULL,NULL,NULL,'Poly',NULL,NULL,NULL,NULL,NULL,NULL,NULL,NULL,NULL,1,903,'2025-02-21 08:04:47','2025-02-21 08:04:47'),
(616,NULL,NULL,NULL,NULL,NULL,'Poly',NULL,NULL,NULL,NULL,NULL,NULL,NULL,NULL,NULL,1,904,'2025-02-21 08:06:32','2025-02-21 08:06:32'),
(617,NULL,NULL,NULL,NULL,NULL,'Poly',NULL,NULL,NULL,NULL,NULL,NULL,NULL,NULL,NULL,1,905,'2025-02-21 08:08:19','2025-02-21 08:08:19'),
(618,NULL,NULL,NULL,NULL,NULL,'Poly',NULL,NULL,NULL,NULL,NULL,NULL,NULL,NULL,NULL,1,906,'2025-02-21 08:10:11','2025-02-21 08:10:11'),
(619,NULL,NULL,NULL,NULL,NULL,'Poly',NULL,NULL,NULL,NULL,NULL,NULL,NULL,NULL,NULL,1,907,'2025-02-21 08:11:35','2025-02-21 08:11:35'),
(620,NULL,NULL,NULL,NULL,NULL,'Poly',NULL,NULL,NULL,NULL,NULL,NULL,NULL,NULL,NULL,1,908,'2025-02-21 14:12:30','2025-02-21 14:12:30'),
(621,NULL,NULL,NULL,NULL,NULL,'Poly',NULL,NULL,NULL,NULL,NULL,NULL,NULL,NULL,NULL,1,909,'2025-02-21 14:14:42','2025-02-21 14:14:42'),
(622,NULL,NULL,NULL,NULL,NULL,'Poly',NULL,NULL,NULL,NULL,NULL,NULL,NULL,NULL,NULL,1,910,'2025-02-21 14:16:38','2025-02-21 14:16:38'),
(623,NULL,NULL,NULL,NULL,NULL,'Poly',NULL,NULL,NULL,NULL,NULL,NULL,NULL,NULL,NULL,1,911,'2025-02-21 14:28:27','2025-02-21 14:28:27'),
(624,NULL,NULL,NULL,NULL,NULL,'Poly',NULL,NULL,NULL,NULL,NULL,NULL,NULL,NULL,NULL,1,912,'2025-02-21 14:33:16','2025-02-21 14:33:16'),
(625,NULL,NULL,NULL,NULL,NULL,'Poly',NULL,NULL,NULL,NULL,NULL,NULL,NULL,NULL,NULL,1,913,'2025-02-21 14:36:39','2025-02-21 14:36:39'),
(626,NULL,NULL,NULL,NULL,NULL,'Poly',NULL,NULL,NULL,NULL,NULL,NULL,NULL,NULL,NULL,1,914,'2025-02-21 14:38:04','2025-02-21 14:38:04'),
(627,NULL,NULL,NULL,NULL,NULL,'Poly',NULL,NULL,NULL,NULL,NULL,NULL,NULL,NULL,NULL,1,915,'2025-02-21 14:40:41','2025-02-21 14:40:41'),
(628,NULL,NULL,NULL,NULL,NULL,'Poly',NULL,NULL,NULL,NULL,NULL,NULL,NULL,NULL,NULL,1,916,'2025-02-21 14:41:33','2025-02-21 14:41:33'),
(629,NULL,NULL,NULL,NULL,NULL,'Poly',NULL,NULL,NULL,NULL,NULL,NULL,NULL,NULL,NULL,1,917,'2025-02-21 14:48:59','2025-02-21 14:48:59'),
(630,NULL,NULL,NULL,NULL,NULL,'Poly',NULL,NULL,NULL,NULL,NULL,NULL,NULL,NULL,NULL,1,918,'2025-02-21 14:58:00','2025-02-21 14:58:00'),
(631,NULL,NULL,NULL,NULL,NULL,'Poly',NULL,NULL,NULL,NULL,NULL,NULL,NULL,NULL,NULL,1,919,'2025-02-21 14:59:31','2025-02-21 14:59:31'),
(632,NULL,NULL,NULL,NULL,NULL,'Poly',NULL,NULL,NULL,NULL,NULL,NULL,NULL,NULL,NULL,1,920,'2025-02-21 15:00:52','2025-02-21 15:00:52'),
(633,NULL,NULL,NULL,NULL,NULL,'Poly',NULL,NULL,NULL,NULL,NULL,NULL,NULL,NULL,NULL,1,921,'2025-02-21 15:02:31','2025-02-21 15:02:31'),
(634,NULL,NULL,NULL,NULL,NULL,'Poly',NULL,NULL,NULL,NULL,NULL,NULL,NULL,NULL,NULL,1,922,'2025-02-21 15:40:51','2025-02-21 15:40:51'),
(635,NULL,NULL,NULL,NULL,NULL,'Poly',NULL,NULL,NULL,NULL,NULL,NULL,NULL,NULL,NULL,1,923,'2025-02-21 15:43:45','2025-02-21 15:43:45'),
(636,NULL,NULL,NULL,NULL,NULL,'Poly',NULL,NULL,NULL,NULL,NULL,NULL,NULL,NULL,NULL,1,924,'2025-02-21 15:45:07','2025-02-21 15:45:07'),
(637,NULL,NULL,NULL,NULL,NULL,'Poly',NULL,NULL,NULL,NULL,NULL,NULL,NULL,NULL,NULL,1,925,'2025-02-21 15:46:36','2025-02-21 15:46:36'),
(638,NULL,NULL,NULL,NULL,NULL,'Poly',NULL,NULL,NULL,NULL,NULL,NULL,NULL,NULL,NULL,1,926,'2025-02-21 15:47:53','2025-02-21 15:47:53'),
(639,NULL,NULL,NULL,NULL,NULL,'Poly',NULL,NULL,NULL,NULL,NULL,NULL,NULL,NULL,NULL,1,927,'2025-02-21 15:49:02','2025-02-21 15:49:02'),
(640,NULL,NULL,NULL,NULL,NULL,'Poly',NULL,NULL,NULL,NULL,NULL,NULL,NULL,NULL,NULL,1,928,'2025-02-21 15:50:06','2025-02-21 15:50:06'),
(641,NULL,NULL,NULL,NULL,NULL,'Poly',NULL,NULL,NULL,NULL,NULL,NULL,NULL,NULL,NULL,1,929,'2025-02-21 15:51:29','2025-02-21 15:51:29'),
(642,NULL,NULL,NULL,NULL,NULL,'Poly',NULL,NULL,NULL,NULL,NULL,NULL,NULL,NULL,NULL,1,930,'2025-02-24 15:14:07','2025-02-24 15:14:07'),
(643,NULL,NULL,NULL,NULL,NULL,'Poly',NULL,NULL,NULL,NULL,NULL,NULL,NULL,NULL,NULL,1,931,'2025-02-24 15:15:50','2025-02-24 15:15:50'),
(644,NULL,NULL,NULL,NULL,NULL,'Poly',NULL,NULL,NULL,NULL,NULL,NULL,NULL,NULL,NULL,1,932,'2025-02-24 15:31:34','2025-02-24 15:31:34'),
(645,NULL,NULL,NULL,NULL,NULL,'Poly',NULL,NULL,NULL,NULL,NULL,NULL,NULL,NULL,NULL,1,933,'2025-02-24 15:33:13','2025-02-24 15:33:13'),
(646,NULL,NULL,NULL,NULL,NULL,'Poly',NULL,NULL,NULL,NULL,NULL,NULL,NULL,NULL,NULL,1,934,'2025-02-24 15:35:21','2025-02-24 15:35:21'),
(647,NULL,NULL,NULL,NULL,NULL,'Poly',NULL,NULL,NULL,NULL,NULL,NULL,NULL,NULL,NULL,1,935,'2025-02-24 15:41:11','2025-02-24 15:41:11'),
(648,NULL,NULL,NULL,NULL,NULL,'Poly',NULL,NULL,NULL,NULL,NULL,NULL,NULL,NULL,NULL,1,936,'2025-02-24 15:43:47','2025-02-24 15:43:47'),
(649,NULL,NULL,NULL,NULL,NULL,'Poly',NULL,NULL,NULL,NULL,NULL,NULL,NULL,NULL,NULL,1,937,'2025-02-24 15:45:57','2025-02-24 15:45:57'),
(650,NULL,NULL,NULL,NULL,NULL,'Poly',NULL,NULL,NULL,NULL,NULL,NULL,NULL,NULL,NULL,1,938,'2025-02-24 15:49:19','2025-02-24 15:49:19'),
(651,NULL,NULL,NULL,NULL,NULL,'Poly',NULL,NULL,NULL,NULL,NULL,NULL,NULL,NULL,NULL,1,939,'2025-02-24 15:54:03','2025-02-24 15:54:03'),
(652,NULL,NULL,NULL,NULL,NULL,'Poly',NULL,NULL,NULL,NULL,NULL,NULL,NULL,NULL,NULL,1,940,'2025-02-24 15:56:29','2025-02-24 15:56:29'),
(653,NULL,NULL,NULL,NULL,NULL,'Poly',NULL,NULL,NULL,NULL,NULL,NULL,NULL,NULL,NULL,1,941,'2025-02-24 15:58:18','2025-02-24 15:58:18'),
(654,NULL,NULL,NULL,NULL,NULL,'Poly',NULL,NULL,NULL,NULL,NULL,NULL,NULL,NULL,NULL,1,942,'2025-02-24 16:00:04','2025-02-24 16:00:04'),
(655,NULL,NULL,NULL,NULL,NULL,'Poly',NULL,NULL,NULL,NULL,NULL,NULL,NULL,NULL,NULL,1,943,'2025-02-24 16:03:41','2025-02-24 16:03:41'),
(656,NULL,NULL,NULL,NULL,NULL,'Poly',NULL,NULL,NULL,NULL,NULL,NULL,NULL,NULL,NULL,1,944,'2025-02-24 16:05:04','2025-02-24 16:05:04'),
(657,NULL,NULL,NULL,NULL,NULL,'Poly',NULL,NULL,NULL,NULL,NULL,NULL,NULL,NULL,NULL,1,945,'2025-02-24 16:06:30','2025-02-24 16:06:30'),
(658,NULL,NULL,NULL,NULL,NULL,'Poly',NULL,NULL,NULL,NULL,NULL,NULL,NULL,NULL,NULL,1,946,'2025-02-24 16:08:25','2025-02-24 16:08:25'),
(659,NULL,NULL,NULL,NULL,NULL,'Poly',NULL,NULL,NULL,NULL,NULL,NULL,NULL,NULL,NULL,1,947,'2025-02-24 16:09:55','2025-02-24 16:09:55'),
(660,NULL,NULL,NULL,NULL,NULL,'Poly',NULL,NULL,NULL,NULL,NULL,NULL,NULL,NULL,NULL,1,948,'2025-02-24 16:11:35','2025-02-24 16:11:35'),
(661,NULL,NULL,NULL,NULL,NULL,'Poly',NULL,NULL,NULL,NULL,NULL,NULL,NULL,NULL,NULL,1,949,'2025-02-24 16:12:55','2025-02-24 16:12:55'),
(662,NULL,NULL,NULL,NULL,NULL,'Poly',NULL,NULL,NULL,NULL,NULL,NULL,NULL,NULL,NULL,1,950,'2025-02-24 16:14:23','2025-02-24 16:14:23'),
(663,NULL,NULL,NULL,NULL,NULL,'Poly',NULL,NULL,NULL,NULL,NULL,NULL,NULL,NULL,NULL,1,951,'2025-02-24 16:16:01','2025-02-24 16:16:01'),
(664,NULL,NULL,NULL,NULL,NULL,'Poly',NULL,NULL,NULL,NULL,NULL,NULL,NULL,NULL,NULL,1,952,'2025-02-24 16:19:10','2025-02-24 16:19:10'),
(665,NULL,NULL,NULL,NULL,NULL,'Poly',NULL,NULL,NULL,NULL,NULL,NULL,NULL,NULL,NULL,1,953,'2025-02-24 16:21:01','2025-02-24 16:21:01'),
(666,NULL,NULL,NULL,NULL,NULL,'Poly',NULL,NULL,NULL,NULL,NULL,NULL,NULL,NULL,NULL,1,954,'2025-02-24 16:22:35','2025-02-24 16:22:35'),
(667,NULL,NULL,NULL,NULL,NULL,'Poly',NULL,NULL,NULL,NULL,NULL,NULL,NULL,NULL,NULL,1,955,'2025-02-24 16:24:44','2025-02-24 16:24:44'),
(668,NULL,NULL,NULL,NULL,NULL,'Poly',NULL,NULL,NULL,NULL,NULL,NULL,NULL,NULL,NULL,1,956,'2025-02-24 16:26:23','2025-02-24 16:26:23'),
(669,NULL,NULL,NULL,NULL,NULL,'Poly',NULL,NULL,NULL,NULL,NULL,NULL,NULL,NULL,NULL,1,957,'2025-02-24 16:27:56','2025-02-24 16:27:56'),
(670,NULL,NULL,NULL,NULL,NULL,'Poly',NULL,NULL,NULL,NULL,NULL,NULL,NULL,NULL,NULL,1,958,'2025-02-24 16:30:41','2025-02-24 16:30:41'),
(671,NULL,NULL,NULL,NULL,NULL,'Poly',NULL,NULL,NULL,NULL,NULL,NULL,NULL,NULL,NULL,1,959,'2025-02-24 16:32:26','2025-02-24 16:32:26'),
(672,NULL,NULL,NULL,NULL,NULL,'Poly',NULL,NULL,NULL,NULL,NULL,NULL,NULL,NULL,NULL,1,960,'2025-02-24 16:34:07','2025-02-24 16:34:07'),
(673,NULL,NULL,NULL,NULL,NULL,'Poly',NULL,NULL,NULL,NULL,NULL,NULL,NULL,NULL,NULL,1,961,'2025-02-24 16:35:45','2025-02-24 16:35:45'),
(674,NULL,NULL,NULL,NULL,NULL,'Poly',NULL,NULL,NULL,NULL,NULL,NULL,NULL,NULL,NULL,1,962,'2025-02-24 16:37:23','2025-02-24 16:37:23'),
(675,NULL,NULL,NULL,NULL,NULL,'Poly',NULL,NULL,NULL,NULL,NULL,NULL,NULL,NULL,NULL,1,963,'2025-02-24 16:39:13','2025-02-24 16:39:13'),
(676,NULL,NULL,NULL,NULL,NULL,'Poly',NULL,NULL,NULL,NULL,NULL,NULL,NULL,NULL,NULL,1,964,'2025-02-24 16:42:03','2025-02-24 16:42:03'),
(677,NULL,NULL,NULL,NULL,NULL,'Poly',NULL,NULL,NULL,NULL,NULL,NULL,NULL,NULL,NULL,1,965,'2025-02-25 08:51:01','2025-02-25 08:51:01'),
(678,NULL,NULL,NULL,NULL,NULL,'Poly',NULL,NULL,NULL,NULL,NULL,NULL,NULL,NULL,NULL,1,966,'2025-02-25 08:52:27','2025-02-25 08:52:27'),
(679,NULL,NULL,NULL,NULL,NULL,'Poly',NULL,NULL,NULL,NULL,NULL,NULL,NULL,NULL,NULL,1,967,'2025-02-25 08:55:58','2025-02-25 08:55:58'),
(680,NULL,NULL,NULL,NULL,NULL,'Poly',NULL,NULL,NULL,NULL,NULL,NULL,NULL,NULL,NULL,1,968,'2025-02-25 08:57:41','2025-02-25 08:57:41'),
(681,NULL,NULL,NULL,NULL,NULL,'Poly',NULL,NULL,NULL,NULL,NULL,NULL,NULL,NULL,NULL,1,969,'2025-02-25 08:59:20','2025-02-25 08:59:20'),
(682,NULL,NULL,NULL,NULL,NULL,'Poly',NULL,NULL,NULL,NULL,NULL,NULL,NULL,NULL,NULL,1,970,'2025-02-25 09:00:57','2025-02-25 09:00:57'),
(683,NULL,NULL,NULL,NULL,NULL,'Poly',NULL,NULL,NULL,NULL,NULL,NULL,NULL,NULL,NULL,1,971,'2025-02-25 09:02:17','2025-02-25 09:02:17'),
(684,NULL,NULL,NULL,NULL,NULL,'Poly',NULL,NULL,NULL,NULL,NULL,NULL,NULL,NULL,NULL,1,972,'2025-02-25 09:03:52','2025-02-25 09:03:52'),
(685,NULL,NULL,NULL,NULL,NULL,'Poly',NULL,NULL,NULL,NULL,NULL,NULL,NULL,NULL,NULL,1,973,'2025-02-25 09:06:15','2025-02-25 09:06:15'),
(686,NULL,NULL,NULL,NULL,NULL,'Poly',NULL,NULL,NULL,NULL,NULL,NULL,NULL,NULL,NULL,1,974,'2025-02-25 09:09:38','2025-02-25 09:09:38'),
(687,NULL,NULL,NULL,NULL,NULL,'Poly',NULL,NULL,NULL,NULL,NULL,NULL,NULL,NULL,NULL,1,975,'2025-02-25 09:10:46','2025-02-25 09:10:46'),
(688,NULL,NULL,NULL,NULL,NULL,'Poly',NULL,NULL,NULL,NULL,NULL,NULL,NULL,NULL,NULL,1,976,'2025-02-25 09:15:38','2025-02-25 09:15:38'),
(689,NULL,NULL,NULL,NULL,NULL,'Poly',NULL,NULL,NULL,NULL,NULL,NULL,NULL,NULL,NULL,1,977,'2025-02-25 09:17:46','2025-02-25 09:17:46'),
(690,NULL,NULL,NULL,NULL,NULL,'Poly',NULL,NULL,NULL,NULL,NULL,NULL,NULL,NULL,NULL,1,978,'2025-02-25 09:19:26','2025-02-25 09:19:26'),
(691,NULL,NULL,NULL,NULL,NULL,'Poly',NULL,NULL,NULL,NULL,NULL,NULL,NULL,NULL,NULL,1,979,'2025-02-25 09:21:18','2025-02-25 09:21:18'),
(692,NULL,NULL,NULL,NULL,NULL,'Poly',NULL,NULL,NULL,NULL,NULL,NULL,NULL,NULL,NULL,1,89,'2025-02-25 09:22:26','2025-02-25 09:22:26'),
(693,NULL,NULL,NULL,NULL,NULL,'Poly',NULL,NULL,NULL,NULL,NULL,NULL,NULL,NULL,NULL,1,980,'2025-02-25 09:23:36','2025-02-25 09:23:36'),
(694,NULL,NULL,NULL,NULL,NULL,'Poly',NULL,NULL,NULL,NULL,NULL,NULL,NULL,NULL,NULL,1,981,'2025-02-25 09:25:35','2025-02-25 09:25:35'),
(695,NULL,NULL,NULL,NULL,NULL,'Poly',NULL,NULL,NULL,NULL,NULL,NULL,NULL,NULL,NULL,1,982,'2025-02-25 09:30:35','2025-02-25 09:30:35'),
(696,NULL,NULL,NULL,NULL,NULL,'Poly',NULL,NULL,NULL,NULL,NULL,NULL,NULL,NULL,NULL,1,455,'2025-02-25 09:32:41','2025-02-25 09:32:41'),
(697,NULL,NULL,NULL,NULL,NULL,'Poly',NULL,NULL,NULL,NULL,NULL,NULL,NULL,NULL,NULL,1,983,'2025-02-25 09:33:42','2025-02-25 09:33:42'),
(698,NULL,NULL,NULL,NULL,NULL,'Poly',NULL,NULL,NULL,NULL,NULL,NULL,NULL,NULL,NULL,1,984,'2025-02-25 09:34:57','2025-02-25 09:34:57'),
(699,NULL,NULL,NULL,NULL,NULL,'Poly',NULL,NULL,NULL,NULL,NULL,NULL,NULL,NULL,NULL,1,985,'2025-02-25 09:36:25','2025-02-25 09:36:25'),
(700,NULL,NULL,NULL,NULL,NULL,'Poly',NULL,NULL,NULL,NULL,NULL,NULL,NULL,NULL,NULL,1,986,'2025-02-25 09:37:49','2025-02-25 09:37:49'),
(701,NULL,NULL,NULL,NULL,NULL,'Poly',NULL,NULL,NULL,NULL,NULL,NULL,NULL,NULL,NULL,1,987,'2025-02-25 09:39:45','2025-02-25 09:39:45'),
(702,NULL,NULL,NULL,NULL,NULL,'Poly',NULL,NULL,NULL,NULL,NULL,NULL,NULL,NULL,NULL,1,988,'2025-02-25 09:41:03','2025-02-25 09:41:03'),
(703,NULL,NULL,NULL,NULL,NULL,'Poly',NULL,NULL,NULL,NULL,NULL,NULL,NULL,NULL,NULL,1,989,'2025-02-25 09:44:02','2025-02-25 09:44:02'),
(704,NULL,NULL,NULL,NULL,NULL,'Poly',NULL,NULL,NULL,NULL,NULL,NULL,NULL,NULL,NULL,1,990,'2025-02-25 09:56:04','2025-02-25 09:56:04'),
(705,NULL,NULL,NULL,NULL,NULL,'Poly',NULL,NULL,NULL,NULL,NULL,NULL,NULL,NULL,NULL,1,991,'2025-02-25 09:58:44','2025-02-25 09:58:44'),
(706,NULL,NULL,NULL,NULL,NULL,'Poly',NULL,NULL,NULL,NULL,NULL,NULL,NULL,NULL,NULL,1,992,'2025-02-25 10:00:35','2025-02-25 10:00:35'),
(707,NULL,NULL,NULL,NULL,NULL,'Poly',NULL,NULL,NULL,NULL,NULL,NULL,NULL,NULL,NULL,1,993,'2025-02-25 10:01:54','2025-02-25 10:01:54'),
(708,NULL,NULL,NULL,NULL,NULL,'Poly',NULL,NULL,NULL,NULL,NULL,NULL,NULL,NULL,NULL,1,994,'2025-02-25 10:03:46','2025-02-25 10:03:46'),
(709,NULL,NULL,NULL,NULL,NULL,'Poly',NULL,NULL,NULL,NULL,NULL,NULL,NULL,NULL,NULL,1,995,'2025-02-25 10:05:43','2025-02-25 10:05:43'),
(710,NULL,NULL,NULL,NULL,NULL,'Poly',NULL,NULL,NULL,NULL,NULL,NULL,NULL,NULL,NULL,1,996,'2025-02-25 10:07:12','2025-02-25 10:07:12'),
(711,NULL,NULL,NULL,NULL,NULL,'Poly',NULL,NULL,NULL,NULL,NULL,NULL,NULL,NULL,NULL,1,997,'2025-02-25 10:11:28','2025-02-25 10:11:28'),
(712,NULL,NULL,NULL,NULL,NULL,'Poly',NULL,NULL,NULL,NULL,NULL,NULL,NULL,NULL,NULL,1,998,'2025-02-25 10:12:53','2025-02-25 10:12:53'),
(713,NULL,NULL,NULL,NULL,NULL,'Poly',NULL,NULL,NULL,NULL,NULL,NULL,NULL,NULL,NULL,1,999,'2025-02-25 10:14:13','2025-02-25 10:14:13'),
(714,NULL,NULL,NULL,NULL,NULL,'Poly',NULL,NULL,NULL,NULL,NULL,NULL,NULL,NULL,NULL,1,1000,'2025-02-25 10:15:41','2025-02-25 10:15:41'),
(715,NULL,NULL,NULL,NULL,NULL,'Poly',NULL,NULL,NULL,NULL,NULL,NULL,NULL,NULL,NULL,1,1001,'2025-02-25 10:18:32','2025-02-25 10:18:32'),
(716,NULL,NULL,NULL,NULL,NULL,'Poly',NULL,NULL,NULL,NULL,NULL,NULL,NULL,NULL,NULL,1,1002,'2025-02-25 10:39:00','2025-02-25 10:39:00'),
(717,NULL,NULL,NULL,NULL,NULL,'Poly',NULL,NULL,NULL,NULL,NULL,NULL,NULL,NULL,NULL,1,1003,'2025-02-25 10:41:40','2025-02-25 10:41:40'),
(718,NULL,NULL,NULL,NULL,NULL,'Poly',NULL,NULL,NULL,NULL,NULL,NULL,NULL,NULL,NULL,1,1004,'2025-02-25 10:43:26','2025-02-25 10:43:26'),
(719,NULL,NULL,NULL,NULL,NULL,'Poly',NULL,NULL,NULL,NULL,NULL,NULL,NULL,NULL,NULL,1,1005,'2025-02-25 10:45:56','2025-02-25 10:45:56'),
(720,NULL,NULL,NULL,NULL,NULL,'Poly',NULL,NULL,NULL,NULL,NULL,NULL,NULL,NULL,NULL,1,1006,'2025-02-25 10:47:27','2025-02-25 10:47:27'),
(721,NULL,NULL,NULL,NULL,NULL,'Poly',NULL,NULL,NULL,NULL,NULL,NULL,NULL,NULL,NULL,1,1007,'2025-02-25 10:49:03','2025-02-25 10:49:03'),
(722,NULL,NULL,NULL,NULL,NULL,'Poly',NULL,NULL,NULL,NULL,NULL,NULL,NULL,NULL,NULL,1,1008,'2025-02-25 10:52:20','2025-02-25 10:52:20'),
(723,NULL,NULL,NULL,NULL,NULL,'Poly',NULL,NULL,NULL,NULL,NULL,NULL,NULL,NULL,NULL,1,1009,'2025-02-25 10:54:21','2025-02-25 10:54:21'),
(724,NULL,NULL,NULL,NULL,NULL,'Poly',NULL,NULL,NULL,NULL,NULL,NULL,NULL,NULL,NULL,1,1010,'2025-02-25 10:55:56','2025-02-25 10:55:56'),
(725,'Shell','No','Wayne',NULL,'No','Poly',NULL,NULL,'4',NULL,'3','TLS 450+','[\"CSLD\"]',NULL,NULL,1,1011,'2025-02-25 11:07:12','2025-02-25 11:14:01'),
(726,'Shell','No','Wayne',NULL,'No','Poly',NULL,NULL,'4',NULL,'3','TLS 450+','[\"CSLD\"]',NULL,NULL,1,1012,'2025-02-25 11:12:37','2025-02-25 11:13:21'),
(727,NULL,NULL,NULL,NULL,NULL,'Poly',NULL,NULL,NULL,NULL,NULL,NULL,NULL,NULL,NULL,1,1013,'2025-02-25 11:53:52','2025-02-25 11:53:52'),
(728,NULL,NULL,NULL,NULL,NULL,'Poly',NULL,NULL,NULL,NULL,NULL,NULL,NULL,NULL,NULL,1,1014,'2025-02-25 11:55:36','2025-02-25 11:55:36'),
(729,NULL,NULL,NULL,NULL,NULL,'Poly',NULL,NULL,NULL,NULL,NULL,NULL,NULL,NULL,NULL,1,1015,'2025-02-25 11:57:08','2025-02-25 11:57:08'),
(730,NULL,NULL,NULL,NULL,NULL,'Poly',NULL,NULL,NULL,NULL,NULL,NULL,NULL,NULL,NULL,1,1016,'2025-02-25 12:00:51','2025-02-25 12:00:51'),
(731,NULL,NULL,NULL,NULL,NULL,'Poly',NULL,NULL,NULL,NULL,NULL,NULL,NULL,NULL,NULL,1,1017,'2025-02-25 12:02:33','2025-02-25 12:02:33'),
(732,NULL,NULL,NULL,NULL,NULL,'Poly',NULL,NULL,NULL,NULL,NULL,NULL,NULL,NULL,NULL,1,1018,'2025-02-25 12:04:14','2025-02-25 12:04:14'),
(733,NULL,NULL,NULL,NULL,NULL,'Poly',NULL,NULL,NULL,NULL,NULL,NULL,NULL,NULL,NULL,1,1019,'2025-02-25 12:05:28','2025-02-25 12:05:28'),
(734,NULL,NULL,NULL,NULL,NULL,'Poly',NULL,NULL,NULL,NULL,NULL,NULL,NULL,NULL,NULL,1,1020,'2025-02-25 12:06:48','2025-02-25 12:06:48'),
(735,NULL,NULL,NULL,NULL,NULL,'Poly',NULL,NULL,NULL,NULL,NULL,NULL,NULL,NULL,NULL,1,1021,'2025-02-25 12:11:03','2025-02-25 12:11:03'),
(736,NULL,NULL,NULL,NULL,NULL,'Poly',NULL,NULL,NULL,NULL,NULL,NULL,NULL,NULL,NULL,1,1022,'2025-02-25 12:14:03','2025-02-25 12:14:03'),
(737,NULL,NULL,NULL,NULL,NULL,'Poly',NULL,NULL,NULL,NULL,NULL,NULL,NULL,NULL,NULL,1,1023,'2025-02-25 12:15:44','2025-02-25 12:15:44'),
(738,NULL,NULL,NULL,NULL,NULL,'Poly',NULL,NULL,NULL,NULL,NULL,NULL,NULL,NULL,NULL,1,1024,'2025-02-25 12:17:04','2025-02-25 12:17:04'),
(739,NULL,NULL,NULL,NULL,NULL,'Poly',NULL,NULL,NULL,NULL,NULL,NULL,NULL,NULL,NULL,1,1025,'2025-02-25 12:19:11','2025-02-25 12:19:11'),
(740,NULL,NULL,NULL,NULL,NULL,'Poly',NULL,NULL,NULL,NULL,NULL,NULL,NULL,NULL,NULL,1,1026,'2025-02-25 12:20:58','2025-02-25 12:20:58'),
(741,NULL,NULL,NULL,NULL,NULL,'Poly',NULL,NULL,NULL,NULL,NULL,NULL,NULL,NULL,NULL,1,1027,'2025-02-25 12:22:12','2025-02-25 12:22:12'),
(742,NULL,NULL,NULL,NULL,NULL,'Poly',NULL,NULL,NULL,NULL,NULL,NULL,NULL,NULL,NULL,1,1028,'2025-02-25 12:28:08','2025-02-25 12:28:08'),
(743,NULL,NULL,NULL,NULL,NULL,'Poly',NULL,NULL,NULL,NULL,NULL,NULL,NULL,NULL,NULL,1,1029,'2025-02-25 12:29:32','2025-02-25 12:29:32'),
(744,NULL,NULL,NULL,NULL,NULL,'Poly',NULL,NULL,NULL,NULL,NULL,NULL,NULL,NULL,NULL,1,1030,'2025-02-25 12:31:19','2025-02-25 12:31:19'),
(745,NULL,NULL,NULL,NULL,NULL,'Poly',NULL,NULL,NULL,NULL,NULL,NULL,NULL,NULL,NULL,1,1031,'2025-02-25 12:32:45','2025-02-25 12:32:45'),
(746,NULL,NULL,NULL,NULL,NULL,'Poly',NULL,NULL,NULL,NULL,NULL,NULL,NULL,NULL,NULL,1,1032,'2025-02-25 12:34:08','2025-02-25 12:34:08'),
(747,NULL,NULL,NULL,NULL,NULL,'Poly',NULL,NULL,NULL,NULL,NULL,NULL,NULL,NULL,NULL,1,1033,'2025-02-25 12:36:03','2025-02-25 12:36:03'),
(748,NULL,NULL,NULL,NULL,NULL,'Poly',NULL,NULL,NULL,NULL,NULL,NULL,NULL,NULL,NULL,1,1034,'2025-02-25 12:39:08','2025-02-25 12:39:08'),
(749,NULL,NULL,NULL,NULL,NULL,'Poly',NULL,NULL,NULL,NULL,NULL,NULL,NULL,NULL,NULL,1,1035,'2025-02-25 12:42:11','2025-02-25 12:42:11'),
(750,NULL,NULL,NULL,NULL,NULL,'Poly',NULL,NULL,NULL,NULL,NULL,NULL,NULL,NULL,NULL,1,1036,'2025-02-25 12:43:44','2025-02-25 12:43:44'),
(751,NULL,NULL,NULL,NULL,NULL,'Poly',NULL,NULL,NULL,NULL,NULL,NULL,NULL,NULL,NULL,1,1037,'2025-02-25 12:45:28','2025-02-25 12:45:28'),
(752,NULL,NULL,NULL,NULL,NULL,'Poly',NULL,NULL,NULL,NULL,NULL,NULL,NULL,NULL,NULL,1,1038,'2025-02-25 13:02:56','2025-02-25 13:02:56'),
(753,NULL,NULL,NULL,NULL,NULL,'Poly',NULL,NULL,NULL,NULL,NULL,NULL,NULL,NULL,NULL,1,1039,'2025-02-25 13:07:13','2025-02-25 13:07:13'),
(754,NULL,NULL,NULL,NULL,NULL,'Poly',NULL,NULL,NULL,NULL,NULL,NULL,NULL,NULL,NULL,1,1040,'2025-02-25 13:08:52','2025-02-25 13:08:52'),
(755,NULL,NULL,NULL,NULL,NULL,'Poly',NULL,NULL,NULL,NULL,NULL,NULL,NULL,NULL,NULL,1,1041,'2025-02-25 13:10:40','2025-02-25 13:10:40'),
(756,NULL,NULL,NULL,NULL,NULL,'Poly',NULL,NULL,NULL,NULL,NULL,NULL,NULL,NULL,NULL,1,1042,'2025-02-25 13:12:29','2025-02-25 13:12:29'),
(757,NULL,NULL,NULL,NULL,NULL,'Poly',NULL,NULL,NULL,NULL,NULL,NULL,NULL,NULL,NULL,1,1043,'2025-02-25 13:14:59','2025-02-25 13:14:59'),
(758,NULL,NULL,NULL,NULL,NULL,'Poly',NULL,NULL,NULL,NULL,NULL,NULL,NULL,NULL,NULL,1,1044,'2025-02-25 13:17:55','2025-02-25 13:17:55'),
(759,NULL,NULL,NULL,NULL,NULL,'Poly',NULL,NULL,NULL,NULL,NULL,NULL,NULL,NULL,NULL,1,1045,'2025-02-25 13:19:41','2025-02-25 13:19:41'),
(760,NULL,NULL,NULL,NULL,NULL,'Poly',NULL,NULL,NULL,NULL,NULL,NULL,NULL,NULL,NULL,1,1046,'2025-02-25 13:20:53','2025-02-25 13:20:53'),
(761,NULL,NULL,NULL,NULL,NULL,'Poly',NULL,NULL,NULL,NULL,NULL,NULL,NULL,NULL,NULL,1,1047,'2025-02-25 13:22:19','2025-02-25 13:22:19'),
(762,NULL,NULL,NULL,NULL,NULL,'Poly',NULL,NULL,NULL,NULL,NULL,NULL,NULL,NULL,NULL,1,1048,'2025-02-25 13:23:44','2025-02-25 13:23:44'),
(763,NULL,NULL,NULL,NULL,NULL,'Poly',NULL,NULL,NULL,NULL,NULL,NULL,NULL,NULL,NULL,1,1049,'2025-02-25 13:25:09','2025-02-25 13:25:09'),
(764,NULL,NULL,NULL,NULL,NULL,'Poly',NULL,NULL,NULL,NULL,NULL,NULL,NULL,NULL,NULL,1,1050,'2025-02-25 13:31:48','2025-02-25 13:31:48'),
(765,NULL,NULL,NULL,NULL,NULL,'Poly',NULL,NULL,NULL,NULL,NULL,NULL,NULL,NULL,NULL,1,1051,'2025-02-25 13:32:56','2025-02-25 13:32:56'),
(766,NULL,NULL,NULL,NULL,NULL,'Poly',NULL,NULL,NULL,NULL,NULL,NULL,NULL,NULL,NULL,1,1052,'2025-02-25 13:35:06','2025-02-25 13:35:06'),
(767,NULL,NULL,NULL,NULL,NULL,'Poly',NULL,NULL,NULL,NULL,NULL,NULL,NULL,NULL,NULL,1,1053,'2025-02-25 13:37:00','2025-02-25 13:37:00'),
(768,NULL,NULL,NULL,NULL,NULL,'Poly',NULL,NULL,NULL,NULL,NULL,NULL,NULL,NULL,NULL,1,1054,'2025-02-25 13:40:53','2025-02-25 13:40:53'),
(769,NULL,NULL,NULL,NULL,NULL,'Poly',NULL,NULL,NULL,NULL,NULL,NULL,NULL,NULL,NULL,1,1055,'2025-02-25 13:42:33','2025-02-25 13:42:33'),
(770,NULL,NULL,NULL,NULL,NULL,'Poly',NULL,NULL,NULL,NULL,NULL,NULL,NULL,NULL,NULL,1,1056,'2025-02-25 13:43:51','2025-02-25 13:43:51'),
(771,NULL,NULL,NULL,NULL,NULL,'Poly',NULL,NULL,NULL,NULL,NULL,NULL,NULL,NULL,NULL,1,1057,'2025-02-25 13:45:38','2025-02-25 13:45:38'),
(772,NULL,NULL,NULL,NULL,NULL,'Poly',NULL,NULL,NULL,NULL,NULL,NULL,NULL,NULL,NULL,1,1058,'2025-02-25 13:51:09','2025-02-25 13:51:09'),
(773,NULL,NULL,NULL,NULL,NULL,'Poly',NULL,NULL,NULL,NULL,NULL,NULL,NULL,NULL,NULL,1,1059,'2025-02-25 13:52:37','2025-02-25 13:52:37'),
(774,NULL,NULL,NULL,NULL,NULL,'Poly',NULL,NULL,NULL,NULL,NULL,NULL,NULL,NULL,NULL,1,1060,'2025-02-25 13:53:55','2025-02-25 13:53:55'),
(775,NULL,NULL,NULL,NULL,NULL,'Poly',NULL,NULL,NULL,NULL,NULL,NULL,NULL,NULL,NULL,1,1061,'2025-02-25 13:56:45','2025-02-25 13:56:45'),
(776,NULL,NULL,NULL,NULL,NULL,'Poly',NULL,NULL,NULL,NULL,NULL,NULL,NULL,NULL,NULL,1,1062,'2025-02-25 13:57:50','2025-02-25 13:57:50'),
(777,NULL,NULL,NULL,NULL,NULL,'Poly',NULL,NULL,NULL,NULL,NULL,NULL,NULL,NULL,NULL,1,1063,'2025-02-25 13:59:19','2025-02-25 13:59:19'),
(778,NULL,NULL,NULL,NULL,NULL,'Poly',NULL,NULL,NULL,NULL,NULL,NULL,NULL,NULL,NULL,1,1064,'2025-02-25 14:00:29','2025-02-25 14:00:29'),
(779,NULL,NULL,NULL,NULL,NULL,'Poly',NULL,NULL,NULL,NULL,NULL,NULL,NULL,NULL,NULL,1,1065,'2025-02-25 14:01:57','2025-02-25 14:01:57'),
(780,NULL,NULL,NULL,NULL,NULL,'Poly',NULL,NULL,NULL,NULL,NULL,NULL,NULL,NULL,NULL,1,1066,'2025-02-25 14:03:36','2025-02-25 14:03:36'),
(781,NULL,NULL,NULL,NULL,NULL,'Poly',NULL,NULL,NULL,NULL,NULL,NULL,NULL,NULL,NULL,1,1067,'2025-02-25 14:04:52','2025-02-25 14:04:52'),
(782,NULL,NULL,NULL,NULL,NULL,'Poly',NULL,NULL,NULL,NULL,NULL,NULL,NULL,NULL,NULL,1,1068,'2025-02-25 14:06:05','2025-02-25 14:06:05'),
(783,NULL,NULL,NULL,NULL,NULL,'Poly',NULL,NULL,NULL,NULL,NULL,NULL,NULL,NULL,NULL,1,1069,'2025-02-25 14:07:41','2025-02-25 14:07:41'),
(784,NULL,NULL,NULL,NULL,NULL,'Poly',NULL,NULL,NULL,NULL,NULL,NULL,NULL,NULL,NULL,1,1070,'2025-02-25 14:09:14','2025-02-25 14:09:14'),
(785,NULL,NULL,NULL,NULL,NULL,'Poly',NULL,NULL,NULL,NULL,NULL,NULL,NULL,NULL,NULL,1,1071,'2025-02-25 14:11:24','2025-02-25 14:11:24'),
(786,NULL,NULL,NULL,NULL,NULL,'Poly',NULL,NULL,NULL,NULL,NULL,NULL,NULL,NULL,NULL,1,1072,'2025-02-25 14:12:51','2025-02-25 14:12:51'),
(787,NULL,NULL,NULL,NULL,NULL,'Poly',NULL,NULL,NULL,NULL,NULL,NULL,NULL,NULL,NULL,1,1073,'2025-02-25 14:14:12','2025-02-25 14:14:12'),
(788,NULL,NULL,NULL,NULL,NULL,'Poly',NULL,NULL,NULL,NULL,NULL,NULL,NULL,NULL,NULL,0,1074,'2025-02-26 00:06:22','2025-02-26 00:06:22'),
(789,NULL,NULL,NULL,NULL,NULL,'Poly',NULL,NULL,NULL,NULL,NULL,NULL,NULL,NULL,NULL,1,445,'2025-03-03 09:58:57','2025-03-03 09:58:57'),
(790,NULL,NULL,NULL,NULL,NULL,'Poly',NULL,NULL,NULL,NULL,NULL,NULL,NULL,NULL,NULL,1,453,'2025-03-03 10:02:13','2025-03-03 10:02:13'),
(791,NULL,NULL,NULL,NULL,NULL,'Poly',NULL,NULL,NULL,NULL,NULL,NULL,NULL,NULL,NULL,1,1075,'2025-03-05 12:55:38','2025-03-05 12:55:38'),
(792,NULL,NULL,NULL,NULL,NULL,'Poly',NULL,NULL,NULL,NULL,NULL,NULL,NULL,NULL,NULL,1,1076,'2025-03-06 08:57:10','2025-03-06 08:57:10'),
(793,NULL,NULL,NULL,NULL,NULL,'Poly',NULL,NULL,NULL,NULL,NULL,NULL,NULL,NULL,NULL,1,1077,'2025-03-06 08:59:00','2025-03-06 08:59:00'),
(794,NULL,NULL,NULL,NULL,NULL,'Poly',NULL,NULL,NULL,NULL,NULL,NULL,NULL,NULL,NULL,1,1078,'2025-03-28 09:33:06','2025-03-28 09:33:06'),
(795,NULL,NULL,NULL,NULL,NULL,'Poly',NULL,NULL,NULL,NULL,NULL,NULL,NULL,NULL,NULL,1,1079,'2025-03-28 09:38:08','2025-03-28 09:38:08'),
(796,NULL,NULL,NULL,NULL,NULL,'Poly',NULL,NULL,NULL,NULL,NULL,NULL,NULL,NULL,NULL,1,1080,'2025-03-28 10:02:58','2025-03-28 10:02:58'),
(797,NULL,NULL,NULL,NULL,NULL,'Poly',NULL,NULL,NULL,NULL,NULL,NULL,NULL,NULL,NULL,1,1081,'2025-03-28 10:09:02','2025-03-28 10:09:02'),
(798,NULL,NULL,NULL,NULL,NULL,'Poly',NULL,NULL,NULL,NULL,NULL,NULL,NULL,NULL,NULL,1,1082,'2025-03-28 10:12:01','2025-03-28 10:12:01'),
(799,NULL,NULL,NULL,NULL,NULL,'Poly',NULL,NULL,NULL,NULL,NULL,NULL,NULL,NULL,NULL,1,1083,'2025-03-28 10:14:24','2025-03-28 10:14:24'),
(800,NULL,NULL,NULL,NULL,NULL,'Poly',NULL,NULL,NULL,NULL,NULL,NULL,NULL,NULL,NULL,1,1084,'2025-03-28 10:16:35','2025-03-28 10:16:35'),
(801,NULL,NULL,NULL,NULL,NULL,'Poly',NULL,NULL,NULL,NULL,NULL,NULL,NULL,NULL,NULL,1,1085,'2025-03-28 10:18:54','2025-03-28 10:18:54'),
(802,NULL,NULL,NULL,NULL,NULL,'Poly',NULL,NULL,NULL,NULL,NULL,NULL,NULL,NULL,NULL,1,1086,'2025-03-28 10:22:34','2025-03-28 10:22:34'),
(803,NULL,NULL,NULL,NULL,NULL,'Poly',NULL,NULL,NULL,NULL,NULL,NULL,NULL,NULL,NULL,1,1087,'2025-03-28 10:31:00','2025-03-28 10:31:00'),
(804,NULL,'No','Gilbarco','700s','Yes','Poly','2','2','2',NULL,'2','TLS 350','[\"yes\"]',NULL,'passport',1,1089,'2025-04-10 13:07:11','2025-04-10 13:07:11'),
(805,NULL,NULL,NULL,NULL,NULL,'Poly',NULL,NULL,NULL,NULL,NULL,NULL,NULL,NULL,NULL,1,1090,'2025-04-10 13:09:17','2025-04-10 13:09:17'),
(806,NULL,NULL,NULL,NULL,NULL,'Poly',NULL,NULL,NULL,NULL,NULL,NULL,NULL,NULL,NULL,1,1091,'2025-04-10 13:15:04','2025-04-10 13:15:04'),
(807,NULL,NULL,NULL,NULL,NULL,'Poly',NULL,NULL,NULL,NULL,NULL,NULL,NULL,NULL,NULL,1,1092,'2025-04-16 09:29:29','2025-04-16 09:29:29'),
(808,NULL,NULL,NULL,NULL,NULL,'Poly',NULL,NULL,NULL,NULL,NULL,NULL,NULL,NULL,NULL,1,1093,'2025-04-16 09:37:27','2025-04-16 09:37:27'),
(809,NULL,NULL,NULL,NULL,NULL,'Poly',NULL,NULL,NULL,NULL,NULL,NULL,NULL,NULL,NULL,1,1094,'2025-04-16 11:47:26','2025-04-16 11:47:26'),
(810,NULL,NULL,NULL,NULL,NULL,'Poly',NULL,NULL,NULL,NULL,NULL,NULL,NULL,NULL,NULL,1,1095,'2025-04-16 11:48:52','2025-04-16 11:48:52'),
(811,NULL,NULL,NULL,NULL,NULL,'Poly',NULL,NULL,NULL,NULL,NULL,NULL,NULL,NULL,NULL,1,1096,'2025-04-16 11:52:40','2025-04-16 11:52:40'),
(812,NULL,NULL,NULL,NULL,NULL,'Poly',NULL,NULL,NULL,NULL,NULL,NULL,NULL,NULL,NULL,1,1097,'2025-04-16 11:54:15','2025-04-16 11:54:15'),
(813,NULL,NULL,NULL,NULL,NULL,'Poly',NULL,NULL,NULL,NULL,NULL,NULL,NULL,NULL,NULL,1,1098,'2025-04-16 11:57:01','2025-04-16 11:57:01'),
(814,NULL,NULL,NULL,NULL,NULL,'Poly',NULL,NULL,NULL,NULL,NULL,NULL,NULL,NULL,NULL,1,1099,'2025-04-16 11:59:31','2025-04-16 11:59:31'),
(815,NULL,NULL,NULL,NULL,NULL,'Poly',NULL,NULL,NULL,NULL,NULL,NULL,NULL,NULL,NULL,1,1100,'2025-04-16 12:01:35','2025-04-16 12:01:35'),
(816,NULL,NULL,NULL,NULL,NULL,'Poly',NULL,NULL,NULL,NULL,NULL,NULL,NULL,NULL,NULL,1,1101,'2025-04-16 12:03:25','2025-04-16 12:03:25'),
(817,NULL,NULL,NULL,NULL,NULL,'Poly',NULL,NULL,NULL,NULL,NULL,NULL,NULL,NULL,NULL,1,1102,'2025-04-24 11:03:23','2025-04-24 11:03:23'),
(818,NULL,NULL,NULL,NULL,NULL,'Poly',NULL,NULL,NULL,NULL,NULL,NULL,NULL,NULL,NULL,1,1103,'2025-04-24 13:25:11','2025-04-24 13:25:11'),
(819,NULL,NULL,NULL,NULL,NULL,'Poly',NULL,NULL,NULL,NULL,NULL,NULL,NULL,NULL,NULL,1,1104,'2025-04-24 13:27:21','2025-04-24 13:27:21'),
(820,NULL,NULL,NULL,NULL,NULL,'Poly',NULL,NULL,NULL,NULL,NULL,NULL,NULL,NULL,NULL,1,1105,'2025-04-24 13:29:15','2025-04-24 13:29:15'),
(821,NULL,NULL,NULL,NULL,NULL,'Poly',NULL,NULL,NULL,NULL,NULL,NULL,NULL,NULL,NULL,1,1106,'2025-04-24 13:31:52','2025-04-24 13:31:52'),
(822,NULL,NULL,NULL,NULL,NULL,'Poly',NULL,NULL,NULL,NULL,NULL,NULL,NULL,NULL,NULL,1,1107,'2025-04-24 13:33:45','2025-04-24 13:33:45'),
(823,NULL,NULL,NULL,NULL,NULL,'Poly',NULL,NULL,NULL,NULL,NULL,NULL,NULL,NULL,NULL,1,1108,'2025-04-29 09:55:53','2025-04-29 09:55:53'),
(824,NULL,NULL,NULL,NULL,NULL,'Poly',NULL,NULL,NULL,NULL,NULL,NULL,NULL,NULL,NULL,1,1109,'2025-04-29 09:57:37','2025-04-29 09:57:37'),
(825,NULL,NULL,NULL,NULL,NULL,'Poly',NULL,NULL,NULL,NULL,NULL,NULL,NULL,NULL,NULL,1,1110,'2025-04-29 09:59:44','2025-04-29 09:59:44'),
(826,NULL,NULL,NULL,NULL,NULL,'Poly',NULL,NULL,NULL,NULL,NULL,NULL,NULL,NULL,NULL,1,1111,'2025-04-29 10:01:17','2025-04-29 10:01:17');
/*!40000 ALTER TABLE `site_infos` ENABLE KEYS */;
UNLOCK TABLES;

--
-- Table structure for table `stores`
--

DROP TABLE IF EXISTS `stores`;
/*!40101 SET @saved_cs_client     = @@character_set_client */;
/*!40101 SET character_set_client = utf8mb4 */;
CREATE TABLE `stores` (
  `id` int(11) NOT NULL AUTO_INCREMENT,
  `name` varchar(120) NOT NULL,
  `address` varchar(300) DEFAULT NULL,
  `phone` varchar(30) DEFAULT NULL,
  `fax` varchar(30) DEFAULT NULL,
  `size` varchar(30) DEFAULT NULL,
  `status` varchar(60) DEFAULT NULL,
  `expenses` varchar(1000) DEFAULT NULL,
  `blue_print_path` varchar(600) DEFAULT NULL,
  `doc_1_path` varchar(600) DEFAULT NULL,
  `doc_2_path` varchar(600) DEFAULT NULL,
  `llc` varchar(60) DEFAULT NULL,
  `ein` varchar(60) DEFAULT NULL,
  `created_at` timestamp NULL DEFAULT NULL,
  `updated_at` timestamp NULL DEFAULT NULL,
  PRIMARY KEY (`id`)
) ENGINE=InnoDB AUTO_INCREMENT=20 DEFAULT CHARSET=utf8mb4 COLLATE=utf8mb4_general_ci;
/*!40101 SET character_set_client = @saved_cs_client */;

--
-- Dumping data for table `stores`
--

LOCK TABLES `stores` WRITE;
/*!40000 ALTER TABLE `stores` DISABLE KEYS */;
INSERT INTO `stores` (`id`, `name`, `address`, `phone`, `fax`, `size`, `status`, `expenses`, `blue_print_path`, `doc_1_path`, `doc_2_path`, `llc`, `ein`, `created_at`, `updated_at`) VALUES (1,'store 1','5650 Little York Rd, Houston, TX 77016','346-212-2932','654321','7200','Complete',NULL,NULL,NULL,NULL,'Falcon Retail LLC','00-000000','2023-09-21 02:39:03','2023-12-27 00:46:05'),
(2,'store 2','7803 Jensen Dr , Houston, TX 77093','832-409-6411','713-497-6083','5600','Complete',NULL,NULL,NULL,NULL,'Archstone Retail LLC','82-2173743','2023-09-21 03:09:06','2023-12-26 23:58:05'),
(3,'store 3','9525 W Montgomery Rd, Houston, TX 77088','713-492-2203',NULL,'6000','Complete',NULL,NULL,NULL,NULL,'Linex Retail LLC','82-2087091','2023-09-21 03:17:00','2023-12-27 00:41:34'),
(4,'store 4','7506 Martin Luther King Blvd, Houston, TX 77033','(281) 888-5603',NULL,'7000','Complete',NULL,NULL,NULL,NULL,'Eros Retail LLC','82-2173821','2023-10-10 20:48:37','2023-12-27 00:42:12'),
(5,'store 5','2001 S Wayside Dr, Houston, TX 77023',NULL,NULL,NULL,'Complete',NULL,NULL,NULL,NULL,'Sharp Investment Inc','76-0592647','2023-10-10 20:49:09','2023-12-27 00:04:58'),
(6,'store 6','8102 Cullen Blvd Houston TX 77051','713-485-6287',NULL,NULL,'Complete',NULL,NULL,NULL,NULL,'Bricoe Retail LLC','85-1686761','2023-10-26 00:13:00','2023-12-27 00:01:15'),
(7,'store 7','11909 Tidwell Rd, Houston, TX 77044','(832) 243-4629',NULL,'5600','Complete',NULL,NULL,NULL,NULL,'Wayforest LLC','81-4107392','2023-10-26 21:20:30','2023-12-16 01:17:27'),
(8,'store 8','7120 Scott St, Houston, TX 77021',NULL,NULL,'4500','Complete',NULL,NULL,NULL,NULL,'Spectrum Retail LLC','81-0741269','2023-10-26 21:21:19','2023-12-27 00:00:33'),
(9,'store 9','13450 Ella Blvd, Houston, TX 77067','(832) 446-3450',NULL,'6700','Complete',NULL,NULL,NULL,NULL,'Rushcreek Retail LLC','82-2331290','2023-10-26 21:22:01','2023-12-27 00:45:03'),
(10,'store 10','2610 Broadway St, Houston, TX 77012','(713) 242-7339',NULL,'5600','Complete',NULL,NULL,NULL,NULL,'Sona Venture Inc','04-3639555','2023-10-26 21:22:42','2023-11-07 01:25:30'),
(11,'store 11','1514 White Oak Dr, Houston, TX 77009','(713) 868-1424',NULL,'3500','Complete',NULL,NULL,NULL,NULL,'Superior Retail Cooperation','76-0649470','2023-10-26 21:23:31','2023-12-27 00:47:36'),
(12,'store 12','608 Nevell St, Cleveland, TX 77327','(281) 432-0292',NULL,NULL,'Complete',NULL,NULL,NULL,NULL,'breez retail corp','27-2902747','2023-10-26 21:24:16','2023-12-27 00:52:44'),
(16,'store 13',NULL,NULL,NULL,NULL,'Under Construction',NULL,NULL,NULL,NULL,'New Edge Retail LLC','34-333','2023-11-07 01:28:42','2023-12-28 00:38:31'),
(17,'store 14','10265 Scott St HoustonTX77051',NULL,NULL,NULL,'Complete',NULL,NULL,NULL,NULL,'New Edge Retail LLC','83-0995930','2023-12-27 00:56:03','2023-12-27 23:16:40'),
(18,'store 15',NULL,NULL,NULL,NULL,'Under Construction',NULL,NULL,NULL,NULL,'Mercury Retail LLC','93-3057148','2023-12-27 03:14:01','2023-12-27 03:14:01'),
(19,'store 16',NULL,NULL,NULL,NULL,'Under Construction',NULL,NULL,NULL,NULL,'Delta Lake Retail LLC','87-3579283','2023-12-27 03:25:08','2023-12-27 03:25:08');
/*!40000 ALTER TABLE `stores` ENABLE KEYS */;
UNLOCK TABLES;

--
-- Table structure for table `stores_user`
--

DROP TABLE IF EXISTS `stores_user`;
/*!40101 SET @saved_cs_client     = @@character_set_client */;
/*!40101 SET character_set_client = utf8mb4 */;
CREATE TABLE `stores_user` (
  `user_id` bigint(20) unsigned NOT NULL,
  `store_id` int(11) NOT NULL,
  KEY `store_id` (`store_id`),
  KEY `user_id` (`user_id`),
  CONSTRAINT `stores_user_ibfk_1` FOREIGN KEY (`store_id`) REFERENCES `stores` (`id`),
  CONSTRAINT `stores_user_ibfk_2` FOREIGN KEY (`user_id`) REFERENCES `users` (`id`)
) ENGINE=InnoDB DEFAULT CHARSET=utf8mb4 COLLATE=utf8mb4_general_ci;
/*!40101 SET character_set_client = @saved_cs_client */;

--
-- Dumping data for table `stores_user`
--

LOCK TABLES `stores_user` WRITE;
/*!40000 ALTER TABLE `stores_user` DISABLE KEYS */;
/*!40000 ALTER TABLE `stores_user` ENABLE KEYS */;
UNLOCK TABLES;

--
-- Table structure for table `test_atg_tests`
--

DROP TABLE IF EXISTS `test_atg_tests`;
/*!40101 SET @saved_cs_client     = @@character_set_client */;
/*!40101 SET character_set_client = utf8mb4 */;
CREATE TABLE `test_atg_tests` (
  `id` int(11) NOT NULL AUTO_INCREMENT,
  `customer_id` bigint(20) unsigned NOT NULL,
  `tech_id` bigint(20) unsigned NOT NULL,
  `date` date DEFAULT NULL,
  `tanks` varchar(1000) DEFAULT NULL,
  `pdf_path` varchar(300) DEFAULT NULL,
  `created_at` timestamp NULL DEFAULT NULL,
  `updated_at` timestamp NULL DEFAULT NULL,
  PRIMARY KEY (`id`),
  KEY `customer_id` (`customer_id`),
  KEY `tech_id` (`tech_id`)
) ENGINE=InnoDB AUTO_INCREMENT=21 DEFAULT CHARSET=utf8mb4 COLLATE=utf8mb4_general_ci;
/*!40101 SET character_set_client = @saved_cs_client */;

--
-- Dumping data for table `test_atg_tests`
--

LOCK TABLES `test_atg_tests` WRITE;
/*!40000 ALTER TABLE `test_atg_tests` DISABLE KEYS */;
INSERT INTO `test_atg_tests` (`id`, `customer_id`, `tech_id`, `date`, `tanks`, `pdf_path`, `created_at`, `updated_at`) VALUES (20,64,18,'2024-10-02','[[\"sad\",\"dasd\",\"\",\"\"],[\"\",\"\",\"asd\",\"\"],[\"asd\",\"\",\"\",\"\"],[\"\",\"\",\"\",\"\"],[\"\",\"\",\"\",\"\"],[\"\",\"\",\"\",\"\"],[\"Yes\",\"\",\"\",\"\"],[\"\",\"\",\"\",\"\"],[\"\",\"No\",\"\",\"\"],[\"\",\"\",\"\",\"\"],[\"\",\"\",\"\",\"\"],[\"\",\"\",\"\",\"\"],[\"\",\"Yes\",\"\",\"\"],[\"\",\"\",\"\",\"Fail\"]]','tests-docs/atg-test/atg-test-20.pdf','2024-10-02 01:10:56','2024-10-03 05:03:09');
/*!40000 ALTER TABLE `test_atg_tests` ENABLE KEYS */;
UNLOCK TABLES;

--
-- Table structure for table `test_cs_tests`
--

DROP TABLE IF EXISTS `test_cs_tests`;
/*!40101 SET @saved_cs_client     = @@character_set_client */;
/*!40101 SET character_set_client = utf8mb4 */;
CREATE TABLE `test_cs_tests` (
  `id` int(11) NOT NULL AUTO_INCREMENT,
  `customer_id` bigint(20) unsigned NOT NULL,
  `tech_id` bigint(20) unsigned NOT NULL,
  `date` date DEFAULT NULL,
  `items` varchar(1000) DEFAULT NULL,
  `pdf_path` varchar(300) DEFAULT NULL,
  `created_at` timestamp NULL DEFAULT NULL,
  `updated_at` timestamp NULL DEFAULT NULL,
  PRIMARY KEY (`id`),
  KEY `customer_id` (`customer_id`),
  KEY `tech_id` (`tech_id`)
) ENGINE=InnoDB AUTO_INCREMENT=19 DEFAULT CHARSET=utf8mb4 COLLATE=utf8mb4_general_ci;
/*!40101 SET character_set_client = @saved_cs_client */;

--
-- Dumping data for table `test_cs_tests`
--

LOCK TABLES `test_cs_tests` WRITE;
/*!40000 ALTER TABLE `test_cs_tests` DISABLE KEYS */;
INSERT INTO `test_cs_tests` (`id`, `customer_id`, `tech_id`, `date`, `items`, `pdf_path`, `created_at`, `updated_at`) VALUES (18,21,18,'2024-10-10','[[\"Regular\",\"test2\",\"test3\",\"\",\"\",\"\"],[\"xfgdf\",\"ghj\",\"vbn\",\"\",\"\",\"\"],[\"Yes\",\"No\",\"Yes\",\"\",\"\",\"\"],[\"No\",\"Yes\",\"No\",\"\",\"\",\"\"],[\"zdfs\",\"sdfs\",\"sdfs\",\"\",\"\",\"\"],[\"\",\"\",\"\",\"\",\"\",\"\"],[\"sdfsd\",\"\",\"\",\"\",\"\",\"\"],[\"\",\"\",\"sdfs\",\"\",\"\",\"\"],[\"\",\"\",\"\",\"\",\"\",\"fdsfdf\"],[\"\",\"cvxcv\",\"\",\"\",\"\",\"sdfsd\"],[\"\",\"sdfsdf\",\"\",\"\",\"\",\"\"],[\"xcvxv\",\"\",\"\",\"\",\"\",\"\"],[\"Pass\",\"Fail\",\"Pass\",\"\",\"\",\"\"]]','tests-docs/cs-test/cs-test-18.pdf','2024-10-10 03:11:36','2024-10-10 03:11:41');
/*!40000 ALTER TABLE `test_cs_tests` ENABLE KEYS */;
UNLOCK TABLES;

--
-- Table structure for table `test_gcp_tests`
--

DROP TABLE IF EXISTS `test_gcp_tests`;
/*!40101 SET @saved_cs_client     = @@character_set_client */;
/*!40101 SET character_set_client = utf8mb4 */;
CREATE TABLE `test_gcp_tests` (
  `id` int(11) NOT NULL AUTO_INCREMENT,
  `customer_id` bigint(20) unsigned NOT NULL,
  `tech_id` bigint(20) unsigned NOT NULL,
  `date` date DEFAULT NULL,
  `conducted_date` date DEFAULT NULL,
  `reason` varchar(60) DEFAULT NULL,
  `evaluation` varchar(60) DEFAULT NULL,
  `criteria_appli` varchar(30) DEFAULT NULL,
  `action_req` varchar(30) DEFAULT NULL,
  `tank_des_items` varchar(1000) DEFAULT NULL,
  `event_des_items` varchar(1000) DEFAULT NULL,
  `result_items` varchar(1000) DEFAULT NULL,
  `pdf_path` varchar(300) DEFAULT NULL,
  `created_at` timestamp NULL DEFAULT NULL,
  `updated_at` timestamp NULL DEFAULT NULL,
  PRIMARY KEY (`id`),
  KEY `customer_id` (`customer_id`),
  KEY `tech_id` (`tech_id`),
  CONSTRAINT `test_gcp_tests_ibfk_1` FOREIGN KEY (`customer_id`) REFERENCES `users` (`id`),
  CONSTRAINT `test_gcp_tests_ibfk_2` FOREIGN KEY (`tech_id`) REFERENCES `users` (`id`)
) ENGINE=InnoDB AUTO_INCREMENT=9 DEFAULT CHARSET=utf8mb4 COLLATE=utf8mb4_general_ci;
/*!40101 SET character_set_client = @saved_cs_client */;

--
-- Dumping data for table `test_gcp_tests`
--

LOCK TABLES `test_gcp_tests` WRITE;
/*!40000 ALTER TABLE `test_gcp_tests` DISABLE KEYS */;
/*!40000 ALTER TABLE `test_gcp_tests` ENABLE KEYS */;
UNLOCK TABLES;

--
-- Table structure for table `test_iccp_tests`
--

DROP TABLE IF EXISTS `test_iccp_tests`;
/*!40101 SET @saved_cs_client     = @@character_set_client */;
/*!40101 SET character_set_client = utf8mb4 */;
CREATE TABLE `test_iccp_tests` (
  `id` int(11) NOT NULL AUTO_INCREMENT,
  `customer_id` bigint(20) unsigned NOT NULL,
  `tech_id` bigint(20) unsigned NOT NULL,
  `date` date DEFAULT NULL,
  `conducted_date` date DEFAULT NULL,
  `reason` varchar(60) DEFAULT NULL,
  `evaluation` varchar(60) DEFAULT NULL,
  `criteria_appli` varchar(30) DEFAULT NULL,
  `action_req` varchar(30) DEFAULT NULL,
  `rec_man` varchar(60) DEFAULT NULL,
  `rec_serial` varchar(60) DEFAULT NULL,
  `rec_model` varchar(60) DEFAULT NULL,
  `rec_volt` varchar(30) DEFAULT NULL,
  `rec_amp` varchar(30) DEFAULT NULL,
  `tank_des_items` varchar(1000) DEFAULT NULL,
  `event_des_items` varchar(1000) DEFAULT NULL,
  `result_items` varchar(1000) DEFAULT NULL,
  `pdf_path` varchar(300) DEFAULT NULL,
  `created_at` timestamp NULL DEFAULT NULL,
  `updated_at` timestamp NULL DEFAULT NULL,
  PRIMARY KEY (`id`),
  KEY `customer_id` (`customer_id`),
  KEY `tech_id` (`tech_id`),
  CONSTRAINT `test_iccp_tests_ibfk_1` FOREIGN KEY (`customer_id`) REFERENCES `users` (`id`),
  CONSTRAINT `test_iccp_tests_ibfk_2` FOREIGN KEY (`tech_id`) REFERENCES `users` (`id`)
) ENGINE=InnoDB AUTO_INCREMENT=6 DEFAULT CHARSET=utf8mb4 COLLATE=utf8mb4_general_ci;
/*!40101 SET character_set_client = @saved_cs_client */;

--
-- Dumping data for table `test_iccp_tests`
--

LOCK TABLES `test_iccp_tests` WRITE;
/*!40000 ALTER TABLE `test_iccp_tests` DISABLE KEYS */;
/*!40000 ALTER TABLE `test_iccp_tests` ENABLE KEYS */;
UNLOCK TABLES;

--
-- Table structure for table `test_line_leak_tests`
--

DROP TABLE IF EXISTS `test_line_leak_tests`;
/*!40101 SET @saved_cs_client     = @@character_set_client */;
/*!40101 SET character_set_client = utf8mb4 */;
CREATE TABLE `test_line_leak_tests` (
  `id` int(11) NOT NULL AUTO_INCREMENT,
  `customer_id` bigint(20) unsigned NOT NULL,
  `tech_id` bigint(20) unsigned NOT NULL,
  `date` date DEFAULT NULL,
  `items` varchar(1000) DEFAULT NULL,
  `pdf_path` varchar(300) DEFAULT NULL,
  `created_at` timestamp NULL DEFAULT NULL,
  `updated_at` timestamp NULL DEFAULT NULL,
  PRIMARY KEY (`id`),
  KEY `customer_id` (`customer_id`),
  KEY `tech_id` (`tech_id`)
) ENGINE=InnoDB AUTO_INCREMENT=23 DEFAULT CHARSET=utf8mb4 COLLATE=utf8mb4_general_ci;
/*!40101 SET character_set_client = @saved_cs_client */;

--
-- Dumping data for table `test_line_leak_tests`
--

LOCK TABLES `test_line_leak_tests` WRITE;
/*!40000 ALTER TABLE `test_line_leak_tests` DISABLE KEYS */;
INSERT INTO `test_line_leak_tests` (`id`, `customer_id`, `tech_id`, `date`, `items`, `pdf_path`, `created_at`, `updated_at`) VALUES (21,21,18,'2024-10-11','[[\"Regular\",\"Test1\",\"Test2\",\"\"],[\"asd\",\"dsa\",\"fds\",\"\"],[\"fdsf\",\"dfg\",\"dfgd\",\"\"],[\"arqw3\",\"wer\",\"werfw\",\"\"],[\"sdf\",\"sdf\",\"\",\"\"],[\"\",\"\",\"\",\"\"],[\"\",\"\",\"\",\"\"],[\"\",\"\",\"\",\"\"],[\"\",\"\",\"\",\"\"],[\"\",\"\",\"\",\"\"],[\"Pass\",\"\",\"Fail\",\"\"],[\"\",\"\",\"\",\"\"],[\"\",\"\",\"\",\"\"],[\"Pass\",\"Pass\",\"Pass\",\"\"]]','tests-docs/line-leak-test/line-leak-test-21.pdf','2024-10-10 20:38:29','2024-10-10 20:38:32'),
(22,135,460,'2025-02-15','[[\"Regular\",\"Super\",\"Diesel\",\"\"],[\"Red Jacket\",\"Red Jacket\",\"Red Jacket\",\"\"],[\"Ball Valve\",\"\",\"\",\"\"],[\"50\",\"\",\"\",\"\"],[\".095\",\"\",\"\",\"\"],[\".095\",\"\",\"\",\"\"],[\"0\",\"\",\"\",\"\"],[\"10:30\",\"\",\"\",\"\"],[\"11:00\",\"\",\"\",\"\"],[\"30\",\"\",\"\",\"\"],[\"Pass\",\"\",\"\",\"\"],[\"Red Jacket\",\"\",\"\",\"\"],[\"27\",\"\",\"\",\"\"],[\"Pass\",\"\",\"\",\"\"]]','tests-docs/line-leak-test/line-leak-test-22.pdf','2025-02-27 22:51:16','2025-02-27 22:51:16');
/*!40000 ALTER TABLE `test_line_leak_tests` ENABLE KEYS */;
UNLOCK TABLES;

--
-- Table structure for table `test_ls_tests`
--

DROP TABLE IF EXISTS `test_ls_tests`;
/*!40101 SET @saved_cs_client     = @@character_set_client */;
/*!40101 SET character_set_client = utf8mb4 */;
CREATE TABLE `test_ls_tests` (
  `id` int(11) NOT NULL AUTO_INCREMENT,
  `customer_id` bigint(20) unsigned NOT NULL,
  `tech_id` bigint(20) unsigned NOT NULL,
  `date` date DEFAULT NULL,
  `items` varchar(1000) DEFAULT NULL,
  `pdf_path` varchar(300) DEFAULT NULL,
  `created_at` timestamp NULL DEFAULT NULL,
  `updated_at` timestamp NULL DEFAULT NULL,
  PRIMARY KEY (`id`),
  KEY `customer_id` (`customer_id`),
  KEY `tech_id` (`tech_id`),
  CONSTRAINT `test_ls_tests_ibfk_1` FOREIGN KEY (`customer_id`) REFERENCES `users` (`id`),
  CONSTRAINT `test_ls_tests_ibfk_2` FOREIGN KEY (`tech_id`) REFERENCES `users` (`id`)
) ENGINE=InnoDB AUTO_INCREMENT=6 DEFAULT CHARSET=utf8mb4 COLLATE=utf8mb4_general_ci;
/*!40101 SET character_set_client = @saved_cs_client */;

--
-- Dumping data for table `test_ls_tests`
--

LOCK TABLES `test_ls_tests` WRITE;
/*!40000 ALTER TABLE `test_ls_tests` DISABLE KEYS */;
/*!40000 ALTER TABLE `test_ls_tests` ENABLE KEYS */;
UNLOCK TABLES;

--
-- Table structure for table `test_overfill_tests`
--

DROP TABLE IF EXISTS `test_overfill_tests`;
/*!40101 SET @saved_cs_client     = @@character_set_client */;
/*!40101 SET character_set_client = utf8mb4 */;
CREATE TABLE `test_overfill_tests` (
  `id` int(11) NOT NULL AUTO_INCREMENT,
  `customer_id` bigint(20) unsigned NOT NULL,
  `tech_id` bigint(20) unsigned NOT NULL,
  `date` date DEFAULT NULL,
  `items` varchar(1000) DEFAULT NULL,
  `pdf_path` varchar(300) DEFAULT NULL,
  `created_at` timestamp NULL DEFAULT NULL,
  `updated_at` timestamp NULL DEFAULT NULL,
  PRIMARY KEY (`id`),
  KEY `customer_id` (`customer_id`),
  KEY `tech_id` (`tech_id`)
) ENGINE=InnoDB AUTO_INCREMENT=8 DEFAULT CHARSET=utf8mb4 COLLATE=utf8mb4_general_ci;
/*!40101 SET character_set_client = @saved_cs_client */;

--
-- Dumping data for table `test_overfill_tests`
--

LOCK TABLES `test_overfill_tests` WRITE;
/*!40000 ALTER TABLE `test_overfill_tests` DISABLE KEYS */;
/*!40000 ALTER TABLE `test_overfill_tests` ENABLE KEYS */;
UNLOCK TABLES;

--
-- Table structure for table `test_rda_testing_metas`
--

DROP TABLE IF EXISTS `test_rda_testing_metas`;
/*!40101 SET @saved_cs_client     = @@character_set_client */;
/*!40101 SET character_set_client = utf8mb4 */;
CREATE TABLE `test_rda_testing_metas` (
  `id` int(11) NOT NULL AUTO_INCREMENT,
  `testing_id` int(11) NOT NULL,
  `descript` varchar(600) DEFAULT NULL,
  `meets_criteria` varchar(30) DEFAULT NULL,
  `needs_action` varchar(30) DEFAULT NULL,
  `action_taken` varchar(30) DEFAULT NULL,
  `created_at` timestamp NULL DEFAULT NULL,
  `updated_at` timestamp NULL DEFAULT NULL,
  PRIMARY KEY (`id`),
  KEY `testing_id` (`testing_id`),
  CONSTRAINT `test_rda_testing_metas_ibfk_1` FOREIGN KEY (`testing_id`) REFERENCES `test_rda_testings` (`id`)
) ENGINE=InnoDB AUTO_INCREMENT=173 DEFAULT CHARSET=utf8mb4 COLLATE=utf8mb4_general_ci;
/*!40101 SET character_set_client = @saved_cs_client */;

--
-- Dumping data for table `test_rda_testing_metas`
--

LOCK TABLES `test_rda_testing_metas` WRITE;
/*!40000 ALTER TABLE `test_rda_testing_metas` DISABLE KEYS */;
INSERT INTO `test_rda_testing_metas` (`id`, `testing_id`, `descript`, `meets_criteria`, `needs_action`, `action_taken`, `created_at`, `updated_at`) VALUES (142,33,'','Y','N','','2024-09-30 21:02:00','2024-09-30 21:02:00'),
(143,33,'','Y','N','','2024-09-30 21:02:00','2024-09-30 21:02:00'),
(144,33,'','N','Y','asd','2024-09-30 21:02:00','2024-09-30 21:02:00'),
(145,33,'','Y','Y','','2024-09-30 21:02:00','2024-09-30 21:02:00'),
(146,33,'','N','Y','','2024-09-30 21:02:00','2024-09-30 21:02:00'),
(147,33,'test1','N','N','asd','2024-09-30 21:02:00','2024-09-30 21:02:00'),
(148,33,'test2','Y','N','','2024-09-30 21:02:00','2024-09-30 21:02:00'),
(149,35,'','Y','N','','2025-02-27 22:48:21','2025-02-27 22:48:21'),
(150,35,'','Y','N','','2025-02-27 22:48:21','2025-02-27 22:48:21'),
(151,35,'','Y','N','','2025-02-27 22:48:21','2025-02-27 22:48:21'),
(152,35,'','Y','N','','2025-02-27 22:48:21','2025-02-27 22:48:21'),
(153,35,'','Y','N','','2025-02-27 22:48:21','2025-02-27 22:48:21'),
(154,35,'','Y','Y','','2025-02-27 22:48:21','2025-02-27 22:48:21'),
(155,36,'','Y','N','','2025-02-27 22:48:56','2025-02-27 22:48:56'),
(156,36,'','Y','N','','2025-02-27 22:48:56','2025-02-27 22:48:56'),
(157,36,'','Y','N','','2025-02-27 22:48:56','2025-02-27 22:48:56'),
(158,36,'','Y','N','','2025-02-27 22:48:56','2025-02-27 22:48:56'),
(159,36,'','Y','N','','2025-02-27 22:48:56','2025-02-27 22:48:56'),
(160,36,'','Y','Y','','2025-02-27 22:48:56','2025-02-27 22:48:56'),
(161,37,'','Y','N','','2025-02-27 22:49:04','2025-02-27 22:49:04'),
(162,37,'','Y','N','','2025-02-27 22:49:04','2025-02-27 22:49:04'),
(163,37,'','Y','N','','2025-02-27 22:49:04','2025-02-27 22:49:04'),
(164,37,'','Y','N','','2025-02-27 22:49:04','2025-02-27 22:49:04'),
(165,37,'','Y','N','','2025-02-27 22:49:04','2025-02-27 22:49:04'),
(166,37,'','Y','Y','','2025-02-27 22:49:04','2025-02-27 22:49:04'),
(167,38,'','Y','N','','2025-02-27 22:49:32','2025-02-27 22:49:32'),
(168,38,'','Y','N','','2025-02-27 22:49:32','2025-02-27 22:49:32'),
(169,38,'','Y','N','','2025-02-27 22:49:32','2025-02-27 22:49:32'),
(170,38,'','Y','N','','2025-02-27 22:49:32','2025-02-27 22:49:32'),
(171,38,'','Y','N','','2025-02-27 22:49:32','2025-02-27 22:49:32'),
(172,38,'','Y','Y','','2025-02-27 22:49:32','2025-02-27 22:49:32');
/*!40000 ALTER TABLE `test_rda_testing_metas` ENABLE KEYS */;
UNLOCK TABLES;

--
-- Table structure for table `test_rda_testings`
--

DROP TABLE IF EXISTS `test_rda_testings`;
/*!40101 SET @saved_cs_client     = @@character_set_client */;
/*!40101 SET character_set_client = utf8mb4 */;
CREATE TABLE `test_rda_testings` (
  `id` int(11) NOT NULL AUTO_INCREMENT,
  `customer_id` bigint(20) unsigned NOT NULL,
  `tech_id` bigint(20) unsigned NOT NULL,
  `date` date DEFAULT NULL,
  `pdf_path` varchar(300) DEFAULT NULL,
  `created_at` timestamp NULL DEFAULT NULL,
  `updated_at` timestamp NULL DEFAULT NULL,
  PRIMARY KEY (`id`),
  KEY `customer_id` (`customer_id`),
  KEY `tech_id` (`tech_id`),
  CONSTRAINT `test_rda_testings_ibfk_1` FOREIGN KEY (`customer_id`) REFERENCES `users` (`id`),
  CONSTRAINT `test_rda_testings_ibfk_2` FOREIGN KEY (`tech_id`) REFERENCES `users` (`id`)
) ENGINE=InnoDB AUTO_INCREMENT=39 DEFAULT CHARSET=utf8mb4 COLLATE=utf8mb4_general_ci;
/*!40101 SET character_set_client = @saved_cs_client */;

--
-- Dumping data for table `test_rda_testings`
--

LOCK TABLES `test_rda_testings` WRITE;
/*!40000 ALTER TABLE `test_rda_testings` DISABLE KEYS */;
INSERT INTO `test_rda_testings` (`id`, `customer_id`, `tech_id`, `date`, `pdf_path`, `created_at`, `updated_at`) VALUES (33,21,18,'2024-10-01','tests-docs/release-detection-annual-testing/release-detection-annual-testing-33.pdf','2024-09-30 21:02:00','2024-09-30 21:02:02'),
(35,64,460,'2025-02-27','tests-docs/release-detection-annual-testing/release-detection-annual-testing-35.pdf','2025-02-27 22:48:21','2025-02-27 22:48:22'),
(36,64,460,'2025-02-27','tests-docs/release-detection-annual-testing/release-detection-annual-testing-36.pdf','2025-02-27 22:48:56','2025-02-27 22:48:57'),
(37,64,460,'2025-02-27','tests-docs/release-detection-annual-testing/release-detection-annual-testing-37.pdf','2025-02-27 22:49:04','2025-02-27 22:49:04'),
(38,64,460,'2025-02-27','tests-docs/release-detection-annual-testing/release-detection-annual-testing-38.pdf','2025-02-27 22:49:32','2025-02-27 22:49:32');
/*!40000 ALTER TABLE `test_rda_testings` ENABLE KEYS */;
UNLOCK TABLES;

--
-- Table structure for table `test_sb_tests`
--

DROP TABLE IF EXISTS `test_sb_tests`;
/*!40101 SET @saved_cs_client     = @@character_set_client */;
/*!40101 SET character_set_client = utf8mb4 */;
CREATE TABLE `test_sb_tests` (
  `id` int(11) NOT NULL AUTO_INCREMENT,
  `customer_id` bigint(20) unsigned NOT NULL,
  `tech_id` bigint(20) unsigned NOT NULL,
  `date` date DEFAULT NULL,
  `items` varchar(1000) DEFAULT NULL,
  `pdf_path` varchar(300) DEFAULT NULL,
  `created_at` timestamp NULL DEFAULT NULL,
  `updated_at` timestamp NULL DEFAULT NULL,
  PRIMARY KEY (`id`),
  KEY `customer_id` (`customer_id`),
  KEY `tech_id` (`tech_id`),
  CONSTRAINT `test_sb_tests_ibfk_1` FOREIGN KEY (`customer_id`) REFERENCES `users` (`id`),
  CONSTRAINT `test_sb_tests_ibfk_2` FOREIGN KEY (`tech_id`) REFERENCES `users` (`id`)
) ENGINE=InnoDB AUTO_INCREMENT=10 DEFAULT CHARSET=utf8mb4 COLLATE=utf8mb4_general_ci;
/*!40101 SET character_set_client = @saved_cs_client */;

--
-- Dumping data for table `test_sb_tests`
--

LOCK TABLES `test_sb_tests` WRITE;
/*!40000 ALTER TABLE `test_sb_tests` DISABLE KEYS */;
/*!40000 ALTER TABLE `test_sb_tests` ENABLE KEYS */;
UNLOCK TABLES;

--
-- Table structure for table `test_stage_1_tests`
--

DROP TABLE IF EXISTS `test_stage_1_tests`;
/*!40101 SET @saved_cs_client     = @@character_set_client */;
/*!40101 SET character_set_client = utf8mb4 */;
CREATE TABLE `test_stage_1_tests` (
  `id` int(11) NOT NULL AUTO_INCREMENT,
  `customer_id` bigint(20) unsigned NOT NULL,
  `tech_id` bigint(20) unsigned NOT NULL,
  `date` date DEFAULT NULL,
  `arrived_at` varchar(30) NOT NULL,
  `departed_at` varchar(30) NOT NULL,
  `gdf_name` varchar(60) NOT NULL,
  `gdf_address` varchar(100) NOT NULL,
  `gdf_phone` varchar(30) NOT NULL,
  `gdf_permit` varchar(300) NOT NULL,
  `gdf_fac_id` varchar(30) NOT NULL,
  `tank_noz_1` varchar(30) NOT NULL,
  `tank_noz_2` varchar(30) NOT NULL,
  `tank_noz_3` varchar(30) NOT NULL,
  `tank_noz_4` varchar(30) NOT NULL,
  `vapor_items` varchar(1000) NOT NULL,
  `test_items` varchar(1000) NOT NULL,
  `pv_data_items` varchar(1000) NOT NULL,
  `last_items` varchar(1000) NOT NULL,
  `pdf_path` varchar(300) DEFAULT NULL,
  `created_at` timestamp NULL DEFAULT NULL,
  `updated_at` timestamp NULL DEFAULT NULL,
  PRIMARY KEY (`id`),
  KEY `customer_id` (`customer_id`),
  KEY `tech_id` (`tech_id`)
) ENGINE=InnoDB AUTO_INCREMENT=6 DEFAULT CHARSET=utf8mb4 COLLATE=utf8mb4_general_ci;
/*!40101 SET character_set_client = @saved_cs_client */;

--
-- Dumping data for table `test_stage_1_tests`
--

LOCK TABLES `test_stage_1_tests` WRITE;
/*!40000 ALTER TABLE `test_stage_1_tests` DISABLE KEYS */;
INSERT INTO `test_stage_1_tests` (`id`, `customer_id`, `tech_id`, `date`, `arrived_at`, `departed_at`, `gdf_name`, `gdf_address`, `gdf_phone`, `gdf_permit`, `gdf_fac_id`, `tank_noz_1`, `tank_noz_2`, `tank_noz_3`, `tank_noz_4`, `vapor_items`, `test_items`, `pv_data_items`, `last_items`, `pdf_path`, `created_at`, `updated_at`) VALUES (1,21,18,'2024-10-26','18:13','18:17','dfg','f','dg','fd','xcv','dfg','fg','dfg','xcv','[[\"sdf\",\"sdf\",\"sdf\",\"df\",\"df\"],[\"sdf\",\"sd\",\"sdf\",\"fg\",\"dfg\"]]','[[\"dfg\",\"dfg\",\"2024-10-26\",\"dfg\",\"Pass\"],[\"dfg\",\"df\",\"\",\"\",\"Fail\"],[\"dfg\",\"dfg\",\"\",\"fdg\",\"\"],[\"dfg\",\"fdg\",\"2024-10-26\",\"\",\"\"],[\"dfg\",\"fdg\",\"\",\"dfg\",\"\"],[\"df\",\"fdg\",\"\",\"fg\",\"\"],[\"\",\"\",\"\",\"\",\"\"],[\"\",\"\",\"\",\"\",\"\"]]','[[\"sdf\",\"sdf\",\"Pass\",\"sdf\",\"cv\",\"dsf\",\"sdf\"],[\"sdf\",\"cvd\",\"Fail\",\"dfg\",\"dfg\",\"\",\"\"],[\"\",\"\",\"\",\"\",\"\",\"\",\"\"]]','[[\"dfg\",\"dfg\",\"df\",\"fdg\",\"dfg\"],[\"dfg\",\"df\",\"\",\"\",\"\"],[\"fdg\",\"\",\"\",\"\",\"\"],[\"fdg\",\"\",\"dfg\",\"\",\"\"],[\"\",\"\",\"\",\"\",\"\"],[\"\",\"dfg\",\"\",\"\",\"\"],[\"\",\"\",\"dfg\",\"\",\"\"],[\"dfg\",\"\",\"\",\"\",\"\"],[\"\",\"dfg\",\"\",\"\",\"\"],[\"\",\"dfg\",\"\",\"\",\"\"],[\"\",\"\",\"\",\"\",\"\"]]',NULL,'2024-10-26 02:14:04','2024-10-26 02:14:04'),
(2,21,18,'2024-10-26','18:13','18:17','dfg','f','dg','fd','xcv','dfg','fg','dfg','xcv','[[\"sdf\",\"sdf\",\"sdf\",\"df\",\"df\"],[\"sdf\",\"sd\",\"sdf\",\"fg\",\"dfg\"]]','[[\"dfg\",\"dfg\",\"2024-10-26\",\"dfg\",\"Pass\"],[\"dfg\",\"df\",\"\",\"\",\"Fail\"],[\"dfg\",\"dfg\",\"\",\"fdg\",\"\"],[\"dfg\",\"fdg\",\"2024-10-26\",\"\",\"\"],[\"dfg\",\"fdg\",\"\",\"dfg\",\"\"],[\"df\",\"fdg\",\"\",\"fg\",\"\"],[\"\",\"\",\"\",\"\",\"\"],[\"\",\"\",\"\",\"\",\"\"]]','[[\"sdf\",\"sdf\",\"Pass\",\"sdf\",\"cv\",\"dsf\",\"sdf\"],[\"sdf\",\"cvd\",\"Fail\",\"dfg\",\"dfg\",\"\",\"\"],[\"\",\"\",\"\",\"\",\"\",\"\",\"\"]]','[[\"dfg\",\"dfg\",\"df\",\"fdg\",\"dfg\"],[\"dfg\",\"df\",\"\",\"\",\"\"],[\"fdg\",\"\",\"\",\"\",\"\"],[\"fdg\",\"\",\"dfg\",\"\",\"\"],[\"\",\"\",\"\",\"\",\"\"],[\"\",\"dfg\",\"\",\"\",\"\"],[\"\",\"\",\"dfg\",\"\",\"\"],[\"dfg\",\"\",\"\",\"\",\"\"],[\"\",\"dfg\",\"\",\"\",\"\"],[\"\",\"dfg\",\"\",\"\",\"\"],[\"\",\"\",\"\",\"\",\"\"]]','tests-docs/stage-1-test/stage-1-test-2.pdf','2024-10-26 02:14:50','2024-10-26 02:14:56'),
(3,21,18,'2024-10-26','18:13','18:17','dfg','f','dg','fd','xcv','dfg','fg','dfg','xcv','[[\"sdf\",\"sdf\",\"sdf\",\"df\",\"df\"],[\"sdf\",\"sd\",\"sdf\",\"fg\",\"dfg\"]]','[[\"dfg\",\"dfg\",\"2024-10-26\",\"dfg\",\"Pass\"],[\"dfg\",\"df\",\"\",\"\",\"Fail\"],[\"dfg\",\"dfg\",\"\",\"fdg\",\"\"],[\"dfg\",\"fdg\",\"2024-10-26\",\"\",\"\"],[\"dfg\",\"fdg\",\"\",\"dfg\",\"\"],[\"df\",\"fdg\",\"\",\"fg\",\"\"],[\"\",\"\",\"\",\"\",\"\"],[\"\",\"\",\"\",\"\",\"\"]]','[[\"sdf\",\"sdf\",\"Pass\",\"sdf\",\"cv\",\"dsf\",\"sdf\"],[\"sdf\",\"cvd\",\"Fail\",\"dfg\",\"dfg\",\"\",\"\"],[\"\",\"\",\"\",\"\",\"\",\"\",\"\"]]','[[\"dfg\",\"dfg\",\"df\",\"fdg\",\"dfg\"],[\"dfg\",\"df\",\"\",\"\",\"\"],[\"fdg\",\"\",\"\",\"\",\"\"],[\"fdg\",\"\",\"dfg\",\"\",\"\"],[\"\",\"\",\"\",\"\",\"\"],[\"\",\"dfg\",\"\",\"\",\"\"],[\"\",\"\",\"dfg\",\"\",\"\"],[\"dfg\",\"\",\"\",\"\",\"\"],[\"\",\"dfg\",\"\",\"\",\"\"],[\"\",\"dfg\",\"\",\"\",\"\"],[\"\",\"\",\"\",\"\",\"\"]]','tests-docs/stage-1-test/stage-1-test-3.pdf','2024-10-26 02:16:07','2024-10-26 02:16:11'),
(4,21,18,'2024-10-26','18:13','18:17','dfg','f','dg','fd','xcv','dfg','fg','dfg','xcv','[[\"sdf\",\"sdf\",\"sdf\",\"df\",\"df\"],[\"sdf\",\"sd\",\"sdf\",\"fg\",\"dfg\"]]','[[\"dfg\",\"dfg\",\"2024-10-26\",\"dfg\",\"Pass\"],[\"dfg\",\"df\",\"\",\"\",\"Fail\"],[\"dfg\",\"dfg\",\"\",\"fdg\",\"\"],[\"dfg\",\"fdg\",\"2024-10-26\",\"\",\"\"],[\"dfg\",\"fdg\",\"\",\"dfg\",\"\"],[\"df\",\"fdg\",\"\",\"fg\",\"\"],[\"\",\"\",\"\",\"\",\"\"],[\"\",\"\",\"\",\"\",\"\"]]','[[\"sdf\",\"sdf\",\"Pass\",\"sdf\",\"cv\",\"dsf\",\"sdf\"],[\"sdf\",\"cvd\",\"Fail\",\"dfg\",\"dfg\",\"\",\"\"],[\"\",\"\",\"\",\"\",\"\",\"\",\"\"]]','[[\"dfg\",\"dfg\",\"df\",\"fdg\",\"dfg\"],[\"dfg\",\"df\",\"\",\"\",\"\"],[\"fdg\",\"\",\"\",\"\",\"\"],[\"fdg\",\"\",\"dfg\",\"\",\"\"],[\"\",\"\",\"\",\"\",\"\"],[\"\",\"dfg\",\"\",\"\",\"\"],[\"\",\"\",\"dfg\",\"\",\"\"],[\"dfg\",\"\",\"\",\"\",\"\"],[\"\",\"dfg\",\"\",\"\",\"\"],[\"\",\"dfg\",\"\",\"\",\"\"],[\"\",\"\",\"\",\"\",\"\"]]','tests-docs/stage-1-test/stage-1-test-4.pdf','2024-10-26 02:18:03','2024-10-26 02:18:07'),
(5,21,18,'2024-10-26','18:13','18:17','dfg','f','dg','fd','xcv','dfg','fg','dfg','xcv','[[\"sdf\",\"sdf\",\"sdf\",\"df\",\"df\"],[\"sdf\",\"sd\",\"sdf\",\"fg\",\"dfg\"]]','[[\"dfg\",\"dfg\",\"2024-10-26\",\"dfg\",\"Pass\"],[\"dfg\",\"df\",\"\",\"\",\"Fail\"],[\"dfg\",\"dfg\",\"\",\"fdg\",\"\"],[\"dfg\",\"fdg\",\"2024-10-26\",\"\",\"\"],[\"dfg\",\"fdg\",\"\",\"dfg\",\"\"],[\"df\",\"fdg\",\"\",\"fg\",\"\"],[\"\",\"\",\"\",\"\",\"\"],[\"\",\"\",\"\",\"\",\"\"]]','[[\"sdf\",\"sdf\",\"Pass\",\"sdf\",\"cv\",\"dsf\",\"sdf\"],[\"sdf\",\"cvd\",\"Fail\",\"dfg\",\"dfg\",\"\",\"\"],[\"\",\"\",\"\",\"\",\"\",\"\",\"\"]]','[[\"dfg\",\"dfg\",\"df\",\"fdg\",\"dfg\"],[\"dfg\",\"df\",\"\",\"\",\"\"],[\"fdg\",\"\",\"\",\"\",\"\"],[\"fdg\",\"\",\"dfg\",\"\",\"\"],[\"\",\"\",\"\",\"\",\"\"],[\"\",\"dfg\",\"\",\"\",\"\"],[\"\",\"\",\"dfg\",\"\",\"\"],[\"dfg\",\"\",\"\",\"\",\"\"],[\"\",\"dfg\",\"\",\"\",\"\"],[\"\",\"dfg\",\"\",\"\",\"\"],[\"\",\"\",\"\",\"\",\"\"]]','tests-docs/stage-1-test/stage-1-test-5.pdf','2024-10-26 02:19:36','2024-10-26 02:19:40');
/*!40000 ALTER TABLE `test_stage_1_tests` ENABLE KEYS */;
UNLOCK TABLES;

--
-- Table structure for table `testing_meta`
--

DROP TABLE IF EXISTS `testing_meta`;
/*!40101 SET @saved_cs_client     = @@character_set_client */;
/*!40101 SET character_set_client = utf8mb4 */;
CREATE TABLE `testing_meta` (
  `id` int(11) NOT NULL AUTO_INCREMENT,
  `testing_id` int(11) NOT NULL,
  `ques_id` int(11) NOT NULL,
  `answer` varchar(60) DEFAULT NULL,
  `desc` varchar(500) DEFAULT NULL,
  `file` varchar(500) DEFAULT NULL,
  `created_at` timestamp NULL DEFAULT NULL,
  `updated_at` timestamp NULL DEFAULT NULL,
  PRIMARY KEY (`id`),
  KEY `testing_id` (`testing_id`),
  CONSTRAINT `testing_meta_ibfk_1` FOREIGN KEY (`testing_id`) REFERENCES `testings` (`id`)
) ENGINE=InnoDB AUTO_INCREMENT=4839 DEFAULT CHARSET=utf8mb4 COLLATE=utf8mb4_general_ci;
/*!40101 SET character_set_client = @saved_cs_client */;

--
-- Dumping data for table `testing_meta`
--

LOCK TABLES `testing_meta` WRITE;
/*!40000 ALTER TABLE `testing_meta` DISABLE KEYS */;
INSERT INTO `testing_meta` (`id`, `testing_id`, `ques_id`, `answer`, `desc`, `file`, `created_at`, `updated_at`) VALUES (2643,379,1,'No',NULL,NULL,'2025-03-02 01:58:31','2025-03-01 20:03:43'),
(2644,379,2,'Yes',NULL,NULL,'2025-03-02 01:58:32','2025-03-01 20:03:43'),
(2645,379,3,'Yes',NULL,NULL,'2025-03-02 01:58:32','2025-03-01 20:03:43'),
(2646,379,4,'Yes',NULL,NULL,'2025-03-02 01:58:32','2025-03-01 20:03:43'),
(2647,379,5,'Yes',NULL,NULL,'2025-03-02 01:58:32','2025-03-01 20:03:43'),
(2648,379,6,'Yes',NULL,NULL,'2025-03-02 01:58:32','2025-03-01 20:03:43'),
(2649,379,7,'No',NULL,NULL,'2025-03-02 01:58:33','2025-03-01 20:03:43'),
(2650,379,8,'No',NULL,NULL,'2025-03-02 01:58:33','2025-03-01 20:03:43'),
(2651,379,9,'Yes',NULL,NULL,'2025-03-02 01:58:33','2025-03-01 20:03:43'),
(2652,379,10,'No',NULL,NULL,'2025-03-02 01:58:33','2025-03-01 20:03:43'),
(2653,379,11,'Yes',NULL,NULL,'2025-03-02 01:58:33','2025-03-01 20:03:43'),
(2654,379,12,'Yes',NULL,NULL,'2025-03-02 01:58:33','2025-03-01 20:03:43'),
(2655,379,13,'Yes',NULL,NULL,'2025-03-02 01:58:34','2025-03-01 20:03:43'),
(2656,379,14,'Yes',NULL,NULL,'2025-03-02 01:58:34','2025-03-01 20:03:43'),
(2657,379,15,'Yes',NULL,NULL,'2025-03-02 01:58:34','2025-03-01 20:03:43'),
(2658,379,16,'Yes',NULL,NULL,'2025-03-02 01:58:34','2025-03-01 20:03:43'),
(2659,379,17,'Yes',NULL,NULL,'2025-03-02 01:58:34','2025-03-01 20:03:43'),
(2660,379,18,'Yes',NULL,NULL,'2025-03-02 01:58:35','2025-03-01 20:03:43'),
(2661,380,1,'No',NULL,NULL,'2025-04-01 17:51:47','2025-04-01 17:51:47'),
(2662,380,2,'Yes',NULL,NULL,'2025-04-01 17:51:47','2025-04-01 17:51:47'),
(2663,380,3,'Yes',NULL,NULL,'2025-04-01 17:51:47','2025-04-01 17:51:47'),
(2664,380,4,'Yes',NULL,NULL,'2025-04-01 17:51:48','2025-04-01 17:51:48'),
(2665,380,5,'Yes',NULL,NULL,'2025-04-01 17:51:48','2025-04-01 17:51:48'),
(2666,380,6,'Yes',NULL,NULL,'2025-04-01 17:51:48','2025-04-01 17:51:48'),
(2667,380,7,'No',NULL,NULL,'2025-04-01 17:51:48','2025-04-01 17:51:48'),
(2668,380,8,'No',NULL,NULL,'2025-04-01 17:51:48','2025-04-01 17:51:48'),
(2669,380,9,'Yes',NULL,NULL,'2025-04-01 17:51:49','2025-04-01 17:51:49'),
(2670,380,10,'No',NULL,NULL,'2025-04-01 17:51:49','2025-04-01 17:51:49'),
(2671,380,11,'Yes',NULL,NULL,'2025-04-01 17:51:49','2025-04-01 17:51:49'),
(2672,380,12,'Yes',NULL,NULL,'2025-04-01 17:51:49','2025-04-01 17:51:49'),
(2673,380,13,'Yes',NULL,NULL,'2025-04-01 17:51:49','2025-04-01 17:51:49'),
(2674,380,14,'Yes',NULL,NULL,'2025-04-01 17:51:49','2025-04-01 17:51:49'),
(2675,380,15,'Yes',NULL,NULL,'2025-04-01 17:51:50','2025-04-01 17:51:50'),
(2676,380,16,'Yes',NULL,NULL,'2025-04-01 17:51:50','2025-04-01 17:51:50'),
(2677,380,17,'Yes',NULL,NULL,'2025-04-01 17:51:50','2025-04-01 17:51:50'),
(2678,380,18,'Yes',NULL,NULL,'2025-04-01 17:51:50','2025-04-01 17:51:50'),
(2679,381,1,'No',NULL,NULL,'2025-04-10 14:23:08','2025-04-10 14:23:08'),
(2680,381,2,'Yes',NULL,NULL,'2025-04-10 14:23:09','2025-04-10 14:23:09'),
(2681,381,3,'Yes',NULL,NULL,'2025-04-10 14:23:09','2025-04-10 14:23:09'),
(2682,381,4,'Yes',NULL,NULL,'2025-04-10 14:23:09','2025-04-10 14:23:09'),
(2683,381,5,'Yes',NULL,NULL,'2025-04-10 14:23:09','2025-04-10 14:23:09'),
(2684,381,6,'Yes',NULL,NULL,'2025-04-10 14:23:09','2025-04-10 14:23:09'),
(2685,381,7,'No',NULL,NULL,'2025-04-10 14:23:10','2025-04-10 14:23:10'),
(2686,381,8,'No',NULL,NULL,'2025-04-10 14:23:10','2025-04-10 14:23:10'),
(2687,381,9,'Yes',NULL,NULL,'2025-04-10 14:23:10','2025-04-10 14:23:10'),
(2688,381,10,'No',NULL,NULL,'2025-04-10 14:23:10','2025-04-10 14:23:10'),
(2689,381,11,'Yes',NULL,NULL,'2025-04-10 14:23:11','2025-04-10 14:23:11'),
(2690,381,12,'Yes',NULL,NULL,'2025-04-10 14:23:11','2025-04-10 14:23:11'),
(2691,381,13,'Yes',NULL,NULL,'2025-04-10 14:23:11','2025-04-10 14:23:11'),
(2692,381,14,'Yes',NULL,NULL,'2025-04-10 14:23:11','2025-04-10 14:23:11'),
(2693,381,15,'Yes',NULL,NULL,'2025-04-10 14:23:11','2025-04-10 14:23:11'),
(2694,381,16,'Yes',NULL,NULL,'2025-04-10 14:23:12','2025-04-10 14:23:12'),
(2695,381,17,'Yes',NULL,NULL,'2025-04-10 14:23:12','2025-04-10 14:23:12'),
(2696,381,18,'Yes',NULL,NULL,'2025-04-10 14:23:12','2025-04-10 14:23:12'),
(2697,382,1,'No',NULL,NULL,'2025-04-10 14:50:13','2025-04-10 14:50:13'),
(2698,382,2,'Yes',NULL,NULL,'2025-04-10 14:50:13','2025-04-10 14:50:13'),
(2699,382,3,'Yes',NULL,NULL,'2025-04-10 14:50:13','2025-04-10 14:50:13'),
(2700,382,4,'Yes',NULL,NULL,'2025-04-10 14:50:13','2025-04-10 14:50:13'),
(2701,382,5,'Yes',NULL,NULL,'2025-04-10 14:50:13','2025-04-10 14:50:13'),
(2702,382,6,'Yes',NULL,NULL,'2025-04-10 14:50:14','2025-04-10 14:50:14'),
(2703,382,7,'No',NULL,NULL,'2025-04-10 14:50:14','2025-04-10 14:50:14'),
(2704,382,8,'No',NULL,NULL,'2025-04-10 14:50:14','2025-04-10 14:50:14'),
(2705,382,9,'Yes',NULL,NULL,'2025-04-10 14:50:14','2025-04-10 14:50:14'),
(2706,382,10,'No',NULL,NULL,'2025-04-10 14:50:14','2025-04-10 14:50:14'),
(2707,382,11,'Yes','regular cap broken owner will buy one himself',NULL,'2025-04-10 14:51:00','2025-04-10 14:51:00'),
(2708,382,12,'Yes',NULL,NULL,'2025-04-10 14:51:00','2025-04-10 14:51:00'),
(2709,382,13,'Yes',NULL,NULL,'2025-04-10 14:51:00','2025-04-10 14:51:00'),
(2710,382,14,'Yes',NULL,NULL,'2025-04-10 14:51:01','2025-04-10 14:51:01'),
(2711,382,15,'Yes',NULL,NULL,'2025-04-10 14:51:01','2025-04-10 14:51:01'),
(2712,382,16,'Yes',NULL,NULL,'2025-04-10 14:51:01','2025-04-10 14:51:01'),
(2713,382,17,'Yes',NULL,NULL,'2025-04-10 14:51:01','2025-04-10 14:51:01'),
(2714,382,18,'Yes',NULL,NULL,'2025-04-10 14:51:01','2025-04-10 14:51:01'),
(2715,383,1,'No',NULL,NULL,'2025-04-10 15:03:44','2025-04-10 15:03:44'),
(2716,383,2,'Yes',NULL,NULL,'2025-04-10 15:03:45','2025-04-10 15:03:45'),
(2717,383,3,'Yes',NULL,NULL,'2025-04-10 15:03:45','2025-04-10 15:03:45'),
(2718,383,4,'Yes',NULL,NULL,'2025-04-10 15:03:45','2025-04-10 15:03:45'),
(2719,383,5,'Yes',NULL,NULL,'2025-04-10 15:03:45','2025-04-10 15:03:45'),
(2720,383,6,'Yes',NULL,NULL,'2025-04-10 15:03:45','2025-04-10 15:03:45'),
(2721,383,7,'No',NULL,NULL,'2025-04-10 15:03:46','2025-04-10 15:03:46'),
(2722,383,8,'No',NULL,NULL,'2025-04-10 15:03:46','2025-04-10 15:03:46'),
(2723,383,9,'Yes',NULL,NULL,'2025-04-10 15:03:46','2025-04-10 15:03:46'),
(2724,383,10,'No',NULL,NULL,'2025-04-10 15:03:46','2025-04-10 15:03:46'),
(2725,383,11,'Yes',NULL,NULL,'2025-04-10 15:03:47','2025-04-10 15:03:47'),
(2726,383,12,'Yes',NULL,NULL,'2025-04-10 15:03:47','2025-04-10 15:03:47'),
(2727,383,13,'Yes',NULL,NULL,'2025-04-10 15:03:47','2025-04-10 15:03:47'),
(2728,383,14,'Yes',NULL,NULL,'2025-04-10 15:03:47','2025-04-10 15:03:47'),
(2729,383,15,'Yes',NULL,NULL,'2025-04-10 15:03:47','2025-04-10 15:03:47'),
(2730,383,16,'Yes',NULL,NULL,'2025-04-10 15:03:48','2025-04-10 15:03:48'),
(2731,383,17,'Yes',NULL,NULL,'2025-04-10 15:03:48','2025-04-10 15:03:48'),
(2732,383,18,'Yes',NULL,NULL,'2025-04-10 15:03:48','2025-04-10 15:03:48'),
(2733,384,1,'No',NULL,NULL,'2025-04-10 15:28:11','2025-04-10 15:28:11'),
(2734,384,2,'Yes',NULL,NULL,'2025-04-10 15:28:11','2025-04-10 15:28:11'),
(2735,384,3,'Yes',NULL,NULL,'2025-04-10 15:28:11','2025-04-10 15:28:11'),
(2736,384,4,'Yes',NULL,NULL,'2025-04-10 15:28:12','2025-04-10 15:28:12'),
(2737,384,5,'Yes',NULL,NULL,'2025-04-10 15:28:12','2025-04-10 15:28:12'),
(2738,384,6,'Yes',NULL,NULL,'2025-04-10 15:28:12','2025-04-10 15:28:12'),
(2739,384,7,'No',NULL,NULL,'2025-04-10 15:28:12','2025-04-10 15:28:12'),
(2740,384,8,'No',NULL,NULL,'2025-04-10 15:28:13','2025-04-10 15:28:13'),
(2741,384,9,'Yes',NULL,NULL,'2025-04-10 15:28:13','2025-04-10 15:28:13'),
(2742,384,10,'No',NULL,NULL,'2025-04-10 15:28:13','2025-04-10 15:28:13'),
(2743,384,11,'Yes',NULL,NULL,'2025-04-10 15:28:13','2025-04-10 15:28:13'),
(2744,384,12,'Yes',NULL,NULL,'2025-04-10 15:28:13','2025-04-10 15:28:13'),
(2745,384,13,'Yes',NULL,NULL,'2025-04-10 15:28:14','2025-04-10 15:28:14'),
(2746,384,14,'Yes',NULL,NULL,'2025-04-10 15:28:14','2025-04-10 15:28:14'),
(2747,384,15,'Yes',NULL,NULL,'2025-04-10 15:28:14','2025-04-10 15:28:14'),
(2748,384,16,'Yes',NULL,NULL,'2025-04-10 15:28:14','2025-04-10 15:28:14'),
(2749,384,17,'Yes',NULL,NULL,'2025-04-10 15:28:15','2025-04-10 15:28:15'),
(2750,384,18,'Yes',NULL,NULL,'2025-04-10 15:28:15','2025-04-10 15:28:15'),
(2751,385,1,'No',NULL,NULL,'2025-04-10 15:44:14','2025-04-10 15:44:14'),
(2752,385,2,'Yes',NULL,NULL,'2025-04-10 15:44:14','2025-04-10 15:44:14'),
(2753,385,3,'Yes',NULL,NULL,'2025-04-10 15:44:14','2025-04-10 15:44:14'),
(2754,385,4,'Yes',NULL,NULL,'2025-04-10 15:44:14','2025-04-10 15:44:14'),
(2755,385,5,'Yes',NULL,NULL,'2025-04-10 15:44:15','2025-04-10 15:44:15'),
(2756,385,6,'Yes',NULL,NULL,'2025-04-10 15:44:15','2025-04-10 15:44:15'),
(2757,385,7,'No',NULL,NULL,'2025-04-10 15:44:15','2025-04-10 15:44:15'),
(2758,385,8,'No',NULL,NULL,'2025-04-10 15:44:15','2025-04-10 15:44:15'),
(2759,385,9,'Yes',NULL,NULL,'2025-04-10 15:44:16','2025-04-10 15:44:16'),
(2760,385,10,'No',NULL,NULL,'2025-04-10 15:44:16','2025-04-10 15:44:16'),
(2761,385,11,'Yes',NULL,NULL,'2025-04-10 15:44:16','2025-04-10 15:44:16'),
(2762,385,12,'Yes',NULL,NULL,'2025-04-10 15:44:16','2025-04-10 15:44:16'),
(2763,385,13,'Yes',NULL,NULL,'2025-04-10 15:44:16','2025-04-10 15:44:16'),
(2764,385,14,'Yes',NULL,NULL,'2025-04-10 15:44:17','2025-04-10 15:44:17'),
(2765,385,15,'Yes',NULL,NULL,'2025-04-10 15:44:17','2025-04-10 15:44:17'),
(2766,385,16,'Yes',NULL,NULL,'2025-04-10 15:44:17','2025-04-10 15:44:17'),
(2767,385,17,'Yes',NULL,NULL,'2025-04-10 15:44:17','2025-04-10 15:44:17'),
(2768,385,18,'Yes',NULL,NULL,'2025-04-10 15:44:17','2025-04-10 15:44:17'),
(2769,386,1,'No',NULL,NULL,'2025-04-10 15:58:41','2025-04-10 15:58:41'),
(2770,386,2,'Yes',NULL,NULL,'2025-04-10 15:58:42','2025-04-10 15:58:42'),
(2771,386,3,'Yes',NULL,NULL,'2025-04-10 15:58:42','2025-04-10 15:58:42'),
(2772,386,4,'Yes',NULL,NULL,'2025-04-10 15:58:42','2025-04-10 15:58:42'),
(2773,386,5,'Yes',NULL,NULL,'2025-04-10 15:58:42','2025-04-10 15:58:42'),
(2774,386,6,'Yes',NULL,NULL,'2025-04-10 15:58:43','2025-04-10 15:58:43'),
(2775,386,7,'No',NULL,NULL,'2025-04-10 15:58:43','2025-04-10 15:58:43'),
(2776,386,8,'No',NULL,NULL,'2025-04-10 15:58:43','2025-04-10 15:58:43'),
(2777,386,9,'Yes',NULL,NULL,'2025-04-10 15:58:43','2025-04-10 15:58:43'),
(2778,386,10,'No',NULL,NULL,'2025-04-10 15:58:43','2025-04-10 15:58:43'),
(2779,386,11,'Yes',NULL,NULL,'2025-04-10 15:58:44','2025-04-10 15:58:44'),
(2780,386,12,'Yes',NULL,NULL,'2025-04-10 15:58:44','2025-04-10 15:58:44'),
(2781,386,13,'Yes',NULL,NULL,'2025-04-10 15:58:44','2025-04-10 15:58:44'),
(2782,386,14,'Yes',NULL,NULL,'2025-04-10 15:58:44','2025-04-10 15:58:44'),
(2783,386,15,'Yes',NULL,NULL,'2025-04-10 15:58:45','2025-04-10 15:58:45'),
(2784,386,16,'Yes',NULL,NULL,'2025-04-10 15:58:45','2025-04-10 15:58:45'),
(2785,386,17,'Yes',NULL,NULL,'2025-04-10 15:58:45','2025-04-10 15:58:45'),
(2786,386,18,'Yes',NULL,NULL,'2025-04-10 15:58:45','2025-04-10 15:58:45'),
(2787,387,1,'No',NULL,NULL,'2025-04-10 16:49:58','2025-04-10 16:49:58'),
(2788,387,2,'Yes',NULL,NULL,'2025-04-10 16:49:58','2025-04-10 16:49:58'),
(2789,387,3,'Yes',NULL,NULL,'2025-04-10 16:49:59','2025-04-10 16:49:59'),
(2790,387,4,'Yes',NULL,NULL,'2025-04-10 16:49:59','2025-04-10 16:49:59'),
(2791,387,5,'Yes',NULL,NULL,'2025-04-10 16:49:59','2025-04-10 16:49:59'),
(2792,387,6,'Yes',NULL,NULL,'2025-04-10 16:49:59','2025-04-10 16:49:59'),
(2793,387,7,'No',NULL,NULL,'2025-04-10 16:50:00','2025-04-10 16:50:00'),
(2794,387,8,'No',NULL,NULL,'2025-04-10 16:50:00','2025-04-10 16:50:00'),
(2795,387,9,'Yes',NULL,NULL,'2025-04-10 16:50:00','2025-04-10 16:50:00'),
(2796,387,10,'No',NULL,NULL,'2025-04-10 16:50:00','2025-04-10 16:50:00'),
(2797,387,11,'Yes',NULL,NULL,'2025-04-10 16:50:00','2025-04-10 16:50:00'),
(2798,387,12,'Yes',NULL,NULL,'2025-04-10 16:50:01','2025-04-10 16:50:01'),
(2799,387,13,'Yes',NULL,NULL,'2025-04-10 16:50:01','2025-04-10 16:50:01'),
(2800,387,14,'Yes',NULL,NULL,'2025-04-10 16:50:01','2025-04-10 16:50:01'),
(2801,387,15,'Yes',NULL,NULL,'2025-04-10 16:50:01','2025-04-10 16:50:01'),
(2802,387,16,'Yes',NULL,NULL,'2025-04-10 16:50:02','2025-04-10 16:50:02'),
(2803,387,17,'Yes',NULL,NULL,'2025-04-10 16:50:02','2025-04-10 16:50:02'),
(2804,387,18,'Yes',NULL,NULL,'2025-04-10 16:50:02','2025-04-10 16:50:02'),
(2805,388,1,'No',NULL,NULL,'2025-04-10 17:25:05','2025-04-10 17:25:05'),
(2806,388,2,'Yes','bad condition pumps',NULL,'2025-04-10 17:25:05','2025-04-10 17:25:49'),
(2807,388,3,'Yes','need to replace some octane stickers',NULL,'2025-04-10 17:25:28','2025-04-10 17:25:28'),
(2808,388,4,'Yes',NULL,NULL,'2025-04-10 17:25:28','2025-04-10 17:25:28'),
(2809,388,5,'Yes',NULL,NULL,'2025-04-10 17:25:28','2025-04-10 17:25:28'),
(2810,388,6,'Yes',NULL,NULL,'2025-04-10 17:25:29','2025-04-10 17:25:29'),
(2811,388,7,'No',NULL,NULL,'2025-04-10 17:25:29','2025-04-10 17:25:29'),
(2812,388,8,'No',NULL,NULL,'2025-04-10 17:25:29','2025-04-10 17:25:29'),
(2813,388,9,'Yes',NULL,NULL,'2025-04-10 17:25:29','2025-04-10 17:25:29'),
(2814,388,10,'No',NULL,NULL,'2025-04-10 17:25:29','2025-04-10 17:25:29'),
(2815,388,11,'Yes',NULL,NULL,'2025-04-10 17:25:30','2025-04-10 17:25:30'),
(2816,388,12,'Yes',NULL,NULL,'2025-04-10 17:25:30','2025-04-10 17:25:30'),
(2817,388,13,'Yes',NULL,NULL,'2025-04-10 17:25:30','2025-04-10 17:25:30'),
(2818,388,14,'Yes',NULL,NULL,'2025-04-10 17:25:30','2025-04-10 17:25:30'),
(2819,388,15,'Yes',NULL,NULL,'2025-04-10 17:25:30','2025-04-10 17:25:30'),
(2820,388,16,'Yes',NULL,NULL,'2025-04-10 17:25:31','2025-04-10 17:25:31'),
(2821,388,17,'Yes',NULL,NULL,'2025-04-10 17:25:31','2025-04-10 17:25:31'),
(2822,388,18,'Yes',NULL,NULL,'2025-04-10 17:25:31','2025-04-10 17:25:31'),
(2823,389,1,'No',NULL,NULL,'2025-04-10 17:26:54','2025-04-10 17:26:54'),
(2824,389,2,'Yes',NULL,NULL,'2025-04-10 17:26:54','2025-04-10 17:26:54'),
(2825,389,3,'Yes',NULL,NULL,'2025-04-10 17:26:54','2025-04-10 17:26:54'),
(2826,389,4,'Yes',NULL,NULL,'2025-04-10 17:26:54','2025-04-10 17:26:54'),
(2827,389,5,'Yes',NULL,NULL,'2025-04-10 17:26:55','2025-04-10 17:26:55'),
(2828,389,6,'Yes',NULL,NULL,'2025-04-10 17:26:55','2025-04-10 17:26:55'),
(2829,389,7,'No',NULL,NULL,'2025-04-10 17:26:55','2025-04-10 17:26:55'),
(2830,389,8,'No',NULL,NULL,'2025-04-10 17:26:55','2025-04-10 17:26:55'),
(2831,389,9,'Yes',NULL,NULL,'2025-04-10 17:26:55','2025-04-10 17:26:55'),
(2832,389,10,'No',NULL,NULL,'2025-04-10 17:26:56','2025-04-10 17:26:56'),
(2833,389,11,'Yes',NULL,NULL,'2025-04-10 17:26:56','2025-04-10 17:26:56'),
(2834,389,12,'Yes',NULL,NULL,'2025-04-10 17:26:56','2025-04-10 17:26:56'),
(2835,389,13,'Yes',NULL,NULL,'2025-04-10 17:26:56','2025-04-10 17:26:56'),
(2836,389,14,'Yes',NULL,NULL,'2025-04-10 17:26:56','2025-04-10 17:26:56'),
(2837,389,15,'Yes',NULL,NULL,'2025-04-10 17:26:57','2025-04-10 17:26:57'),
(2838,389,16,'Yes',NULL,NULL,'2025-04-10 17:26:57','2025-04-10 17:26:57'),
(2839,389,17,'Yes',NULL,NULL,'2025-04-10 17:26:57','2025-04-10 17:26:57'),
(2840,389,18,'Yes',NULL,NULL,'2025-04-10 17:26:57','2025-04-10 17:26:57'),
(2841,390,1,'No',NULL,NULL,'2025-04-10 17:41:22','2025-04-10 17:41:22'),
(2842,390,2,'Yes',NULL,NULL,'2025-04-10 17:41:23','2025-04-10 17:41:23'),
(2843,390,3,'Yes',NULL,NULL,'2025-04-10 17:41:23','2025-04-10 17:41:23'),
(2844,390,4,'Yes',NULL,NULL,'2025-04-10 17:41:23','2025-04-10 17:41:23'),
(2845,390,5,'Yes','needs to place stickers on all pumps',NULL,'2025-04-10 17:41:50','2025-04-10 17:41:50'),
(2846,390,6,'Yes',NULL,NULL,'2025-04-10 17:41:50','2025-04-10 17:41:50'),
(2847,390,7,'No',NULL,NULL,'2025-04-10 17:41:50','2025-04-10 17:41:50'),
(2848,390,8,'No',NULL,NULL,'2025-04-10 17:41:50','2025-04-10 17:41:50'),
(2849,390,9,'Yes',NULL,NULL,'2025-04-10 17:41:51','2025-04-10 17:41:51'),
(2850,390,10,'No',NULL,NULL,'2025-04-10 17:41:51','2025-04-10 17:41:51'),
(2851,390,11,'Yes',NULL,NULL,'2025-04-10 17:41:51','2025-04-10 17:41:51'),
(2852,390,12,'Yes',NULL,NULL,'2025-04-10 17:41:51','2025-04-10 17:41:51'),
(2853,390,13,'Yes',NULL,NULL,'2025-04-10 17:41:51','2025-04-10 17:41:51'),
(2854,390,14,'Yes',NULL,NULL,'2025-04-10 17:41:51','2025-04-10 17:41:51'),
(2855,390,15,'Yes',NULL,NULL,'2025-04-10 17:41:52','2025-04-10 17:41:52'),
(2856,390,16,'Yes',NULL,NULL,'2025-04-10 17:41:52','2025-04-10 17:41:52'),
(2857,390,17,'Yes',NULL,NULL,'2025-04-10 17:41:52','2025-04-10 17:41:52'),
(2858,390,18,'Yes',NULL,NULL,'2025-04-10 17:41:52','2025-04-10 17:41:52'),
(2859,391,1,'No',NULL,NULL,'2025-04-11 11:42:14','2025-04-11 11:42:14'),
(2860,391,2,'Yes',NULL,NULL,'2025-04-11 11:42:15','2025-04-11 11:42:15'),
(2861,391,3,'Yes',NULL,NULL,'2025-04-11 11:42:15','2025-04-11 11:42:15'),
(2862,391,4,'Yes',NULL,NULL,'2025-04-11 11:42:15','2025-04-11 11:42:15'),
(2863,391,5,'Yes',NULL,NULL,'2025-04-11 11:42:15','2025-04-11 11:42:15'),
(2864,391,6,'Yes',NULL,NULL,'2025-04-11 11:42:15','2025-04-11 11:42:15'),
(2865,391,7,'No',NULL,NULL,'2025-04-11 11:42:16','2025-04-11 11:42:16'),
(2866,391,8,'No',NULL,NULL,'2025-04-11 11:42:16','2025-04-11 11:42:16'),
(2867,391,9,'Yes',NULL,NULL,'2025-04-11 11:42:16','2025-04-11 11:42:16'),
(2868,391,10,'No',NULL,NULL,'2025-04-11 11:42:16','2025-04-11 11:42:16'),
(2869,391,11,'Yes',NULL,NULL,'2025-04-11 11:42:16','2025-04-11 11:42:16'),
(2870,391,12,'Yes',NULL,NULL,'2025-04-11 11:42:17','2025-04-11 11:42:17'),
(2871,391,13,'Yes',NULL,NULL,'2025-04-11 11:42:17','2025-04-11 11:42:17'),
(2872,391,14,'Yes',NULL,NULL,'2025-04-11 11:42:17','2025-04-11 11:42:17'),
(2873,391,15,'Yes',NULL,NULL,'2025-04-11 11:42:17','2025-04-11 11:42:17'),
(2874,391,16,'Yes',NULL,NULL,'2025-04-11 11:42:18','2025-04-11 11:42:18'),
(2875,391,17,'Yes',NULL,NULL,'2025-04-11 11:42:18','2025-04-11 11:42:18'),
(2876,391,18,'Yes',NULL,NULL,'2025-04-11 11:42:18','2025-04-11 11:42:18'),
(2877,392,1,'No',NULL,NULL,'2025-04-11 11:55:09','2025-04-11 11:55:09'),
(2878,392,2,'Yes',NULL,NULL,'2025-04-11 11:55:09','2025-04-11 11:55:09'),
(2879,392,3,'Yes',NULL,NULL,'2025-04-11 11:55:09','2025-04-11 11:55:09'),
(2880,392,4,'Yes',NULL,NULL,'2025-04-11 11:55:09','2025-04-11 11:55:09'),
(2881,392,5,'Yes',NULL,NULL,'2025-04-11 11:55:10','2025-04-11 11:55:10'),
(2882,392,6,'Yes',NULL,NULL,'2025-04-11 11:55:10','2025-04-11 11:55:10'),
(2883,392,7,'No',NULL,NULL,'2025-04-11 11:55:10','2025-04-11 11:55:10'),
(2884,392,8,'No',NULL,NULL,'2025-04-11 11:55:10','2025-04-11 11:55:10'),
(2885,392,9,'Yes',NULL,NULL,'2025-04-11 11:55:10','2025-04-11 11:55:10'),
(2886,392,10,'No',NULL,NULL,'2025-04-11 11:55:11','2025-04-11 11:55:11'),
(2887,392,11,'Yes',NULL,NULL,'2025-04-11 11:55:11','2025-04-11 11:55:11'),
(2888,392,12,'Yes',NULL,NULL,'2025-04-11 11:55:11','2025-04-11 11:55:11'),
(2889,392,13,'Yes',NULL,NULL,'2025-04-11 11:55:11','2025-04-11 11:55:11'),
(2890,392,14,'Yes',NULL,NULL,'2025-04-11 11:55:11','2025-04-11 11:55:11'),
(2891,392,15,'Yes',NULL,NULL,'2025-04-11 11:55:12','2025-04-11 11:55:12'),
(2892,392,16,'Yes',NULL,NULL,'2025-04-11 11:55:12','2025-04-11 11:55:12'),
(2893,392,17,'Yes',NULL,NULL,'2025-04-11 11:55:12','2025-04-11 11:55:12'),
(2894,392,18,'Yes',NULL,NULL,'2025-04-11 11:55:12','2025-04-11 11:55:12'),
(2895,393,1,'Yes','replaced breakaway leaking','/testing-docs/393/1.png','2025-04-11 12:30:40','2025-04-11 12:30:40'),
(2896,393,2,'Yes',NULL,NULL,'2025-04-11 12:30:41','2025-04-11 12:30:41'),
(2897,393,3,'Yes',NULL,NULL,'2025-04-11 12:30:42','2025-04-11 12:30:42'),
(2898,393,4,'Yes',NULL,NULL,'2025-04-11 12:30:42','2025-04-11 12:30:42'),
(2899,393,5,'Yes',NULL,NULL,'2025-04-11 12:30:43','2025-04-11 12:30:43'),
(2900,393,6,'Yes',NULL,NULL,'2025-04-11 12:30:44','2025-04-11 12:30:44'),
(2901,393,7,'No',NULL,NULL,'2025-04-11 12:30:44','2025-04-11 12:30:44'),
(2902,393,8,'No',NULL,NULL,'2025-04-11 12:30:45','2025-04-11 12:30:45'),
(2903,393,9,'Yes',NULL,NULL,'2025-04-11 12:30:45','2025-04-11 12:30:45'),
(2904,393,10,'No',NULL,NULL,'2025-04-11 12:30:45','2025-04-11 12:30:45'),
(2905,393,11,'Yes',NULL,NULL,'2025-04-11 12:30:46','2025-04-11 12:30:46'),
(2906,393,12,'Yes',NULL,NULL,'2025-04-11 12:30:46','2025-04-11 12:30:46'),
(2907,393,13,'Yes',NULL,NULL,'2025-04-11 12:30:47','2025-04-11 12:30:47'),
(2908,393,14,'Yes',NULL,NULL,'2025-04-11 12:30:48','2025-04-11 12:30:48'),
(2909,393,15,'Yes',NULL,NULL,'2025-04-11 12:30:48','2025-04-11 12:30:48'),
(2910,393,16,'Yes',NULL,NULL,'2025-04-11 12:30:49','2025-04-11 12:30:49'),
(2911,393,17,'Yes',NULL,NULL,'2025-04-11 12:30:50','2025-04-11 12:30:50'),
(2912,393,18,'Yes',NULL,NULL,'2025-04-11 12:30:50','2025-04-11 12:30:50'),
(2913,394,1,'Yes',NULL,'/testing-docs/394/1.png','2025-04-11 12:50:46','2025-04-11 12:50:46'),
(2914,394,2,'Yes',NULL,NULL,'2025-04-11 12:50:46','2025-04-11 12:50:46'),
(2915,394,3,'Yes',NULL,NULL,'2025-04-11 12:50:46','2025-04-11 12:50:46'),
(2916,394,4,'Yes',NULL,NULL,'2025-04-11 12:50:46','2025-04-11 12:50:46'),
(2917,394,5,'Yes',NULL,NULL,'2025-04-11 12:50:46','2025-04-11 12:50:46'),
(2918,394,6,'Yes',NULL,NULL,'2025-04-11 12:50:47','2025-04-11 12:50:47'),
(2919,394,7,'No',NULL,NULL,'2025-04-11 12:50:47','2025-04-11 12:50:47'),
(2920,394,8,'No',NULL,NULL,'2025-04-11 12:50:47','2025-04-11 12:50:47'),
(2921,394,9,'Yes',NULL,NULL,'2025-04-11 12:50:47','2025-04-11 12:50:47'),
(2922,394,10,'No',NULL,NULL,'2025-04-11 12:50:47','2025-04-11 12:50:47'),
(2923,394,11,'Yes',NULL,NULL,'2025-04-11 12:50:48','2025-04-11 12:50:48'),
(2924,394,12,'Yes',NULL,NULL,'2025-04-11 12:50:48','2025-04-11 12:50:48'),
(2925,394,13,'Yes',NULL,NULL,'2025-04-11 12:50:48','2025-04-11 12:50:48'),
(2926,394,14,'Yes',NULL,NULL,'2025-04-11 12:50:48','2025-04-11 12:50:48'),
(2927,394,15,'Yes',NULL,NULL,'2025-04-11 12:50:48','2025-04-11 12:50:48'),
(2928,394,16,'Yes',NULL,NULL,'2025-04-11 12:50:49','2025-04-11 12:50:49'),
(2929,394,17,'Yes',NULL,NULL,'2025-04-11 12:50:49','2025-04-11 12:50:49'),
(2930,394,18,'Yes',NULL,NULL,'2025-04-11 12:50:49','2025-04-11 12:50:49'),
(2931,395,1,'No',NULL,NULL,'2025-04-11 13:06:59','2025-04-11 13:06:59'),
(2932,395,2,'Yes',NULL,NULL,'2025-04-11 13:06:59','2025-04-11 13:06:59'),
(2933,395,3,'Yes',NULL,NULL,'2025-04-11 13:06:59','2025-04-11 13:06:59'),
(2934,395,4,'Yes',NULL,NULL,'2025-04-11 13:06:59','2025-04-11 13:06:59'),
(2935,395,5,'Yes',NULL,NULL,'2025-04-11 13:06:59','2025-04-11 13:06:59'),
(2936,395,6,'Yes','put on a new one',NULL,'2025-04-11 13:07:00','2025-04-11 13:07:00'),
(2937,395,7,'No',NULL,NULL,'2025-04-11 13:07:00','2025-04-11 13:07:00'),
(2938,395,8,'No',NULL,NULL,'2025-04-11 13:07:00','2025-04-11 13:07:00'),
(2939,395,9,'Yes',NULL,NULL,'2025-04-11 13:07:00','2025-04-11 13:07:00'),
(2940,395,10,'No',NULL,NULL,'2025-04-11 13:07:00','2025-04-11 13:07:00'),
(2941,395,11,'Yes',NULL,NULL,'2025-04-11 13:07:01','2025-04-11 13:07:01'),
(2942,395,12,'Yes',NULL,NULL,'2025-04-11 13:07:01','2025-04-11 13:07:01'),
(2943,395,13,'Yes',NULL,NULL,'2025-04-11 13:07:01','2025-04-11 13:07:01'),
(2944,395,14,'Yes',NULL,NULL,'2025-04-11 13:07:01','2025-04-11 13:07:01'),
(2945,395,15,'Yes',NULL,NULL,'2025-04-11 13:07:02','2025-04-11 13:07:02'),
(2946,395,16,'Yes',NULL,NULL,'2025-04-11 13:07:02','2025-04-11 13:07:02'),
(2947,395,17,'Yes',NULL,NULL,'2025-04-11 13:07:02','2025-04-11 13:07:02'),
(2948,395,18,'Yes',NULL,NULL,'2025-04-11 13:07:02','2025-04-11 13:07:02'),
(2949,396,1,'No',NULL,NULL,'2025-04-11 13:18:50','2025-04-11 13:18:50'),
(2950,396,2,'Yes',NULL,NULL,'2025-04-11 13:18:50','2025-04-11 13:18:50'),
(2951,396,3,'Yes',NULL,NULL,'2025-04-11 13:18:50','2025-04-11 13:18:50'),
(2952,396,4,'Yes',NULL,NULL,'2025-04-11 13:18:50','2025-04-11 13:18:50'),
(2953,396,5,'Yes',NULL,NULL,'2025-04-11 13:18:51','2025-04-11 13:18:51'),
(2954,396,6,'Yes',NULL,NULL,'2025-04-11 13:18:51','2025-04-11 13:18:51'),
(2955,396,7,'No',NULL,NULL,'2025-04-11 13:18:51','2025-04-11 13:18:51'),
(2956,396,8,'No',NULL,NULL,'2025-04-11 13:18:51','2025-04-11 13:18:51'),
(2957,396,9,'Yes',NULL,NULL,'2025-04-11 13:19:02','2025-04-11 13:19:02'),
(2958,396,10,'Yes',NULL,'/testing-docs/396/10.png','2025-04-11 13:19:03','2025-04-11 13:19:03'),
(2959,396,11,'Yes',NULL,NULL,'2025-04-11 13:19:03','2025-04-11 13:19:03'),
(2960,396,12,'Yes',NULL,NULL,'2025-04-11 13:19:04','2025-04-11 13:19:04'),
(2961,396,13,'Yes',NULL,NULL,'2025-04-11 13:19:04','2025-04-11 13:19:04'),
(2962,396,14,'Yes',NULL,NULL,'2025-04-11 13:19:04','2025-04-11 13:19:04'),
(2963,396,15,'Yes',NULL,NULL,'2025-04-11 13:19:04','2025-04-11 13:19:04'),
(2964,396,16,'Yes',NULL,NULL,'2025-04-11 13:19:04','2025-04-11 13:19:04'),
(2965,396,17,'Yes',NULL,NULL,'2025-04-11 13:19:04','2025-04-11 13:19:04'),
(2966,396,18,'Yes',NULL,NULL,'2025-04-11 13:19:05','2025-04-11 13:19:05'),
(2967,397,1,'No',NULL,NULL,'2025-04-11 13:29:48','2025-04-11 13:29:48'),
(2968,397,2,'Yes',NULL,NULL,'2025-04-11 13:29:48','2025-04-11 13:29:48'),
(2969,397,3,'Yes',NULL,NULL,'2025-04-11 13:29:48','2025-04-11 13:29:48'),
(2970,397,4,'Yes',NULL,NULL,'2025-04-11 13:29:48','2025-04-11 13:29:48'),
(2971,397,5,'Yes',NULL,NULL,'2025-04-11 13:29:48','2025-04-11 13:29:48'),
(2972,397,6,'Yes',NULL,NULL,'2025-04-11 13:29:48','2025-04-11 13:29:48'),
(2973,397,7,'No',NULL,NULL,'2025-04-11 13:29:49','2025-04-11 13:29:49'),
(2974,397,8,'No',NULL,NULL,'2025-04-11 13:29:49','2025-04-11 13:29:49'),
(2975,397,9,'Yes',NULL,NULL,'2025-04-11 13:29:49','2025-04-11 13:29:49'),
(2976,397,10,'No',NULL,NULL,'2025-04-11 13:29:49','2025-04-11 13:29:49'),
(2977,397,11,'Yes',NULL,NULL,'2025-04-11 13:29:49','2025-04-11 13:29:49'),
(2978,397,12,'Yes',NULL,NULL,'2025-04-11 13:29:50','2025-04-11 13:29:50'),
(2979,397,13,'Yes',NULL,NULL,'2025-04-11 13:29:50','2025-04-11 13:29:50'),
(2980,397,14,'Yes',NULL,NULL,'2025-04-11 13:29:50','2025-04-11 13:29:50'),
(2981,397,15,'Yes',NULL,NULL,'2025-04-11 13:29:50','2025-04-11 13:29:50'),
(2982,397,16,'Yes',NULL,NULL,'2025-04-11 13:29:50','2025-04-11 13:29:50'),
(2983,397,17,'Yes',NULL,NULL,'2025-04-11 13:29:51','2025-04-11 13:29:51'),
(2984,397,18,'Yes',NULL,NULL,'2025-04-11 13:29:51','2025-04-11 13:29:51'),
(2985,398,1,'No',NULL,NULL,'2025-04-11 14:00:35','2025-04-11 14:00:35'),
(2986,398,2,'Yes',NULL,NULL,'2025-04-11 14:00:35','2025-04-11 14:00:35'),
(2987,398,3,'Yes',NULL,NULL,'2025-04-11 14:00:35','2025-04-11 14:00:35'),
(2988,398,4,'Yes',NULL,NULL,'2025-04-11 14:00:36','2025-04-11 14:00:36'),
(2989,398,5,'Yes',NULL,NULL,'2025-04-11 14:00:36','2025-04-11 14:00:36'),
(2990,398,6,'Yes',NULL,NULL,'2025-04-11 14:00:36','2025-04-11 14:00:36'),
(2991,398,7,'No',NULL,NULL,'2025-04-11 14:00:36','2025-04-11 14:00:36'),
(2992,398,8,'No',NULL,NULL,'2025-04-11 14:00:36','2025-04-11 14:00:36'),
(2993,398,9,'Yes',NULL,NULL,'2025-04-11 14:00:37','2025-04-11 14:00:37'),
(2994,398,10,'No',NULL,NULL,'2025-04-11 14:00:37','2025-04-11 14:00:37'),
(2995,398,11,'Yes',NULL,NULL,'2025-04-11 14:00:37','2025-04-11 14:00:37'),
(2996,398,12,'Yes',NULL,NULL,'2025-04-11 14:00:37','2025-04-11 14:00:37'),
(2997,398,13,'Yes',NULL,NULL,'2025-04-11 14:00:37','2025-04-11 14:00:37'),
(2998,398,14,'Yes',NULL,NULL,'2025-04-11 14:00:38','2025-04-11 14:00:38'),
(2999,398,15,'Yes',NULL,NULL,'2025-04-11 14:00:38','2025-04-11 14:00:38'),
(3000,398,16,'Yes',NULL,NULL,'2025-04-11 14:00:38','2025-04-11 14:00:38'),
(3001,398,17,'Yes',NULL,NULL,'2025-04-11 14:00:38','2025-04-11 14:00:38'),
(3002,398,18,'Yes',NULL,NULL,'2025-04-11 14:00:38','2025-04-11 14:00:38'),
(3003,399,1,'No',NULL,NULL,'2025-04-11 14:02:16','2025-04-11 14:02:16'),
(3004,399,2,'Yes',NULL,NULL,'2025-04-11 14:02:16','2025-04-11 14:02:16'),
(3005,399,3,'Yes',NULL,NULL,'2025-04-11 14:02:16','2025-04-11 14:02:16'),
(3006,399,4,'Yes',NULL,NULL,'2025-04-11 14:02:16','2025-04-11 14:02:16'),
(3007,399,5,'Yes',NULL,NULL,'2025-04-11 14:02:16','2025-04-11 14:02:16'),
(3008,399,6,'Yes',NULL,NULL,'2025-04-11 14:02:17','2025-04-11 14:02:17'),
(3009,399,7,'No',NULL,NULL,'2025-04-11 14:02:17','2025-04-11 14:02:17'),
(3010,399,8,'No',NULL,NULL,'2025-04-11 14:02:17','2025-04-11 14:02:17'),
(3011,399,9,'Yes',NULL,NULL,'2025-04-11 14:02:17','2025-04-11 14:02:17'),
(3012,399,10,'No',NULL,NULL,'2025-04-11 14:02:17','2025-04-11 14:02:17'),
(3013,399,11,'Yes',NULL,NULL,'2025-04-11 14:02:18','2025-04-11 14:02:18'),
(3014,399,12,'Yes',NULL,NULL,'2025-04-11 14:02:18','2025-04-11 14:02:18'),
(3015,399,13,'Yes',NULL,NULL,'2025-04-11 14:02:18','2025-04-11 14:02:18'),
(3016,399,14,'Yes',NULL,NULL,'2025-04-11 14:02:18','2025-04-11 14:02:18'),
(3017,399,15,'Yes',NULL,NULL,'2025-04-11 14:02:19','2025-04-11 14:02:19'),
(3018,399,16,'Yes',NULL,NULL,'2025-04-11 14:02:19','2025-04-11 14:02:19'),
(3019,399,17,'Yes',NULL,NULL,'2025-04-11 14:02:19','2025-04-11 14:02:19'),
(3020,399,18,'Yes',NULL,NULL,'2025-04-11 14:02:19','2025-04-11 14:02:19'),
(3021,400,1,'No',NULL,NULL,'2025-04-11 14:16:30','2025-04-11 14:16:30'),
(3022,400,2,'Yes',NULL,NULL,'2025-04-11 14:16:30','2025-04-11 14:16:30'),
(3023,400,3,'No','all pumps','/testing-docs/400/3.png','2025-04-11 14:16:31','2025-04-11 14:16:31'),
(3024,400,4,'No','all pumps','/testing-docs/400/4.png','2025-04-11 14:16:31','2025-04-11 14:16:31'),
(3025,400,5,'No','all pumps','/testing-docs/400/5.png','2025-04-11 14:16:32','2025-04-11 14:16:32'),
(3026,400,6,'Yes',NULL,NULL,'2025-04-11 14:16:32','2025-04-11 14:16:32'),
(3027,400,7,'No',NULL,NULL,'2025-04-11 14:16:32','2025-04-11 14:16:32'),
(3028,400,8,'No',NULL,NULL,'2025-04-11 14:16:33','2025-04-11 14:16:33'),
(3029,400,9,'Yes',NULL,NULL,'2025-04-11 14:16:33','2025-04-11 14:16:33'),
(3030,400,10,'No',NULL,NULL,'2025-04-11 14:16:33','2025-04-11 14:16:33'),
(3031,400,11,'Yes',NULL,NULL,'2025-04-11 14:16:33','2025-04-11 14:16:33'),
(3032,400,12,'Yes',NULL,NULL,'2025-04-11 14:16:33','2025-04-11 14:16:33'),
(3033,400,13,'Yes',NULL,NULL,'2025-04-11 14:16:33','2025-04-11 14:16:33'),
(3034,400,14,'Yes',NULL,NULL,'2025-04-11 14:16:34','2025-04-11 14:16:34'),
(3035,400,15,'Yes',NULL,NULL,'2025-04-11 14:16:34','2025-04-11 14:16:34'),
(3036,400,16,'Yes',NULL,NULL,'2025-04-11 14:16:34','2025-04-11 14:16:34'),
(3037,400,17,'Yes',NULL,NULL,'2025-04-11 14:16:34','2025-04-11 14:16:34'),
(3038,400,18,'Yes',NULL,NULL,'2025-04-11 14:16:34','2025-04-11 14:16:34'),
(3039,401,1,'No',NULL,NULL,'2025-04-11 14:31:49','2025-04-11 14:31:49'),
(3040,401,2,'Yes',NULL,NULL,'2025-04-11 14:31:49','2025-04-11 14:31:49'),
(3041,401,3,'Yes',NULL,NULL,'2025-04-11 14:31:49','2025-04-11 14:31:49'),
(3042,401,4,'Yes',NULL,NULL,'2025-04-11 14:31:49','2025-04-11 14:31:49'),
(3043,401,5,'Yes',NULL,NULL,'2025-04-11 14:31:49','2025-04-11 14:31:49'),
(3044,401,6,'Yes',NULL,NULL,'2025-04-11 14:31:50','2025-04-11 14:31:50'),
(3045,401,7,'No',NULL,NULL,'2025-04-11 14:31:50','2025-04-11 14:31:50'),
(3046,401,8,'No',NULL,NULL,'2025-04-11 14:31:50','2025-04-11 14:31:50'),
(3047,401,9,'Yes',NULL,NULL,'2025-04-11 14:31:50','2025-04-11 14:31:50'),
(3048,401,10,'No',NULL,NULL,'2025-04-11 14:31:51','2025-04-11 14:31:51'),
(3049,401,11,'Yes',NULL,NULL,'2025-04-11 14:31:51','2025-04-11 14:31:51'),
(3050,401,12,'Yes',NULL,NULL,'2025-04-11 14:31:51','2025-04-11 14:31:51'),
(3051,401,13,'Yes',NULL,NULL,'2025-04-11 14:31:51','2025-04-11 14:31:51'),
(3052,401,14,'Yes',NULL,NULL,'2025-04-11 14:31:51','2025-04-11 14:31:51'),
(3053,401,15,'Yes',NULL,NULL,'2025-04-11 14:31:52','2025-04-11 14:31:52'),
(3054,401,16,'Yes',NULL,NULL,'2025-04-11 14:31:52','2025-04-11 14:31:52'),
(3055,401,17,'Yes',NULL,NULL,'2025-04-11 14:31:52','2025-04-11 14:31:52'),
(3056,401,18,'Yes',NULL,NULL,'2025-04-11 14:31:52','2025-04-11 14:31:52'),
(3057,402,1,'No','replaced swivel',NULL,'2025-04-11 15:00:13','2025-04-11 15:00:13'),
(3058,402,2,'Yes',NULL,NULL,'2025-04-11 15:00:13','2025-04-11 15:00:13'),
(3059,402,3,'Yes','replaced two 87 stickers',NULL,'2025-04-11 15:00:13','2025-04-11 15:00:13'),
(3060,402,4,'Yes',NULL,NULL,'2025-04-11 15:00:14','2025-04-11 15:00:14'),
(3061,402,5,'Yes',NULL,NULL,'2025-04-11 15:00:14','2025-04-11 15:00:14'),
(3062,402,6,'Yes',NULL,NULL,'2025-04-11 15:00:14','2025-04-11 15:00:14'),
(3063,402,7,'No',NULL,NULL,'2025-04-11 15:00:22','2025-04-11 15:00:22'),
(3064,402,8,'No',NULL,NULL,'2025-04-11 15:00:22','2025-04-11 15:00:22'),
(3065,402,9,'Yes',NULL,NULL,'2025-04-11 15:00:22','2025-04-11 15:00:22'),
(3066,402,10,'No',NULL,NULL,'2025-04-11 15:00:23','2025-04-11 15:00:23'),
(3067,402,11,'Yes',NULL,NULL,'2025-04-11 15:00:23','2025-04-11 15:00:23'),
(3068,402,12,'Yes',NULL,NULL,'2025-04-11 15:00:23','2025-04-11 15:00:23'),
(3069,402,13,'Yes',NULL,NULL,'2025-04-11 15:00:23','2025-04-11 15:00:23'),
(3070,402,14,'Yes',NULL,NULL,'2025-04-11 15:00:23','2025-04-11 15:00:23'),
(3071,402,15,'Yes',NULL,NULL,'2025-04-11 15:00:24','2025-04-11 15:00:24'),
(3072,402,16,'Yes',NULL,NULL,'2025-04-11 15:00:24','2025-04-11 15:00:24'),
(3073,402,17,'Yes',NULL,NULL,'2025-04-11 15:00:24','2025-04-11 15:00:24'),
(3074,402,18,'Yes',NULL,NULL,'2025-04-11 15:00:24','2025-04-11 15:00:24'),
(3075,403,1,'No',NULL,NULL,'2025-04-11 15:15:26','2025-04-11 15:15:26'),
(3076,403,2,'Yes',NULL,NULL,'2025-04-11 15:15:26','2025-04-11 15:15:26'),
(3077,403,3,'Yes',NULL,NULL,'2025-04-11 15:15:26','2025-04-11 15:15:26'),
(3078,403,4,'Yes',NULL,NULL,'2025-04-11 15:15:26','2025-04-11 15:15:26'),
(3079,403,5,'Yes',NULL,NULL,'2025-04-11 15:15:27','2025-04-11 15:15:27'),
(3080,403,6,'Yes',NULL,NULL,'2025-04-11 15:15:27','2025-04-11 15:15:27'),
(3081,403,7,'No',NULL,NULL,'2025-04-11 15:15:27','2025-04-11 15:15:27'),
(3082,403,8,'No',NULL,NULL,'2025-04-11 15:15:27','2025-04-11 15:15:27'),
(3083,403,9,'Yes',NULL,NULL,'2025-04-11 15:15:27','2025-04-11 15:15:27'),
(3084,403,10,'No',NULL,NULL,'2025-04-11 15:15:28','2025-04-11 15:15:28'),
(3085,403,11,'Yes',NULL,NULL,'2025-04-11 15:15:28','2025-04-11 15:15:28'),
(3086,403,12,'Yes',NULL,NULL,'2025-04-11 15:15:28','2025-04-11 15:15:28'),
(3087,403,13,'Yes',NULL,NULL,'2025-04-11 15:15:28','2025-04-11 15:15:28'),
(3088,403,14,'Yes',NULL,NULL,'2025-04-11 15:15:28','2025-04-11 15:15:28'),
(3089,403,15,'Yes',NULL,NULL,'2025-04-11 15:15:29','2025-04-11 15:15:29'),
(3090,403,16,'Yes',NULL,NULL,'2025-04-11 15:15:29','2025-04-11 15:15:29'),
(3091,403,17,'Yes',NULL,NULL,'2025-04-11 15:15:29','2025-04-11 15:15:29'),
(3092,403,18,'Yes',NULL,NULL,'2025-04-11 15:15:29','2025-04-11 15:15:29'),
(3111,405,1,'No',NULL,NULL,'2025-04-17 11:55:27','2025-04-17 11:55:27'),
(3112,405,2,'Yes',NULL,NULL,'2025-04-17 11:55:27','2025-04-17 11:55:27'),
(3113,405,3,'Yes',NULL,NULL,'2025-04-17 11:55:27','2025-04-17 11:55:27'),
(3114,405,4,'Yes',NULL,NULL,'2025-04-17 11:55:28','2025-04-17 11:55:28'),
(3115,405,5,'Yes',NULL,NULL,'2025-04-17 11:55:28','2025-04-17 11:55:28'),
(3116,405,6,'Yes',NULL,NULL,'2025-04-17 11:55:28','2025-04-17 11:55:28'),
(3117,405,7,'No',NULL,NULL,'2025-04-17 11:55:28','2025-04-17 11:55:28'),
(3118,405,8,'No',NULL,NULL,'2025-04-17 11:55:28','2025-04-17 11:55:28'),
(3119,405,9,'Yes',NULL,NULL,'2025-04-17 11:55:29','2025-04-17 11:55:29'),
(3120,405,10,'No',NULL,NULL,'2025-04-17 11:55:29','2025-04-17 11:55:29'),
(3121,405,11,'Yes',NULL,NULL,'2025-04-17 11:55:29','2025-04-17 11:55:29'),
(3122,405,12,'Yes',NULL,NULL,'2025-04-17 11:55:29','2025-04-17 11:55:29'),
(3123,405,13,'Yes',NULL,NULL,'2025-04-17 11:55:30','2025-04-17 11:55:30'),
(3124,405,14,'Yes',NULL,NULL,'2025-04-17 11:55:30','2025-04-17 11:55:30'),
(3125,405,15,'Yes',NULL,NULL,'2025-04-17 11:55:30','2025-04-17 11:55:30'),
(3126,405,16,'Yes',NULL,NULL,'2025-04-17 11:55:30','2025-04-17 11:55:30'),
(3127,405,17,'Yes',NULL,NULL,'2025-04-17 11:55:30','2025-04-17 11:55:30'),
(3128,405,18,'Yes',NULL,NULL,'2025-04-17 11:55:31','2025-04-17 11:55:31'),
(3129,406,1,'No',NULL,NULL,'2025-04-17 12:16:11','2025-04-17 12:16:11'),
(3130,406,2,'Yes',NULL,NULL,'2025-04-17 12:16:11','2025-04-17 12:16:11'),
(3131,406,3,'Yes',NULL,NULL,'2025-04-17 12:16:11','2025-04-17 12:16:11'),
(3132,406,4,'Yes',NULL,NULL,'2025-04-17 12:16:11','2025-04-17 12:16:11'),
(3133,406,5,'N/A','manager going to get them',NULL,'2025-04-17 12:16:36','2025-04-17 12:16:36'),
(3134,406,6,'Yes',NULL,NULL,'2025-04-17 12:16:36','2025-04-17 12:16:36'),
(3135,406,7,'No',NULL,NULL,'2025-04-17 12:16:36','2025-04-17 12:16:36'),
(3136,406,8,'No',NULL,NULL,'2025-04-17 12:16:36','2025-04-17 12:16:36'),
(3137,406,9,'Yes',NULL,NULL,'2025-04-17 12:16:36','2025-04-17 12:16:36'),
(3138,406,10,'No',NULL,NULL,'2025-04-17 12:16:37','2025-04-17 12:16:37'),
(3139,406,11,'Yes',NULL,NULL,'2025-04-17 12:16:37','2025-04-17 12:16:37'),
(3140,406,12,'Yes',NULL,NULL,'2025-04-17 12:16:37','2025-04-17 12:16:37'),
(3141,406,13,'Yes',NULL,NULL,'2025-04-17 12:16:37','2025-04-17 12:16:37'),
(3142,406,14,'Yes',NULL,NULL,'2025-04-17 12:16:37','2025-04-17 12:16:37'),
(3143,406,15,'Yes',NULL,NULL,'2025-04-17 12:16:38','2025-04-17 12:16:38'),
(3144,406,16,'Yes',NULL,NULL,'2025-04-17 12:16:38','2025-04-17 12:16:38'),
(3145,406,17,'Yes',NULL,NULL,'2025-04-17 12:16:38','2025-04-17 12:16:38'),
(3146,406,18,'Yes',NULL,NULL,'2025-04-17 12:16:38','2025-04-17 12:16:38'),
(3147,407,1,'No',NULL,NULL,'2025-04-17 12:26:20','2025-04-17 12:26:20'),
(3148,407,2,'Yes',NULL,NULL,'2025-04-17 12:26:20','2025-04-17 12:26:20'),
(3149,407,3,'Yes',NULL,NULL,'2025-04-17 12:26:20','2025-04-17 12:26:20'),
(3150,407,4,'Yes',NULL,NULL,'2025-04-17 12:26:20','2025-04-17 12:26:20'),
(3151,407,5,'No',NULL,'/testing-docs/407/5.png','2025-04-17 12:26:46','2025-04-17 12:26:46'),
(3152,407,6,'Yes',NULL,NULL,'2025-04-17 12:26:46','2025-04-17 12:26:46'),
(3153,407,7,'No',NULL,NULL,'2025-04-17 12:26:47','2025-04-17 12:26:47'),
(3154,407,8,'No',NULL,NULL,'2025-04-17 12:26:47','2025-04-17 12:26:47'),
(3155,407,9,'Yes',NULL,NULL,'2025-04-17 12:26:47','2025-04-17 12:26:47'),
(3156,407,10,'No',NULL,NULL,'2025-04-17 12:26:54','2025-04-17 12:26:54'),
(3157,407,11,'Yes',NULL,NULL,'2025-04-17 12:26:55','2025-04-17 12:26:55'),
(3158,407,12,'Yes',NULL,NULL,'2025-04-17 12:26:55','2025-04-17 12:26:55'),
(3159,407,13,'Yes',NULL,NULL,'2025-04-17 12:26:55','2025-04-17 12:26:55'),
(3160,407,14,'Yes',NULL,NULL,'2025-04-17 12:26:55','2025-04-17 12:26:55'),
(3161,407,15,'Yes',NULL,NULL,'2025-04-17 12:26:55','2025-04-17 12:26:55'),
(3162,407,16,'Yes',NULL,NULL,'2025-04-17 12:26:56','2025-04-17 12:26:56'),
(3163,407,17,'Yes',NULL,NULL,'2025-04-17 12:26:56','2025-04-17 12:26:56'),
(3164,407,18,'Yes',NULL,NULL,'2025-04-17 12:26:56','2025-04-17 12:26:56'),
(3165,408,1,'No',NULL,NULL,'2025-04-17 12:36:17','2025-04-17 12:36:17'),
(3166,408,2,'Yes',NULL,NULL,'2025-04-17 12:36:17','2025-04-17 12:36:17'),
(3167,408,3,'Yes',NULL,NULL,'2025-04-17 12:36:17','2025-04-17 12:36:17'),
(3168,408,4,'Yes',NULL,NULL,'2025-04-17 12:36:18','2025-04-17 12:36:18'),
(3169,408,5,'Yes',NULL,NULL,'2025-04-17 12:36:18','2025-04-17 12:36:18'),
(3170,408,6,'Yes',NULL,NULL,'2025-04-17 12:36:18','2025-04-17 12:36:18'),
(3171,408,7,'No',NULL,NULL,'2025-04-17 12:36:18','2025-04-17 12:36:18'),
(3172,408,8,'No',NULL,NULL,'2025-04-17 12:36:19','2025-04-17 12:36:19'),
(3173,408,9,'Yes',NULL,NULL,'2025-04-17 12:36:19','2025-04-17 12:36:19'),
(3174,408,10,'No',NULL,NULL,'2025-04-17 12:36:19','2025-04-17 12:36:19'),
(3175,408,11,'Yes',NULL,NULL,'2025-04-17 12:36:19','2025-04-17 12:36:19'),
(3176,408,12,'Yes',NULL,NULL,'2025-04-17 12:36:19','2025-04-17 12:36:19'),
(3177,408,13,'Yes',NULL,NULL,'2025-04-17 12:36:20','2025-04-17 12:36:20'),
(3178,408,14,'Yes',NULL,NULL,'2025-04-17 12:36:20','2025-04-17 12:36:20'),
(3179,408,15,'Yes',NULL,NULL,'2025-04-17 12:36:20','2025-04-17 12:36:20'),
(3180,408,16,'Yes',NULL,NULL,'2025-04-17 12:36:20','2025-04-17 12:36:20'),
(3181,408,17,'Yes',NULL,NULL,'2025-04-17 12:36:20','2025-04-17 12:36:20'),
(3182,408,18,'Yes',NULL,NULL,'2025-04-17 12:36:21','2025-04-17 12:36:21'),
(3183,409,1,'No',NULL,NULL,'2025-04-17 13:16:06','2025-04-17 13:16:06'),
(3184,409,2,'Yes',NULL,NULL,'2025-04-17 13:16:06','2025-04-17 13:16:06'),
(3185,409,3,'Yes',NULL,NULL,'2025-04-17 13:16:06','2025-04-17 13:16:06'),
(3186,409,4,'Yes',NULL,NULL,'2025-04-17 13:16:06','2025-04-17 13:16:06'),
(3187,409,5,'Yes',NULL,NULL,'2025-04-17 13:16:06','2025-04-17 13:16:06'),
(3188,409,6,'Yes',NULL,NULL,'2025-04-17 13:16:07','2025-04-17 13:16:07'),
(3189,409,7,'No',NULL,NULL,'2025-04-17 13:16:07','2025-04-17 13:16:07'),
(3190,409,8,'No',NULL,NULL,'2025-04-17 13:16:07','2025-04-17 13:16:07'),
(3191,409,9,'Yes',NULL,NULL,'2025-04-17 13:16:07','2025-04-17 13:16:07'),
(3192,409,10,'No',NULL,NULL,'2025-04-17 13:16:08','2025-04-17 13:16:08'),
(3193,409,11,'Yes',NULL,NULL,'2025-04-17 13:16:08','2025-04-17 13:16:08'),
(3194,409,12,'Yes',NULL,NULL,'2025-04-17 13:16:08','2025-04-17 13:16:08'),
(3195,409,13,'Yes',NULL,NULL,'2025-04-17 13:16:08','2025-04-17 13:16:08'),
(3196,409,14,'Yes',NULL,NULL,'2025-04-17 13:16:08','2025-04-17 13:16:08'),
(3197,409,15,'Yes',NULL,NULL,'2025-04-17 13:16:09','2025-04-17 13:16:09'),
(3198,409,16,'Yes',NULL,NULL,'2025-04-17 13:16:09','2025-04-17 13:16:09'),
(3199,409,17,'Yes',NULL,NULL,'2025-04-17 13:16:09','2025-04-17 13:16:09'),
(3200,409,18,'Yes',NULL,NULL,'2025-04-17 13:16:09','2025-04-17 13:16:09'),
(3201,410,1,'No',NULL,NULL,'2025-04-17 13:31:14','2025-04-17 13:31:14'),
(3202,410,2,'Yes',NULL,NULL,'2025-04-17 13:31:14','2025-04-17 13:31:14'),
(3203,410,3,'Yes',NULL,NULL,'2025-04-17 13:31:15','2025-04-17 13:31:15'),
(3204,410,4,'Yes',NULL,NULL,'2025-04-17 13:31:15','2025-04-17 13:31:15'),
(3205,410,5,'Yes',NULL,NULL,'2025-04-17 13:31:15','2025-04-17 13:31:15'),
(3206,410,6,'Yes',NULL,NULL,'2025-04-17 13:31:15','2025-04-17 13:31:15'),
(3207,410,7,'No',NULL,NULL,'2025-04-17 13:31:15','2025-04-17 13:31:15'),
(3208,410,8,'No',NULL,NULL,'2025-04-17 13:31:25','2025-04-17 13:31:25'),
(3209,410,9,'Yes',NULL,NULL,'2025-04-17 13:31:25','2025-04-17 13:31:25'),
(3210,410,10,'No',NULL,NULL,'2025-04-17 13:31:25','2025-04-17 13:31:25'),
(3211,410,11,'Yes',NULL,NULL,'2025-04-17 13:31:25','2025-04-17 13:31:25'),
(3212,410,12,'Yes',NULL,NULL,'2025-04-17 13:31:26','2025-04-17 13:31:26'),
(3213,410,13,'Yes',NULL,NULL,'2025-04-17 13:31:26','2025-04-17 13:31:26'),
(3214,410,14,'Yes',NULL,NULL,'2025-04-17 13:31:26','2025-04-17 13:31:26'),
(3215,410,15,'Yes',NULL,NULL,'2025-04-17 13:31:26','2025-04-17 13:31:26'),
(3216,410,16,'Yes',NULL,NULL,'2025-04-17 13:31:27','2025-04-17 13:31:27'),
(3217,410,17,'Yes',NULL,NULL,'2025-04-17 13:31:27','2025-04-17 13:31:27'),
(3218,410,18,'Yes',NULL,NULL,'2025-04-17 13:31:27','2025-04-17 13:31:27'),
(3219,411,1,'No',NULL,NULL,'2025-04-17 13:59:06','2025-04-17 13:59:06'),
(3220,411,2,'Yes',NULL,NULL,'2025-04-17 13:59:06','2025-04-17 13:59:06'),
(3221,411,3,'Yes',NULL,NULL,'2025-04-17 13:59:06','2025-04-17 13:59:06'),
(3222,411,4,'Yes',NULL,NULL,'2025-04-17 13:59:06','2025-04-17 13:59:06'),
(3223,411,5,'Yes',NULL,NULL,'2025-04-17 13:59:07','2025-04-17 13:59:07'),
(3224,411,6,'Yes',NULL,NULL,'2025-04-17 13:59:07','2025-04-17 13:59:07'),
(3225,411,7,'No',NULL,NULL,'2025-04-17 13:59:07','2025-04-17 13:59:07'),
(3226,411,8,'No',NULL,NULL,'2025-04-17 13:59:07','2025-04-17 13:59:07'),
(3227,411,9,'Yes',NULL,NULL,'2025-04-17 13:59:07','2025-04-17 13:59:07'),
(3228,411,10,'No',NULL,NULL,'2025-04-17 13:59:08','2025-04-17 13:59:08'),
(3229,411,11,'Yes',NULL,NULL,'2025-04-17 13:59:08','2025-04-17 13:59:08'),
(3230,411,12,'Yes',NULL,NULL,'2025-04-17 13:59:08','2025-04-17 13:59:08'),
(3231,411,13,'Yes',NULL,NULL,'2025-04-17 13:59:08','2025-04-17 13:59:08'),
(3232,411,14,'Yes',NULL,NULL,'2025-04-17 13:59:09','2025-04-17 13:59:09'),
(3233,411,15,'Yes',NULL,NULL,'2025-04-17 13:59:09','2025-04-17 13:59:09'),
(3234,411,16,'Yes',NULL,NULL,'2025-04-17 13:59:09','2025-04-17 13:59:09'),
(3235,411,17,'Yes',NULL,NULL,'2025-04-17 13:59:09','2025-04-17 13:59:09'),
(3236,411,18,'Yes',NULL,NULL,'2025-04-17 13:59:09','2025-04-17 13:59:09'),
(3237,412,1,'No',NULL,NULL,'2025-04-17 14:14:43','2025-04-17 14:14:43'),
(3238,412,2,'Yes',NULL,NULL,'2025-04-17 14:14:43','2025-04-17 14:14:43'),
(3239,412,3,'Yes',NULL,NULL,'2025-04-17 14:14:43','2025-04-17 14:14:43'),
(3240,412,4,'Yes',NULL,NULL,'2025-04-17 14:14:43','2025-04-17 14:14:43'),
(3241,412,5,'Yes',NULL,NULL,'2025-04-17 14:14:43','2025-04-17 14:14:43'),
(3242,412,6,'Yes',NULL,NULL,'2025-04-17 14:14:44','2025-04-17 14:14:44'),
(3243,412,7,'No',NULL,NULL,'2025-04-17 14:14:44','2025-04-17 14:14:44'),
(3244,412,8,'No',NULL,NULL,'2025-04-17 14:14:44','2025-04-17 14:14:44'),
(3245,412,9,'Yes',NULL,NULL,'2025-04-17 14:14:44','2025-04-17 14:14:44'),
(3246,412,10,'No',NULL,NULL,'2025-04-17 14:14:44','2025-04-17 14:14:44'),
(3247,412,11,'No','super cap broken','/testing-docs/412/11.png','2025-04-17 14:14:45','2025-04-17 14:14:45'),
(3248,412,12,'Yes',NULL,NULL,'2025-04-17 14:14:45','2025-04-17 14:14:45'),
(3249,412,13,'Yes',NULL,NULL,'2025-04-17 14:14:46','2025-04-17 14:14:46'),
(3250,412,14,'Yes',NULL,NULL,'2025-04-17 14:14:46','2025-04-17 14:14:46'),
(3251,412,15,'Yes',NULL,NULL,'2025-04-17 14:14:46','2025-04-17 14:14:46'),
(3252,412,16,'Yes',NULL,NULL,'2025-04-17 14:14:46','2025-04-17 14:14:46'),
(3253,412,17,'Yes',NULL,NULL,'2025-04-17 14:14:47','2025-04-17 14:14:47'),
(3254,412,18,'Yes',NULL,NULL,'2025-04-17 14:14:47','2025-04-17 14:14:47'),
(3255,413,1,'No',NULL,NULL,'2025-04-17 14:26:10','2025-04-17 14:26:10'),
(3256,413,2,'Yes',NULL,NULL,'2025-04-17 14:26:10','2025-04-17 14:26:10'),
(3257,413,3,'Yes',NULL,NULL,'2025-04-17 14:26:10','2025-04-17 14:26:10'),
(3258,413,4,'Yes',NULL,NULL,'2025-04-17 14:26:10','2025-04-17 14:26:10'),
(3259,413,5,'Yes',NULL,NULL,'2025-04-17 14:26:11','2025-04-17 14:26:11'),
(3260,413,6,'Yes',NULL,NULL,'2025-04-17 14:26:11','2025-04-17 14:26:11'),
(3261,413,7,'No',NULL,NULL,'2025-04-17 14:26:11','2025-04-17 14:26:11'),
(3262,413,8,'No',NULL,NULL,'2025-04-17 14:26:11','2025-04-17 14:26:11'),
(3263,413,9,'Yes',NULL,NULL,'2025-04-17 14:26:11','2025-04-17 14:26:11'),
(3264,413,10,'No',NULL,NULL,'2025-04-17 14:26:12','2025-04-17 14:26:12'),
(3265,413,11,'Yes',NULL,NULL,'2025-04-17 14:26:12','2025-04-17 14:26:12'),
(3266,413,12,'Yes',NULL,NULL,'2025-04-17 14:26:12','2025-04-17 14:26:12'),
(3267,413,13,'Yes',NULL,NULL,'2025-04-17 14:26:12','2025-04-17 14:26:12'),
(3268,413,14,'Yes',NULL,NULL,'2025-04-17 14:26:13','2025-04-17 14:26:13'),
(3269,413,15,'Yes',NULL,NULL,'2025-04-17 14:26:13','2025-04-17 14:26:13'),
(3270,413,16,'Yes',NULL,NULL,'2025-04-17 14:26:13','2025-04-17 14:26:13'),
(3271,413,17,'Yes',NULL,NULL,'2025-04-17 14:26:13','2025-04-17 14:26:13'),
(3272,413,18,'Yes',NULL,NULL,'2025-04-17 14:26:13','2025-04-17 14:26:13'),
(3273,414,1,'No',NULL,NULL,'2025-04-17 14:59:44','2025-04-17 14:59:44'),
(3274,414,2,'Yes',NULL,NULL,'2025-04-17 14:59:44','2025-04-17 14:59:44'),
(3275,414,3,'Yes',NULL,NULL,'2025-04-17 14:59:45','2025-04-17 14:59:45'),
(3276,414,4,'Yes',NULL,NULL,'2025-04-17 14:59:45','2025-04-17 14:59:45'),
(3277,414,5,'Yes',NULL,NULL,'2025-04-17 14:59:45','2025-04-17 14:59:45'),
(3278,414,6,'Yes',NULL,NULL,'2025-04-17 14:59:45','2025-04-17 14:59:45'),
(3279,414,7,'No',NULL,NULL,'2025-04-17 14:59:45','2025-04-17 14:59:45'),
(3280,414,8,'No',NULL,NULL,'2025-04-17 14:59:46','2025-04-17 14:59:46'),
(3281,414,9,'Yes',NULL,NULL,'2025-04-17 14:59:46','2025-04-17 14:59:46'),
(3282,414,10,'No',NULL,NULL,'2025-04-17 14:59:46','2025-04-17 14:59:46'),
(3283,414,11,'Yes',NULL,NULL,'2025-04-17 14:59:46','2025-04-17 14:59:46'),
(3284,414,12,'Yes',NULL,NULL,'2025-04-17 14:59:46','2025-04-17 14:59:46'),
(3285,414,13,'Yes',NULL,NULL,'2025-04-17 14:59:47','2025-04-17 14:59:47'),
(3286,414,14,'Yes',NULL,NULL,'2025-04-17 14:59:47','2025-04-17 14:59:47'),
(3287,414,15,'Yes',NULL,NULL,'2025-04-17 14:59:47','2025-04-17 14:59:47'),
(3288,414,16,'Yes',NULL,NULL,'2025-04-17 14:59:47','2025-04-17 14:59:47'),
(3289,414,17,'Yes',NULL,NULL,'2025-04-17 14:59:47','2025-04-17 14:59:47'),
(3290,414,18,'Yes',NULL,NULL,'2025-04-17 14:59:48','2025-04-17 14:59:48'),
(3291,415,1,'No',NULL,NULL,'2025-04-17 15:36:05','2025-04-17 15:36:05'),
(3292,415,2,'Yes',NULL,NULL,'2025-04-17 15:36:05','2025-04-17 15:36:05'),
(3293,415,3,'Yes',NULL,NULL,'2025-04-17 15:36:05','2025-04-17 15:36:05'),
(3294,415,4,'Yes',NULL,NULL,'2025-04-17 15:36:05','2025-04-17 15:36:05'),
(3295,415,5,'Yes',NULL,NULL,'2025-04-17 15:36:06','2025-04-17 15:36:06'),
(3296,415,6,'Yes',NULL,NULL,'2025-04-17 15:36:06','2025-04-17 15:36:06'),
(3297,415,7,'No',NULL,NULL,'2025-04-17 15:36:06','2025-04-17 15:36:06'),
(3298,415,8,'No',NULL,NULL,'2025-04-17 15:36:06','2025-04-17 15:36:06'),
(3299,415,9,'Yes',NULL,NULL,'2025-04-17 15:36:07','2025-04-17 15:36:07'),
(3300,415,10,'No',NULL,NULL,'2025-04-17 15:36:07','2025-04-17 15:36:07'),
(3301,415,11,'Yes',NULL,NULL,'2025-04-17 15:36:07','2025-04-17 15:36:07'),
(3302,415,12,'Yes',NULL,NULL,'2025-04-17 15:36:07','2025-04-17 15:36:07'),
(3303,415,13,'Yes',NULL,NULL,'2025-04-17 15:36:08','2025-04-17 15:36:08'),
(3304,415,14,'Yes',NULL,NULL,'2025-04-17 15:36:08','2025-04-17 15:36:08'),
(3305,415,15,'Yes',NULL,NULL,'2025-04-17 15:36:08','2025-04-17 15:36:08'),
(3306,415,16,'Yes',NULL,NULL,'2025-04-17 15:36:08','2025-04-17 15:36:08'),
(3307,415,17,'Yes',NULL,NULL,'2025-04-17 15:36:09','2025-04-17 15:36:09'),
(3308,415,18,'Yes',NULL,NULL,'2025-04-17 15:36:09','2025-04-17 15:36:09'),
(3309,416,1,'No',NULL,NULL,'2025-04-17 15:49:46','2025-04-17 15:49:46'),
(3310,416,2,'Yes',NULL,NULL,'2025-04-17 15:49:46','2025-04-17 15:49:46'),
(3311,416,3,'Yes',NULL,NULL,'2025-04-17 15:49:47','2025-04-17 15:49:47'),
(3312,416,4,'Yes',NULL,NULL,'2025-04-17 15:49:47','2025-04-17 15:49:47'),
(3313,416,5,'Yes',NULL,NULL,'2025-04-17 15:49:47','2025-04-17 15:49:47'),
(3314,416,6,'Yes',NULL,NULL,'2025-04-17 15:49:47','2025-04-17 15:49:47'),
(3315,416,7,'No',NULL,NULL,'2025-04-17 15:49:47','2025-04-17 15:49:47'),
(3316,416,8,'No',NULL,NULL,'2025-04-17 15:49:48','2025-04-17 15:49:48'),
(3317,416,9,'Yes',NULL,NULL,'2025-04-17 15:49:48','2025-04-17 15:49:48'),
(3318,416,10,'No',NULL,NULL,'2025-04-17 15:49:48','2025-04-17 15:49:48'),
(3319,416,11,'Yes',NULL,NULL,'2025-04-17 15:49:48','2025-04-17 15:49:48'),
(3320,416,12,'Yes',NULL,NULL,'2025-04-17 15:49:49','2025-04-17 15:49:49'),
(3321,416,13,'Yes',NULL,NULL,'2025-04-17 15:49:49','2025-04-17 15:49:49'),
(3322,416,14,'Yes',NULL,NULL,'2025-04-17 15:49:49','2025-04-17 15:49:49'),
(3323,416,15,'Yes',NULL,NULL,'2025-04-17 15:49:49','2025-04-17 15:49:49'),
(3324,416,16,'Yes',NULL,NULL,'2025-04-17 15:49:49','2025-04-17 15:49:49'),
(3325,416,17,'Yes',NULL,NULL,'2025-04-17 15:49:50','2025-04-17 15:49:50'),
(3326,416,18,'Yes',NULL,NULL,'2025-04-17 15:49:50','2025-04-17 15:49:50'),
(3327,417,1,'No',NULL,NULL,'2025-04-17 15:59:52','2025-04-17 15:59:52'),
(3328,417,2,'Yes',NULL,NULL,'2025-04-17 15:59:52','2025-04-17 15:59:52'),
(3329,417,3,'Yes',NULL,NULL,'2025-04-17 15:59:52','2025-04-17 15:59:52'),
(3330,417,4,'Yes',NULL,NULL,'2025-04-17 15:59:53','2025-04-17 15:59:53'),
(3331,417,5,'No','informed about stickers','/testing-docs/417/5.png','2025-04-17 15:59:53','2025-04-17 15:59:53'),
(3332,417,6,'Yes',NULL,NULL,'2025-04-17 15:59:54','2025-04-17 15:59:54'),
(3333,417,7,'No',NULL,NULL,'2025-04-17 15:59:54','2025-04-17 15:59:54'),
(3334,417,8,'No',NULL,NULL,'2025-04-17 15:59:54','2025-04-17 15:59:54'),
(3335,417,9,'Yes',NULL,NULL,'2025-04-17 15:59:54','2025-04-17 15:59:54'),
(3336,417,10,'No',NULL,NULL,'2025-04-17 15:59:54','2025-04-17 15:59:54'),
(3337,417,11,'Yes',NULL,NULL,'2025-04-17 15:59:55','2025-04-17 15:59:55'),
(3338,417,12,'Yes',NULL,NULL,'2025-04-17 15:59:55','2025-04-17 15:59:55'),
(3339,417,13,'Yes',NULL,NULL,'2025-04-17 15:59:55','2025-04-17 15:59:55'),
(3340,417,14,'Yes',NULL,NULL,'2025-04-17 15:59:55','2025-04-17 15:59:55'),
(3341,417,15,'Yes',NULL,NULL,'2025-04-17 15:59:55','2025-04-17 15:59:55'),
(3342,417,16,'Yes',NULL,NULL,'2025-04-17 15:59:55','2025-04-17 15:59:55'),
(3343,417,17,'Yes',NULL,NULL,'2025-04-17 15:59:56','2025-04-17 15:59:56'),
(3344,417,18,'Yes',NULL,NULL,'2025-04-17 15:59:56','2025-04-17 15:59:56'),
(3345,418,1,'No',NULL,NULL,'2025-04-17 16:14:27','2025-04-17 16:14:27'),
(3346,418,2,'Yes',NULL,NULL,'2025-04-17 16:14:27','2025-04-17 16:14:27'),
(3347,418,3,'Yes',NULL,NULL,'2025-04-17 16:14:27','2025-04-17 16:14:27'),
(3348,418,4,'Yes',NULL,NULL,'2025-04-17 16:14:28','2025-04-17 16:14:28'),
(3349,418,5,'Yes',NULL,NULL,'2025-04-17 16:14:28','2025-04-17 16:14:28'),
(3350,418,6,'Yes',NULL,NULL,'2025-04-17 16:14:28','2025-04-17 16:14:28'),
(3351,418,7,'No',NULL,NULL,'2025-04-17 16:14:28','2025-04-17 16:14:28'),
(3352,418,8,'No',NULL,NULL,'2025-04-17 16:14:36','2025-04-17 16:14:36'),
(3353,418,9,'Yes',NULL,NULL,'2025-04-17 16:14:37','2025-04-17 16:14:37'),
(3354,418,10,'No',NULL,NULL,'2025-04-17 16:14:37','2025-04-17 16:14:37'),
(3355,418,11,'Yes',NULL,NULL,'2025-04-17 16:14:37','2025-04-17 16:14:37'),
(3356,418,12,'Yes',NULL,NULL,'2025-04-17 16:14:37','2025-04-17 16:14:37'),
(3357,418,13,'Yes',NULL,NULL,'2025-04-17 16:14:37','2025-04-17 16:14:37'),
(3358,418,14,'Yes',NULL,NULL,'2025-04-17 16:14:38','2025-04-17 16:14:38'),
(3359,418,15,'Yes',NULL,NULL,'2025-04-17 16:14:38','2025-04-17 16:14:38'),
(3360,418,16,'Yes',NULL,NULL,'2025-04-17 16:14:38','2025-04-17 16:14:38'),
(3361,418,17,'Yes',NULL,NULL,'2025-04-17 16:14:38','2025-04-17 16:14:38'),
(3362,418,18,'Yes',NULL,NULL,'2025-04-17 16:14:38','2025-04-17 16:14:38'),
(3363,419,1,'No',NULL,NULL,'2025-04-17 16:57:22','2025-04-17 16:57:22'),
(3364,419,2,'Yes',NULL,NULL,'2025-04-17 16:57:22','2025-04-17 16:57:22'),
(3365,419,3,'Yes',NULL,NULL,'2025-04-17 16:57:23','2025-04-17 16:57:23'),
(3366,419,4,'Yes',NULL,NULL,'2025-04-17 16:57:23','2025-04-17 16:57:23'),
(3367,419,5,'Yes',NULL,NULL,'2025-04-17 16:57:23','2025-04-17 16:57:23'),
(3368,419,6,'Yes',NULL,NULL,'2025-04-17 16:57:23','2025-04-17 16:57:23'),
(3369,419,7,'No',NULL,NULL,'2025-04-17 16:57:24','2025-04-17 16:57:24'),
(3370,419,8,'No',NULL,NULL,'2025-04-17 16:57:24','2025-04-17 16:57:24'),
(3371,419,9,'Yes',NULL,NULL,'2025-04-17 16:57:24','2025-04-17 16:57:24'),
(3372,419,10,'No',NULL,NULL,'2025-04-17 16:57:24','2025-04-17 16:57:24'),
(3373,419,11,'Yes',NULL,NULL,'2025-04-17 16:57:24','2025-04-17 16:57:24'),
(3374,419,12,'Yes',NULL,NULL,'2025-04-17 16:57:25','2025-04-17 16:57:25'),
(3375,419,13,'Yes',NULL,NULL,'2025-04-17 16:57:25','2025-04-17 16:57:25'),
(3376,419,14,'Yes',NULL,NULL,'2025-04-17 16:57:25','2025-04-17 16:57:25'),
(3377,419,15,'Yes',NULL,NULL,'2025-04-17 16:57:25','2025-04-17 16:57:25'),
(3378,419,16,'Yes',NULL,NULL,'2025-04-17 16:57:25','2025-04-17 16:57:25'),
(3379,419,17,'Yes',NULL,NULL,'2025-04-17 16:57:26','2025-04-17 16:57:26'),
(3380,419,18,'Yes',NULL,NULL,'2025-04-17 16:57:26','2025-04-17 16:57:26'),
(3381,420,1,'No',NULL,NULL,'2025-04-21 11:26:09','2025-04-21 11:26:09'),
(3382,420,2,'Yes',NULL,NULL,'2025-04-21 11:26:09','2025-04-21 11:26:09'),
(3383,420,3,'Yes',NULL,NULL,'2025-04-21 11:26:10','2025-04-21 11:26:10'),
(3384,420,4,'Yes',NULL,NULL,'2025-04-21 11:26:10','2025-04-21 11:26:10'),
(3385,420,5,'Yes',NULL,NULL,'2025-04-21 11:26:10','2025-04-21 11:26:10'),
(3386,420,6,'Yes',NULL,NULL,'2025-04-21 11:26:10','2025-04-21 11:26:10'),
(3387,420,7,'No',NULL,NULL,'2025-04-21 11:26:10','2025-04-21 11:26:10'),
(3388,420,8,'No',NULL,NULL,'2025-04-21 11:26:11','2025-04-21 11:26:11'),
(3389,420,9,'Yes',NULL,NULL,'2025-04-21 11:26:11','2025-04-21 11:26:11'),
(3390,420,10,'No',NULL,NULL,'2025-04-21 11:26:11','2025-04-21 11:26:11'),
(3391,420,11,'Yes',NULL,NULL,'2025-04-21 11:26:11','2025-04-21 11:26:11'),
(3392,420,12,'Yes',NULL,NULL,'2025-04-21 11:26:11','2025-04-21 11:26:11'),
(3393,420,13,'Yes',NULL,NULL,'2025-04-21 11:26:12','2025-04-21 11:26:12'),
(3394,420,14,'Yes',NULL,NULL,'2025-04-21 11:26:12','2025-04-21 11:26:12'),
(3395,420,15,'Yes',NULL,NULL,'2025-04-21 11:26:12','2025-04-21 11:26:12'),
(3396,420,16,'Yes',NULL,NULL,'2025-04-21 11:26:12','2025-04-21 11:26:12'),
(3397,420,17,'Yes',NULL,NULL,'2025-04-21 11:26:12','2025-04-21 11:26:12'),
(3398,420,18,'Yes',NULL,NULL,'2025-04-21 11:26:13','2025-04-21 11:26:13'),
(3399,421,1,'No',NULL,NULL,'2025-04-21 11:43:42','2025-04-21 11:43:42'),
(3400,421,2,'Yes',NULL,NULL,'2025-04-21 11:43:43','2025-04-21 11:43:43'),
(3401,421,3,'Yes',NULL,NULL,'2025-04-21 11:43:43','2025-04-21 11:43:43'),
(3402,421,4,'Yes',NULL,NULL,'2025-04-21 11:43:43','2025-04-21 11:43:43'),
(3403,421,5,'Yes',NULL,NULL,'2025-04-21 11:43:43','2025-04-21 11:43:43'),
(3404,421,6,'Yes',NULL,NULL,'2025-04-21 11:43:43','2025-04-21 11:43:43'),
(3405,421,7,'No',NULL,NULL,'2025-04-21 11:43:44','2025-04-21 11:43:44'),
(3406,421,8,'No',NULL,NULL,'2025-04-21 11:43:44','2025-04-21 11:43:44'),
(3407,421,9,'Yes',NULL,NULL,'2025-04-21 11:43:44','2025-04-21 11:43:44'),
(3408,421,10,'No',NULL,NULL,'2025-04-21 11:43:44','2025-04-21 11:43:44'),
(3409,421,11,'Yes',NULL,NULL,'2025-04-21 11:43:44','2025-04-21 11:43:44'),
(3410,421,12,'Yes',NULL,NULL,'2025-04-21 11:43:45','2025-04-21 11:43:45'),
(3411,421,13,'Yes',NULL,NULL,'2025-04-21 11:43:45','2025-04-21 11:43:45'),
(3412,421,14,'Yes',NULL,NULL,'2025-04-21 11:43:45','2025-04-21 11:43:45'),
(3413,421,15,'Yes',NULL,NULL,'2025-04-21 11:43:45','2025-04-21 11:43:45'),
(3414,421,16,'Yes',NULL,NULL,'2025-04-21 11:43:45','2025-04-21 11:43:45'),
(3415,421,17,'Yes',NULL,NULL,'2025-04-21 11:43:45','2025-04-21 11:43:45'),
(3416,421,18,'Yes',NULL,NULL,'2025-04-21 11:43:46','2025-04-21 11:43:46'),
(3417,422,1,'No',NULL,NULL,'2025-04-21 12:01:26','2025-04-21 12:01:26'),
(3418,422,2,'Yes',NULL,NULL,'2025-04-21 12:01:26','2025-04-21 12:01:26'),
(3419,422,3,'Yes',NULL,NULL,'2025-04-21 12:01:26','2025-04-21 12:01:26'),
(3420,422,4,'Yes',NULL,NULL,'2025-04-21 12:01:27','2025-04-21 12:01:27'),
(3421,422,5,'Yes',NULL,NULL,'2025-04-21 12:01:27','2025-04-21 12:01:27'),
(3422,422,6,'Yes',NULL,NULL,'2025-04-21 12:01:27','2025-04-21 12:01:27'),
(3423,422,7,'No',NULL,NULL,'2025-04-21 12:01:27','2025-04-21 12:01:27'),
(3424,422,8,'No',NULL,NULL,'2025-04-21 12:01:28','2025-04-21 12:01:28'),
(3425,422,9,'Yes',NULL,NULL,'2025-04-21 12:01:28','2025-04-21 12:01:28'),
(3426,422,10,'No',NULL,NULL,'2025-04-21 12:01:28','2025-04-21 12:01:28'),
(3427,422,11,'Yes',NULL,NULL,'2025-04-21 12:01:28','2025-04-21 12:01:28'),
(3428,422,12,'Yes',NULL,NULL,'2025-04-21 12:01:28','2025-04-21 12:01:28'),
(3429,422,13,'Yes',NULL,NULL,'2025-04-21 12:01:29','2025-04-21 12:01:29'),
(3430,422,14,'Yes',NULL,NULL,'2025-04-21 12:01:29','2025-04-21 12:01:29'),
(3431,422,15,'Yes',NULL,NULL,'2025-04-21 12:01:29','2025-04-21 12:01:29'),
(3432,422,16,'Yes',NULL,NULL,'2025-04-21 12:01:29','2025-04-21 12:01:29'),
(3433,422,17,'Yes',NULL,NULL,'2025-04-21 12:01:29','2025-04-21 12:01:29'),
(3434,422,18,'Yes',NULL,NULL,'2025-04-21 12:01:30','2025-04-21 12:01:30'),
(3435,423,1,'No',NULL,NULL,'2025-04-21 12:22:10','2025-04-21 12:22:10'),
(3436,423,2,'Yes',NULL,NULL,'2025-04-21 12:22:10','2025-04-21 12:22:10'),
(3437,423,3,'Yes',NULL,NULL,'2025-04-21 12:22:11','2025-04-21 12:22:11'),
(3438,423,4,'Yes',NULL,NULL,'2025-04-21 12:22:11','2025-04-21 12:22:11'),
(3439,423,5,'Yes',NULL,NULL,'2025-04-21 12:22:11','2025-04-21 12:22:11'),
(3440,423,6,'Yes',NULL,NULL,'2025-04-21 12:22:11','2025-04-21 12:22:11'),
(3441,423,7,'No',NULL,NULL,'2025-04-21 12:22:11','2025-04-21 12:22:11'),
(3442,423,8,'No',NULL,NULL,'2025-04-21 12:22:12','2025-04-21 12:22:12'),
(3443,423,9,'Yes',NULL,NULL,'2025-04-21 12:22:12','2025-04-21 12:22:12'),
(3444,423,10,'No',NULL,NULL,'2025-04-21 12:22:12','2025-04-21 12:22:12'),
(3445,423,11,'Yes',NULL,NULL,'2025-04-21 12:22:12','2025-04-21 12:22:12'),
(3446,423,12,'Yes',NULL,NULL,'2025-04-21 12:22:13','2025-04-21 12:22:13'),
(3447,423,13,'Yes',NULL,NULL,'2025-04-21 12:22:13','2025-04-21 12:22:13'),
(3448,423,14,'Yes',NULL,NULL,'2025-04-21 12:22:13','2025-04-21 12:22:13'),
(3449,423,15,'Yes',NULL,NULL,'2025-04-21 12:22:13','2025-04-21 12:22:13'),
(3450,423,16,'Yes',NULL,NULL,'2025-04-21 12:22:13','2025-04-21 12:22:13'),
(3451,423,17,'Yes',NULL,NULL,'2025-04-21 12:22:14','2025-04-21 12:22:14'),
(3452,423,18,'Yes',NULL,NULL,'2025-04-21 12:22:14','2025-04-21 12:22:14'),
(3453,424,1,'No',NULL,NULL,'2025-04-21 12:36:11','2025-04-21 12:36:11'),
(3454,424,2,'Yes',NULL,NULL,'2025-04-21 12:36:12','2025-04-21 12:36:12'),
(3455,424,3,'Yes',NULL,NULL,'2025-04-21 12:36:12','2025-04-21 12:36:12'),
(3456,424,4,'Yes',NULL,NULL,'2025-04-21 12:36:12','2025-04-21 12:36:12'),
(3457,424,5,'Yes',NULL,NULL,'2025-04-21 12:36:12','2025-04-21 12:36:12'),
(3458,424,6,'Yes',NULL,NULL,'2025-04-21 12:36:12','2025-04-21 12:36:12'),
(3459,424,7,'No',NULL,NULL,'2025-04-21 12:36:13','2025-04-21 12:36:13'),
(3460,424,8,'No',NULL,NULL,'2025-04-21 12:36:13','2025-04-21 12:36:13'),
(3461,424,9,'Yes',NULL,NULL,'2025-04-21 12:36:13','2025-04-21 12:36:13'),
(3462,424,10,'No',NULL,NULL,'2025-04-21 12:36:13','2025-04-21 12:36:13'),
(3463,424,11,'Yes',NULL,NULL,'2025-04-21 12:36:13','2025-04-21 12:36:13'),
(3464,424,12,'Yes',NULL,NULL,'2025-04-21 12:36:14','2025-04-21 12:36:14'),
(3465,424,13,'Yes',NULL,NULL,'2025-04-21 12:36:14','2025-04-21 12:36:14'),
(3466,424,14,'Yes',NULL,NULL,'2025-04-21 12:36:14','2025-04-21 12:36:14'),
(3467,424,15,'Yes',NULL,NULL,'2025-04-21 12:36:14','2025-04-21 12:36:14'),
(3468,424,16,'Yes',NULL,NULL,'2025-04-21 12:36:15','2025-04-21 12:36:15'),
(3469,424,17,'Yes',NULL,NULL,'2025-04-21 12:36:15','2025-04-21 12:36:15'),
(3470,424,18,'Yes',NULL,NULL,'2025-04-21 12:36:15','2025-04-21 12:36:15'),
(3471,425,1,'No',NULL,NULL,'2025-04-21 12:49:02','2025-04-21 12:49:02'),
(3472,425,2,'Yes',NULL,NULL,'2025-04-21 12:49:03','2025-04-21 12:49:03'),
(3473,425,3,'Yes',NULL,NULL,'2025-04-21 12:49:03','2025-04-21 12:49:03'),
(3474,425,4,'Yes',NULL,NULL,'2025-04-21 12:49:03','2025-04-21 12:49:03'),
(3475,425,5,'Yes',NULL,NULL,'2025-04-21 12:49:03','2025-04-21 12:49:03'),
(3476,425,6,'Yes',NULL,NULL,'2025-04-21 12:49:03','2025-04-21 12:49:03'),
(3477,425,7,'No',NULL,NULL,'2025-04-21 12:49:04','2025-04-21 12:49:04'),
(3478,425,8,'No',NULL,NULL,'2025-04-21 12:49:04','2025-04-21 12:49:04'),
(3479,425,9,'Yes',NULL,NULL,'2025-04-21 12:49:04','2025-04-21 12:49:04'),
(3480,425,10,'No',NULL,NULL,'2025-04-21 12:49:04','2025-04-21 12:49:04'),
(3481,425,11,'Yes',NULL,NULL,'2025-04-21 12:49:04','2025-04-21 12:49:04'),
(3482,425,12,'Yes',NULL,NULL,'2025-04-21 12:49:05','2025-04-21 12:49:05'),
(3483,425,13,'Yes',NULL,NULL,'2025-04-21 12:49:05','2025-04-21 12:49:05'),
(3484,425,14,'Yes',NULL,NULL,'2025-04-21 12:49:05','2025-04-21 12:49:05'),
(3485,425,15,'Yes',NULL,NULL,'2025-04-21 12:49:05','2025-04-21 12:49:05'),
(3486,425,16,'Yes',NULL,NULL,'2025-04-21 12:49:05','2025-04-21 12:49:05'),
(3487,425,17,'Yes',NULL,NULL,'2025-04-21 12:49:06','2025-04-21 12:49:06'),
(3488,425,18,'Yes',NULL,NULL,'2025-04-21 12:49:06','2025-04-21 12:49:06'),
(3489,426,1,'No',NULL,NULL,'2025-04-21 13:10:14','2025-04-21 13:10:14'),
(3490,426,2,'Yes',NULL,NULL,'2025-04-21 13:10:15','2025-04-21 13:10:15'),
(3491,426,3,'Yes',NULL,NULL,'2025-04-21 13:10:15','2025-04-21 13:10:15'),
(3492,426,4,'Yes',NULL,NULL,'2025-04-21 13:10:15','2025-04-21 13:10:15'),
(3493,426,5,'Yes',NULL,NULL,'2025-04-21 13:10:15','2025-04-21 13:10:15'),
(3494,426,6,'Yes',NULL,NULL,'2025-04-21 13:10:15','2025-04-21 13:10:15'),
(3495,426,7,'No',NULL,NULL,'2025-04-21 13:10:16','2025-04-21 13:10:16'),
(3496,426,8,'No',NULL,NULL,'2025-04-21 13:10:16','2025-04-21 13:10:16'),
(3497,426,9,'Yes',NULL,NULL,'2025-04-21 13:10:16','2025-04-21 13:10:16'),
(3498,426,10,'No',NULL,NULL,'2025-04-21 13:10:16','2025-04-21 13:10:16'),
(3499,426,11,'Yes',NULL,NULL,'2025-04-21 13:10:16','2025-04-21 13:10:16'),
(3500,426,12,'Yes',NULL,NULL,'2025-04-21 13:10:17','2025-04-21 13:10:17'),
(3501,426,13,'Yes',NULL,NULL,'2025-04-21 13:10:17','2025-04-21 13:10:17'),
(3502,426,14,'Yes',NULL,NULL,'2025-04-21 13:10:17','2025-04-21 13:10:17'),
(3503,426,15,'Yes',NULL,NULL,'2025-04-21 13:10:17','2025-04-21 13:10:17'),
(3504,426,16,'Yes',NULL,NULL,'2025-04-21 13:10:17','2025-04-21 13:10:17'),
(3505,426,17,'Yes',NULL,NULL,'2025-04-21 13:10:18','2025-04-21 13:10:18'),
(3506,426,18,'Yes',NULL,NULL,'2025-04-21 13:10:18','2025-04-21 13:10:18'),
(3507,427,1,'No',NULL,NULL,'2025-04-21 14:19:34','2025-04-21 14:19:34'),
(3508,427,2,'Yes',NULL,NULL,'2025-04-21 14:19:35','2025-04-21 14:19:35'),
(3509,427,3,'Yes',NULL,NULL,'2025-04-21 14:19:35','2025-04-21 14:19:35'),
(3510,427,4,'Yes',NULL,NULL,'2025-04-21 14:19:35','2025-04-21 14:19:35'),
(3511,427,5,'Yes',NULL,NULL,'2025-04-21 14:19:35','2025-04-21 14:19:35'),
(3512,427,6,'Yes',NULL,NULL,'2025-04-21 14:19:36','2025-04-21 14:19:36'),
(3513,427,7,'No',NULL,NULL,'2025-04-21 14:19:36','2025-04-21 14:19:36'),
(3514,427,8,'No',NULL,NULL,'2025-04-21 14:19:36','2025-04-21 14:19:36'),
(3515,427,9,'Yes',NULL,NULL,'2025-04-21 14:19:36','2025-04-21 14:19:36'),
(3516,427,10,'No',NULL,NULL,'2025-04-21 14:19:36','2025-04-21 14:19:36'),
(3517,427,11,'Yes',NULL,NULL,'2025-04-21 14:19:37','2025-04-21 14:19:37'),
(3518,427,12,'Yes',NULL,NULL,'2025-04-21 14:19:37','2025-04-21 14:19:37'),
(3519,427,13,'Yes',NULL,NULL,'2025-04-21 14:19:37','2025-04-21 14:19:37'),
(3520,427,14,'Yes',NULL,NULL,'2025-04-21 14:19:37','2025-04-21 14:19:37'),
(3521,427,15,'Yes',NULL,NULL,'2025-04-21 14:19:38','2025-04-21 14:19:38'),
(3522,427,16,'Yes',NULL,NULL,'2025-04-21 14:19:38','2025-04-21 14:19:38'),
(3523,427,17,'Yes',NULL,NULL,'2025-04-21 14:19:38','2025-04-21 14:19:38'),
(3524,427,18,'Yes',NULL,NULL,'2025-04-21 14:19:38','2025-04-21 14:19:38'),
(3525,428,1,'No',NULL,NULL,'2025-04-21 14:20:19','2025-04-21 14:20:19'),
(3526,428,2,'Yes',NULL,NULL,'2025-04-21 14:20:19','2025-04-21 14:20:19'),
(3527,428,3,'Yes',NULL,NULL,'2025-04-21 14:20:19','2025-04-21 14:20:19'),
(3528,428,4,'Yes',NULL,NULL,'2025-04-21 14:20:19','2025-04-21 14:20:19'),
(3529,428,5,'Yes',NULL,NULL,'2025-04-21 14:20:19','2025-04-21 14:20:19'),
(3530,428,6,'Yes',NULL,NULL,'2025-04-21 14:20:20','2025-04-21 14:20:20'),
(3531,428,7,'No',NULL,NULL,'2025-04-21 14:20:20','2025-04-21 14:20:20'),
(3532,428,8,'No',NULL,NULL,'2025-04-21 14:20:20','2025-04-21 14:20:20'),
(3533,428,9,'Yes',NULL,NULL,'2025-04-21 14:20:20','2025-04-21 14:20:20'),
(3534,428,10,'No',NULL,NULL,'2025-04-21 14:20:21','2025-04-21 14:20:21'),
(3535,428,11,'Yes',NULL,NULL,'2025-04-21 14:20:21','2025-04-21 14:20:21'),
(3536,428,12,'Yes',NULL,NULL,'2025-04-21 14:20:21','2025-04-21 14:20:21'),
(3537,428,13,'Yes',NULL,NULL,'2025-04-21 14:20:21','2025-04-21 14:20:21'),
(3538,428,14,'Yes',NULL,NULL,'2025-04-21 14:20:22','2025-04-21 14:20:22'),
(3539,428,15,'Yes',NULL,NULL,'2025-04-21 14:20:22','2025-04-21 14:20:22'),
(3540,428,16,'Yes',NULL,NULL,'2025-04-21 14:20:22','2025-04-21 14:20:22'),
(3541,428,17,'Yes',NULL,NULL,'2025-04-21 14:20:22','2025-04-21 14:20:22'),
(3542,428,18,'Yes',NULL,NULL,'2025-04-21 14:20:22','2025-04-21 14:20:22'),
(3543,429,1,'No',NULL,NULL,'2025-04-21 14:42:12','2025-04-21 14:42:12'),
(3544,429,2,'Yes',NULL,NULL,'2025-04-21 14:42:13','2025-04-21 14:42:13'),
(3545,429,3,'Yes',NULL,NULL,'2025-04-21 14:42:13','2025-04-21 14:42:13'),
(3546,429,4,'Yes',NULL,NULL,'2025-04-21 14:42:13','2025-04-21 14:42:13'),
(3547,429,5,'Yes',NULL,NULL,'2025-04-21 14:42:13','2025-04-21 14:42:13'),
(3548,429,6,'Yes',NULL,NULL,'2025-04-21 14:42:13','2025-04-21 14:42:13'),
(3549,429,7,'No',NULL,NULL,'2025-04-21 14:42:14','2025-04-21 14:42:14'),
(3550,429,8,'No',NULL,NULL,'2025-04-21 14:42:14','2025-04-21 14:42:14'),
(3551,429,9,'Yes',NULL,NULL,'2025-04-21 14:42:14','2025-04-21 14:42:14'),
(3552,429,10,'No',NULL,NULL,'2025-04-21 14:42:14','2025-04-21 14:42:14'),
(3553,429,11,'Yes',NULL,NULL,'2025-04-21 14:42:14','2025-04-21 14:42:14'),
(3554,429,12,'Yes',NULL,NULL,'2025-04-21 14:42:15','2025-04-21 14:42:15'),
(3555,429,13,'Yes',NULL,NULL,'2025-04-21 14:42:15','2025-04-21 14:42:15'),
(3556,429,14,'Yes',NULL,NULL,'2025-04-21 14:42:15','2025-04-21 14:42:15'),
(3557,429,15,'Yes',NULL,NULL,'2025-04-21 14:42:15','2025-04-21 14:42:15'),
(3558,429,16,'Yes',NULL,NULL,'2025-04-21 14:42:15','2025-04-21 14:42:15'),
(3559,429,17,'Yes',NULL,NULL,'2025-04-21 14:42:16','2025-04-21 14:42:16'),
(3560,429,18,'Yes',NULL,NULL,'2025-04-21 14:42:16','2025-04-21 14:42:16'),
(3561,430,1,'No',NULL,NULL,'2025-04-22 11:43:19','2025-04-22 11:43:19'),
(3562,430,2,'Yes',NULL,NULL,'2025-04-22 11:43:19','2025-04-22 11:43:19'),
(3563,430,3,'Yes',NULL,NULL,'2025-04-22 11:43:20','2025-04-22 11:43:20'),
(3564,430,4,'Yes',NULL,NULL,'2025-04-22 11:43:20','2025-04-22 11:43:20'),
(3565,430,5,'Yes',NULL,NULL,'2025-04-22 11:43:20','2025-04-22 11:43:20'),
(3566,430,6,'Yes',NULL,NULL,'2025-04-22 11:43:20','2025-04-22 11:43:20'),
(3567,430,7,'No',NULL,NULL,'2025-04-22 11:43:20','2025-04-22 11:43:20'),
(3568,430,8,'No',NULL,NULL,'2025-04-22 11:43:20','2025-04-22 11:43:20'),
(3569,430,9,'Yes',NULL,NULL,'2025-04-22 11:43:21','2025-04-22 11:43:21'),
(3570,430,10,'No',NULL,NULL,'2025-04-22 11:43:21','2025-04-22 11:43:21'),
(3571,430,11,'Yes',NULL,NULL,'2025-04-22 11:43:21','2025-04-22 11:43:21'),
(3572,430,12,'Yes',NULL,NULL,'2025-04-22 11:43:21','2025-04-22 11:43:21'),
(3573,430,13,'Yes',NULL,NULL,'2025-04-22 11:43:21','2025-04-22 11:43:21'),
(3574,430,14,'Yes',NULL,NULL,'2025-04-22 11:43:22','2025-04-22 11:43:22'),
(3575,430,15,'Yes',NULL,NULL,'2025-04-22 11:43:22','2025-04-22 11:43:22'),
(3576,430,16,'Yes',NULL,NULL,'2025-04-22 11:43:22','2025-04-22 11:43:22'),
(3577,430,17,'Yes',NULL,NULL,'2025-04-22 11:43:22','2025-04-22 11:43:22'),
(3578,430,18,'Yes',NULL,NULL,'2025-04-22 11:43:22','2025-04-22 11:43:22'),
(3579,431,1,'No',NULL,NULL,'2025-04-22 11:44:42','2025-04-22 11:44:42'),
(3580,431,2,'Yes',NULL,NULL,'2025-04-22 11:44:43','2025-04-22 11:44:43'),
(3581,431,3,'Yes',NULL,NULL,'2025-04-22 11:44:43','2025-04-22 11:44:43'),
(3582,431,4,'Yes',NULL,NULL,'2025-04-22 11:44:43','2025-04-22 11:44:43'),
(3583,431,5,'Yes',NULL,NULL,'2025-04-22 11:44:43','2025-04-22 11:44:43'),
(3584,431,6,'Yes',NULL,NULL,'2025-04-22 11:44:43','2025-04-22 11:44:43'),
(3585,431,7,'No',NULL,NULL,'2025-04-22 11:44:44','2025-04-22 11:44:44'),
(3586,431,8,'No',NULL,NULL,'2025-04-22 11:44:44','2025-04-22 11:44:44'),
(3587,431,9,'Yes',NULL,NULL,'2025-04-22 11:44:44','2025-04-22 11:44:44'),
(3588,431,10,'No',NULL,NULL,'2025-04-22 11:44:45','2025-04-22 11:44:45'),
(3589,431,11,'Yes',NULL,NULL,'2025-04-22 11:44:45','2025-04-22 11:44:45'),
(3590,431,12,'Yes',NULL,NULL,'2025-04-22 11:44:45','2025-04-22 11:44:45'),
(3591,431,13,'Yes',NULL,NULL,'2025-04-22 11:44:45','2025-04-22 11:44:45'),
(3592,431,14,'Yes',NULL,NULL,'2025-04-22 11:44:46','2025-04-22 11:44:46'),
(3593,431,15,'Yes',NULL,NULL,'2025-04-22 11:44:46','2025-04-22 11:44:46'),
(3594,431,16,'Yes',NULL,NULL,'2025-04-22 11:44:46','2025-04-22 11:44:46'),
(3595,431,17,'Yes',NULL,NULL,'2025-04-22 11:44:46','2025-04-22 11:44:46'),
(3596,431,18,'Yes',NULL,NULL,'2025-04-22 11:44:47','2025-04-22 11:44:47'),
(3597,432,1,'No',NULL,NULL,'2025-04-22 11:55:48','2025-04-22 11:55:48'),
(3598,432,2,'Yes',NULL,NULL,'2025-04-22 11:55:49','2025-04-22 11:55:49'),
(3599,432,3,'Yes',NULL,NULL,'2025-04-22 11:55:49','2025-04-22 11:55:49'),
(3600,432,4,'Yes',NULL,NULL,'2025-04-22 11:55:49','2025-04-22 11:55:49'),
(3601,432,5,'Yes',NULL,NULL,'2025-04-22 11:55:49','2025-04-22 11:55:49'),
(3602,432,6,'Yes',NULL,NULL,'2025-04-22 11:55:49','2025-04-22 11:55:49'),
(3603,432,7,'No',NULL,NULL,'2025-04-22 11:55:50','2025-04-22 11:55:50'),
(3604,432,8,'No',NULL,NULL,'2025-04-22 11:55:50','2025-04-22 11:55:50'),
(3605,432,9,'Yes',NULL,NULL,'2025-04-22 11:55:50','2025-04-22 11:55:50'),
(3606,432,10,'No',NULL,NULL,'2025-04-22 11:55:50','2025-04-22 11:55:50'),
(3607,432,11,'Yes',NULL,NULL,'2025-04-22 11:55:50','2025-04-22 11:55:50'),
(3608,432,12,'Yes',NULL,NULL,'2025-04-22 11:55:51','2025-04-22 11:55:51'),
(3609,432,13,'Yes',NULL,NULL,'2025-04-22 11:55:51','2025-04-22 11:55:51'),
(3610,432,14,'Yes',NULL,NULL,'2025-04-22 11:55:51','2025-04-22 11:55:51'),
(3611,432,15,'Yes',NULL,NULL,'2025-04-22 11:55:51','2025-04-22 11:55:51'),
(3612,432,16,'Yes',NULL,NULL,'2025-04-22 11:55:52','2025-04-22 11:55:52'),
(3613,432,17,'Yes',NULL,NULL,'2025-04-22 11:55:52','2025-04-22 11:55:52'),
(3614,432,18,'Yes',NULL,NULL,'2025-04-22 11:55:52','2025-04-22 11:55:52'),
(3615,433,1,'No',NULL,NULL,'2025-04-22 12:15:11','2025-04-22 12:15:11'),
(3616,433,2,'Yes',NULL,NULL,'2025-04-22 12:15:12','2025-04-22 12:15:12'),
(3617,433,3,'Yes',NULL,NULL,'2025-04-22 12:15:12','2025-04-22 12:15:12'),
(3618,433,4,'Yes',NULL,NULL,'2025-04-22 12:15:12','2025-04-22 12:15:12'),
(3619,433,5,'Yes',NULL,NULL,'2025-04-22 12:15:12','2025-04-22 12:15:12'),
(3620,433,6,'Yes',NULL,NULL,'2025-04-22 12:15:12','2025-04-22 12:15:12'),
(3621,433,7,'No',NULL,NULL,'2025-04-22 12:15:13','2025-04-22 12:15:13'),
(3622,433,8,'No',NULL,NULL,'2025-04-22 12:15:13','2025-04-22 12:15:13'),
(3623,433,9,'Yes',NULL,NULL,'2025-04-22 12:15:13','2025-04-22 12:15:13'),
(3624,433,10,'No',NULL,NULL,'2025-04-22 12:15:13','2025-04-22 12:15:13'),
(3625,433,11,'Yes',NULL,NULL,'2025-04-22 12:15:13','2025-04-22 12:15:13'),
(3626,433,12,'Yes',NULL,NULL,'2025-04-22 12:15:14','2025-04-22 12:15:14'),
(3627,433,13,'Yes',NULL,NULL,'2025-04-22 12:15:14','2025-04-22 12:15:14'),
(3628,433,14,'Yes',NULL,NULL,'2025-04-22 12:15:14','2025-04-22 12:15:14'),
(3629,433,15,'Yes',NULL,NULL,'2025-04-22 12:15:14','2025-04-22 12:15:14'),
(3630,433,16,'Yes',NULL,NULL,'2025-04-22 12:15:14','2025-04-22 12:15:14'),
(3631,433,17,'Yes',NULL,NULL,'2025-04-22 12:15:15','2025-04-22 12:15:15'),
(3632,433,18,'Yes',NULL,NULL,'2025-04-22 12:15:15','2025-04-22 12:15:15'),
(3633,434,1,'No',NULL,NULL,'2025-04-22 12:29:41','2025-04-22 12:29:41'),
(3634,434,2,'Yes',NULL,NULL,'2025-04-22 12:29:41','2025-04-22 12:29:41'),
(3635,434,3,'Yes',NULL,NULL,'2025-04-22 12:29:41','2025-04-22 12:29:41'),
(3636,434,4,'Yes',NULL,NULL,'2025-04-22 12:29:41','2025-04-22 12:29:41'),
(3637,434,5,'Yes',NULL,NULL,'2025-04-22 12:29:42','2025-04-22 12:29:42'),
(3638,434,6,'Yes',NULL,NULL,'2025-04-22 12:29:42','2025-04-22 12:29:42'),
(3639,434,7,'No',NULL,NULL,'2025-04-22 12:29:42','2025-04-22 12:29:42'),
(3640,434,8,'No',NULL,NULL,'2025-04-22 12:29:42','2025-04-22 12:29:42'),
(3641,434,9,'Yes',NULL,NULL,'2025-04-22 12:29:43','2025-04-22 12:29:43'),
(3642,434,10,'No',NULL,NULL,'2025-04-22 12:29:43','2025-04-22 12:29:43'),
(3643,434,11,'Yes',NULL,NULL,'2025-04-22 12:29:43','2025-04-22 12:29:43'),
(3644,434,12,'Yes',NULL,NULL,'2025-04-22 12:29:43','2025-04-22 12:29:43'),
(3645,434,13,'Yes',NULL,NULL,'2025-04-22 12:29:43','2025-04-22 12:29:43'),
(3646,434,14,'Yes',NULL,NULL,'2025-04-22 12:29:44','2025-04-22 12:29:44'),
(3647,434,15,'Yes',NULL,NULL,'2025-04-22 12:29:44','2025-04-22 12:29:44'),
(3648,434,16,'Yes',NULL,NULL,'2025-04-22 12:29:44','2025-04-22 12:29:44'),
(3649,434,17,'Yes',NULL,NULL,'2025-04-22 12:29:44','2025-04-22 12:29:44'),
(3650,434,18,'Yes',NULL,NULL,'2025-04-22 12:29:44','2025-04-22 12:29:44'),
(3651,435,1,'No',NULL,NULL,'2025-04-22 12:39:01','2025-04-22 12:39:01'),
(3652,435,2,'Yes',NULL,NULL,'2025-04-22 12:39:01','2025-04-22 12:39:01'),
(3653,435,3,'Yes',NULL,NULL,'2025-04-22 12:39:01','2025-04-22 12:39:01'),
(3654,435,4,'Yes',NULL,NULL,'2025-04-22 12:39:01','2025-04-22 12:39:01'),
(3655,435,5,'Yes',NULL,NULL,'2025-04-22 12:39:01','2025-04-22 12:39:01'),
(3656,435,6,'Yes',NULL,NULL,'2025-04-22 12:39:02','2025-04-22 12:39:02'),
(3657,435,7,'No',NULL,NULL,'2025-04-22 12:39:02','2025-04-22 12:39:02'),
(3658,435,8,'No',NULL,NULL,'2025-04-22 12:39:02','2025-04-22 12:39:02'),
(3659,435,9,'Yes',NULL,NULL,'2025-04-22 12:39:02','2025-04-22 12:39:02'),
(3660,435,10,'No',NULL,NULL,'2025-04-22 12:39:02','2025-04-22 12:39:02'),
(3661,435,11,'Yes',NULL,NULL,'2025-04-22 12:39:03','2025-04-22 12:39:03'),
(3662,435,12,'Yes',NULL,NULL,'2025-04-22 12:39:03','2025-04-22 12:39:03'),
(3663,435,13,'Yes',NULL,NULL,'2025-04-22 12:39:03','2025-04-22 12:39:03'),
(3664,435,14,'Yes',NULL,NULL,'2025-04-22 12:39:03','2025-04-22 12:39:03'),
(3665,435,15,'Yes',NULL,NULL,'2025-04-22 12:39:03','2025-04-22 12:39:03'),
(3666,435,16,'Yes',NULL,NULL,'2025-04-22 12:39:04','2025-04-22 12:39:04'),
(3667,435,17,'Yes',NULL,NULL,'2025-04-22 12:39:04','2025-04-22 12:39:04'),
(3668,435,18,'Yes',NULL,NULL,'2025-04-22 12:39:04','2025-04-22 12:39:04'),
(3669,436,1,'No',NULL,NULL,'2025-04-22 13:04:56','2025-04-22 13:04:56'),
(3670,436,2,'Yes',NULL,NULL,'2025-04-22 13:04:56','2025-04-22 13:04:56'),
(3671,436,3,'Yes',NULL,NULL,'2025-04-22 13:04:56','2025-04-22 13:04:56'),
(3672,436,4,'Yes',NULL,NULL,'2025-04-22 13:04:56','2025-04-22 13:04:56'),
(3673,436,5,'Yes',NULL,NULL,'2025-04-22 13:04:57','2025-04-22 13:04:57'),
(3674,436,6,'Yes',NULL,NULL,'2025-04-22 13:04:57','2025-04-22 13:04:57'),
(3675,436,7,'No',NULL,NULL,'2025-04-22 13:04:57','2025-04-22 13:04:57'),
(3676,436,8,'No',NULL,NULL,'2025-04-22 13:04:57','2025-04-22 13:04:57'),
(3677,436,9,'Yes',NULL,NULL,'2025-04-22 13:04:57','2025-04-22 13:04:57'),
(3678,436,10,'No',NULL,NULL,'2025-04-22 13:04:58','2025-04-22 13:04:58'),
(3679,436,11,'Yes',NULL,NULL,'2025-04-22 13:04:58','2025-04-22 13:04:58'),
(3680,436,12,'Yes',NULL,NULL,'2025-04-22 13:04:58','2025-04-22 13:04:58'),
(3681,436,13,'Yes',NULL,NULL,'2025-04-22 13:04:58','2025-04-22 13:04:58'),
(3682,436,14,'Yes',NULL,NULL,'2025-04-22 13:04:58','2025-04-22 13:04:58'),
(3683,436,15,'Yes',NULL,NULL,'2025-04-22 13:04:59','2025-04-22 13:04:59'),
(3684,436,16,'Yes',NULL,NULL,'2025-04-22 13:04:59','2025-04-22 13:04:59'),
(3685,436,17,'Yes',NULL,NULL,'2025-04-22 13:04:59','2025-04-22 13:04:59'),
(3686,436,18,'Yes',NULL,NULL,'2025-04-22 13:04:59','2025-04-22 13:04:59'),
(3687,437,1,'No',NULL,NULL,'2025-04-22 13:21:54','2025-04-22 13:21:54'),
(3688,437,2,'Yes',NULL,NULL,'2025-04-22 13:21:54','2025-04-22 13:21:54'),
(3689,437,3,'Yes',NULL,NULL,'2025-04-22 13:21:54','2025-04-22 13:21:54'),
(3690,437,4,'Yes',NULL,NULL,'2025-04-22 13:21:54','2025-04-22 13:21:54'),
(3691,437,5,'Yes',NULL,NULL,'2025-04-22 13:21:55','2025-04-22 13:21:55'),
(3692,437,6,'Yes',NULL,NULL,'2025-04-22 13:21:55','2025-04-22 13:21:55'),
(3693,437,7,'No',NULL,NULL,'2025-04-22 13:21:55','2025-04-22 13:21:55'),
(3694,437,8,'No',NULL,NULL,'2025-04-22 13:21:55','2025-04-22 13:21:55'),
(3695,437,9,'Yes',NULL,NULL,'2025-04-22 13:21:55','2025-04-22 13:21:55'),
(3696,437,10,'No',NULL,NULL,'2025-04-22 13:21:56','2025-04-22 13:21:56'),
(3697,437,11,'Yes',NULL,NULL,'2025-04-22 13:21:56','2025-04-22 13:21:56'),
(3698,437,12,'Yes',NULL,NULL,'2025-04-22 13:21:56','2025-04-22 13:21:56'),
(3699,437,13,'No','missing told him about it','/testing-docs/437/13.png','2025-04-22 13:21:57','2025-04-22 13:21:57'),
(3700,437,14,'Yes',NULL,NULL,'2025-04-22 13:21:57','2025-04-22 13:21:57'),
(3701,437,15,'Yes',NULL,NULL,'2025-04-22 13:21:57','2025-04-22 13:21:57'),
(3702,437,16,'Yes',NULL,NULL,'2025-04-22 13:21:58','2025-04-22 13:21:58'),
(3703,437,17,'Yes',NULL,NULL,'2025-04-22 13:21:58','2025-04-22 13:21:58'),
(3704,437,18,'Yes',NULL,NULL,'2025-04-22 13:21:58','2025-04-22 13:21:58'),
(3705,438,1,'No',NULL,NULL,'2025-04-22 13:53:45','2025-04-22 13:53:45'),
(3706,438,2,'Yes',NULL,NULL,'2025-04-22 13:53:45','2025-04-22 13:53:45'),
(3707,438,3,'Yes',NULL,NULL,'2025-04-22 13:53:45','2025-04-22 13:53:45'),
(3708,438,4,'Yes',NULL,NULL,'2025-04-22 13:53:45','2025-04-22 13:53:45'),
(3709,438,5,'Yes',NULL,NULL,'2025-04-22 13:53:46','2025-04-22 13:53:46'),
(3710,438,6,'Yes',NULL,NULL,'2025-04-22 13:53:46','2025-04-22 13:53:46'),
(3711,438,7,'No',NULL,NULL,'2025-04-22 13:53:46','2025-04-22 13:53:46'),
(3712,438,8,'No',NULL,NULL,'2025-04-22 13:53:46','2025-04-22 13:53:46'),
(3713,438,9,'Yes',NULL,NULL,'2025-04-22 13:53:46','2025-04-22 13:53:46'),
(3714,438,10,'No',NULL,NULL,'2025-04-22 13:53:47','2025-04-22 13:53:47'),
(3715,438,11,'Yes',NULL,NULL,'2025-04-22 13:53:47','2025-04-22 13:53:47'),
(3716,438,12,'Yes',NULL,NULL,'2025-04-22 13:53:47','2025-04-22 13:53:47'),
(3717,438,13,'Yes',NULL,NULL,'2025-04-22 13:53:47','2025-04-22 13:53:47'),
(3718,438,14,'Yes',NULL,NULL,'2025-04-22 13:53:48','2025-04-22 13:53:48'),
(3719,438,15,'Yes',NULL,NULL,'2025-04-22 13:53:48','2025-04-22 13:53:48'),
(3720,438,16,'Yes',NULL,NULL,'2025-04-22 13:53:48','2025-04-22 13:53:48'),
(3721,438,17,'Yes',NULL,NULL,'2025-04-22 13:53:48','2025-04-22 13:53:48'),
(3722,438,18,'Yes',NULL,NULL,'2025-04-22 13:53:48','2025-04-22 13:53:48'),
(3723,439,1,'No',NULL,NULL,'2025-04-22 15:18:31','2025-04-22 15:18:31'),
(3724,439,2,'Yes',NULL,NULL,'2025-04-22 15:18:31','2025-04-22 15:18:31'),
(3725,439,3,'Yes',NULL,NULL,'2025-04-22 15:18:31','2025-04-22 15:18:31'),
(3726,439,4,'Yes',NULL,NULL,'2025-04-22 15:18:31','2025-04-22 15:18:31'),
(3727,439,5,'Yes',NULL,NULL,'2025-04-22 15:18:32','2025-04-22 15:18:32'),
(3728,439,6,'Yes',NULL,NULL,'2025-04-22 15:18:32','2025-04-22 15:18:32'),
(3729,439,7,'No',NULL,NULL,'2025-04-22 15:18:32','2025-04-22 15:18:32'),
(3730,439,8,'No',NULL,NULL,'2025-04-22 15:18:32','2025-04-22 15:18:32'),
(3731,439,9,'Yes',NULL,NULL,'2025-04-22 15:18:32','2025-04-22 15:18:32'),
(3732,439,10,'No',NULL,NULL,'2025-04-22 15:18:33','2025-04-22 15:18:33'),
(3733,439,11,'Yes',NULL,NULL,'2025-04-22 15:18:33','2025-04-22 15:18:33'),
(3734,439,12,'Yes',NULL,NULL,'2025-04-22 15:18:33','2025-04-22 15:18:33'),
(3735,439,13,'Yes',NULL,NULL,'2025-04-22 15:18:33','2025-04-22 15:18:33'),
(3736,439,14,'Yes',NULL,NULL,'2025-04-22 15:18:33','2025-04-22 15:18:33'),
(3737,439,15,'Yes',NULL,NULL,'2025-04-22 15:18:34','2025-04-22 15:18:34'),
(3738,439,16,'Yes',NULL,NULL,'2025-04-22 15:18:34','2025-04-22 15:18:34'),
(3739,439,17,'Yes',NULL,NULL,'2025-04-22 15:18:34','2025-04-22 15:18:34'),
(3740,439,18,'Yes',NULL,NULL,'2025-04-22 15:18:34','2025-04-22 15:18:34'),
(3741,440,1,'No',NULL,NULL,'2025-04-22 15:41:38','2025-04-22 15:41:38'),
(3742,440,2,'Yes',NULL,NULL,'2025-04-22 15:41:39','2025-04-22 15:41:39'),
(3743,440,3,'Yes',NULL,NULL,'2025-04-22 15:41:39','2025-04-22 15:41:39'),
(3744,440,4,'Yes',NULL,NULL,'2025-04-22 15:41:39','2025-04-22 15:41:39'),
(3745,440,5,'Yes',NULL,NULL,'2025-04-22 15:41:39','2025-04-22 15:41:39'),
(3746,440,6,'Yes',NULL,NULL,'2025-04-22 15:41:39','2025-04-22 15:41:39'),
(3747,440,7,'No',NULL,NULL,'2025-04-22 15:41:40','2025-04-22 15:41:40'),
(3748,440,8,'No',NULL,NULL,'2025-04-22 15:41:40','2025-04-22 15:41:40'),
(3749,440,9,'Yes',NULL,NULL,'2025-04-22 15:41:40','2025-04-22 15:41:40'),
(3750,440,10,'No',NULL,NULL,'2025-04-22 15:41:40','2025-04-22 15:41:40'),
(3751,440,11,'Yes',NULL,NULL,'2025-04-22 15:41:40','2025-04-22 15:41:40'),
(3752,440,12,'Yes',NULL,NULL,'2025-04-22 15:41:41','2025-04-22 15:41:41'),
(3753,440,13,'Yes',NULL,NULL,'2025-04-22 15:41:41','2025-04-22 15:41:41'),
(3754,440,14,'Yes',NULL,NULL,'2025-04-22 15:41:41','2025-04-22 15:41:41'),
(3755,440,15,'Yes',NULL,NULL,'2025-04-22 15:41:41','2025-04-22 15:41:41'),
(3756,440,16,'Yes',NULL,NULL,'2025-04-22 15:41:41','2025-04-22 15:41:41'),
(3757,440,17,'Yes',NULL,NULL,'2025-04-22 15:41:42','2025-04-22 15:41:42'),
(3758,440,18,'Yes',NULL,NULL,'2025-04-22 15:41:42','2025-04-22 15:41:42'),
(3759,441,1,'No',NULL,NULL,'2025-04-24 11:28:52','2025-04-24 11:28:52'),
(3760,441,2,'Yes',NULL,NULL,'2025-04-24 11:28:52','2025-04-24 11:28:52'),
(3761,441,3,'Yes',NULL,NULL,'2025-04-24 11:28:53','2025-04-24 11:28:53'),
(3762,441,4,'Yes',NULL,NULL,'2025-04-24 11:28:53','2025-04-24 11:28:53'),
(3763,441,5,'Yes',NULL,NULL,'2025-04-24 11:28:53','2025-04-24 11:28:53'),
(3764,441,6,'Yes',NULL,NULL,'2025-04-24 11:28:53','2025-04-24 11:28:53'),
(3765,441,7,'No',NULL,NULL,'2025-04-24 11:28:54','2025-04-24 11:28:54'),
(3766,441,8,'No',NULL,NULL,'2025-04-24 11:28:54','2025-04-24 11:28:54'),
(3767,441,9,'Yes',NULL,NULL,'2025-04-24 11:28:54','2025-04-24 11:28:54'),
(3768,441,10,'No',NULL,NULL,'2025-04-24 11:28:54','2025-04-24 11:28:54'),
(3769,441,11,'Yes',NULL,NULL,'2025-04-24 11:28:54','2025-04-24 11:28:54'),
(3770,441,12,'Yes',NULL,NULL,'2025-04-24 11:28:55','2025-04-24 11:28:55'),
(3771,441,13,'Yes',NULL,NULL,'2025-04-24 11:28:55','2025-04-24 11:28:55'),
(3772,441,14,'Yes',NULL,NULL,'2025-04-24 11:28:55','2025-04-24 11:28:55'),
(3773,441,15,'Yes',NULL,NULL,'2025-04-24 11:28:55','2025-04-24 11:28:55'),
(3774,441,16,'Yes',NULL,NULL,'2025-04-24 11:28:56','2025-04-24 11:28:56'),
(3775,441,17,'Yes',NULL,NULL,'2025-04-24 11:28:56','2025-04-24 11:28:56'),
(3776,441,18,'Yes',NULL,NULL,'2025-04-24 11:28:56','2025-04-24 11:28:56'),
(3777,442,1,'No',NULL,NULL,'2025-04-24 12:06:34','2025-04-24 12:06:34'),
(3778,442,2,'No',NULL,'/testing-docs/442/2.png','2025-04-24 12:06:36','2025-04-24 12:06:36'),
(3779,442,3,'Yes',NULL,NULL,'2025-04-24 12:06:36','2025-04-24 12:06:36'),
(3780,442,4,'Yes',NULL,NULL,'2025-04-24 12:06:37','2025-04-24 12:06:37'),
(3781,442,5,'Yes',NULL,NULL,'2025-04-24 12:06:37','2025-04-24 12:06:37'),
(3782,442,6,'Yes',NULL,NULL,'2025-04-24 12:06:37','2025-04-24 12:06:37'),
(3783,442,7,'No',NULL,NULL,'2025-04-24 12:06:37','2025-04-24 12:06:37'),
(3784,442,8,'No',NULL,NULL,'2025-04-24 12:06:37','2025-04-24 12:06:37'),
(3785,442,9,'Yes',NULL,NULL,'2025-04-24 12:06:37','2025-04-24 12:06:37'),
(3786,442,10,'No',NULL,NULL,'2025-04-24 12:06:38','2025-04-24 12:06:38'),
(3787,442,11,'No','broken','/testing-docs/442/11.png','2025-04-24 12:06:41','2025-04-24 12:06:41'),
(3788,442,12,'Yes',NULL,NULL,'2025-04-24 12:06:41','2025-04-24 12:06:41'),
(3789,442,13,'Yes',NULL,NULL,'2025-04-24 12:06:42','2025-04-24 12:06:42'),
(3790,442,14,'Yes',NULL,NULL,'2025-04-24 12:06:42','2025-04-24 12:06:42'),
(3791,442,15,'Yes',NULL,NULL,'2025-04-24 12:06:42','2025-04-24 12:06:42'),
(3792,442,16,'Yes',NULL,NULL,'2025-04-24 12:06:42','2025-04-24 12:06:42'),
(3793,442,17,'Yes',NULL,NULL,'2025-04-24 12:06:42','2025-04-24 12:06:42'),
(3794,442,18,'Yes',NULL,NULL,'2025-04-24 12:06:43','2025-04-24 12:06:43'),
(3795,443,1,'No',NULL,NULL,'2025-04-24 12:56:50','2025-04-24 12:56:50'),
(3796,443,2,'Yes',NULL,NULL,'2025-04-24 12:56:50','2025-04-24 12:56:50'),
(3797,443,3,'Yes',NULL,NULL,'2025-04-24 12:56:50','2025-04-24 12:56:50'),
(3798,443,4,'Yes',NULL,NULL,'2025-04-24 12:56:51','2025-04-24 12:56:51'),
(3799,443,5,'Yes',NULL,NULL,'2025-04-24 12:56:51','2025-04-24 12:56:51'),
(3800,443,6,'Yes',NULL,NULL,'2025-04-24 12:56:51','2025-04-24 12:56:51'),
(3801,443,7,'No',NULL,NULL,'2025-04-24 12:56:51','2025-04-24 12:56:51'),
(3802,443,8,'No',NULL,NULL,'2025-04-24 12:56:52','2025-04-24 12:56:52'),
(3803,443,9,'Yes',NULL,NULL,'2025-04-24 12:56:52','2025-04-24 12:56:52'),
(3804,443,10,'No',NULL,NULL,'2025-04-24 12:56:52','2025-04-24 12:56:52'),
(3805,443,11,'Yes',NULL,NULL,'2025-04-24 12:56:52','2025-04-24 12:56:52'),
(3806,443,12,'Yes',NULL,NULL,'2025-04-24 12:56:52','2025-04-24 12:56:52'),
(3807,443,13,'Yes',NULL,NULL,'2025-04-24 12:56:53','2025-04-24 12:56:53'),
(3808,443,14,'Yes',NULL,NULL,'2025-04-24 12:56:53','2025-04-24 12:56:53'),
(3809,443,15,'Yes',NULL,NULL,'2025-04-24 12:56:53','2025-04-24 12:56:53'),
(3810,443,16,'Yes',NULL,NULL,'2025-04-24 12:56:53','2025-04-24 12:56:53'),
(3811,443,17,'Yes',NULL,NULL,'2025-04-24 12:56:53','2025-04-24 12:56:53'),
(3812,443,18,'Yes',NULL,NULL,'2025-04-24 12:56:54','2025-04-24 12:56:54'),
(3813,444,1,'No',NULL,NULL,'2025-04-24 13:21:59','2025-04-24 13:21:59'),
(3814,444,2,'Yes',NULL,NULL,'2025-04-24 13:22:00','2025-04-24 13:22:00'),
(3815,444,3,'Yes',NULL,NULL,'2025-04-24 13:22:00','2025-04-24 13:22:00'),
(3816,444,4,'Yes',NULL,NULL,'2025-04-24 13:22:00','2025-04-24 13:22:00'),
(3817,444,5,'Yes',NULL,NULL,'2025-04-24 13:22:00','2025-04-24 13:22:00'),
(3818,444,6,'Yes',NULL,NULL,'2025-04-24 13:22:00','2025-04-24 13:22:00'),
(3819,444,7,'No',NULL,NULL,'2025-04-24 13:22:01','2025-04-24 13:22:01'),
(3820,444,8,'No',NULL,NULL,'2025-04-24 13:22:01','2025-04-24 13:22:01'),
(3821,444,9,'Yes',NULL,NULL,'2025-04-24 13:22:01','2025-04-24 13:22:01'),
(3822,444,10,'No',NULL,NULL,'2025-04-24 13:22:01','2025-04-24 13:22:01'),
(3823,444,11,'Yes',NULL,NULL,'2025-04-24 13:22:01','2025-04-24 13:22:01'),
(3824,444,12,'Yes',NULL,NULL,'2025-04-24 13:22:02','2025-04-24 13:22:02'),
(3825,444,13,'Yes',NULL,NULL,'2025-04-24 13:22:02','2025-04-24 13:22:02'),
(3826,444,14,'Yes',NULL,NULL,'2025-04-24 13:22:02','2025-04-24 13:22:02'),
(3827,444,15,'Yes',NULL,NULL,'2025-04-24 13:22:02','2025-04-24 13:22:02'),
(3828,444,16,'Yes',NULL,NULL,'2025-04-24 13:22:02','2025-04-24 13:22:02'),
(3829,444,17,'Yes',NULL,NULL,'2025-04-24 13:22:03','2025-04-24 13:22:03'),
(3830,444,18,'Yes',NULL,NULL,'2025-04-24 13:22:03','2025-04-24 13:22:03'),
(3831,445,1,'No',NULL,NULL,'2025-04-24 13:35:24','2025-04-24 13:35:24'),
(3832,445,2,'Yes',NULL,NULL,'2025-04-24 13:35:24','2025-04-24 13:35:24'),
(3833,445,3,'Yes',NULL,NULL,'2025-04-24 13:35:25','2025-04-24 13:35:25'),
(3834,445,4,'Yes',NULL,NULL,'2025-04-24 13:35:25','2025-04-24 13:35:25'),
(3835,445,5,'Yes',NULL,NULL,'2025-04-24 13:35:25','2025-04-24 13:35:25'),
(3836,445,6,'Yes',NULL,NULL,'2025-04-24 13:35:25','2025-04-24 13:35:25'),
(3837,445,7,'No',NULL,NULL,'2025-04-24 13:35:25','2025-04-24 13:35:25'),
(3838,445,8,'No',NULL,NULL,'2025-04-24 13:35:26','2025-04-24 13:35:26'),
(3839,445,9,'Yes',NULL,NULL,'2025-04-24 13:35:26','2025-04-24 13:35:26'),
(3840,445,10,'No',NULL,NULL,'2025-04-24 13:35:26','2025-04-24 13:35:26'),
(3841,445,11,'Yes',NULL,NULL,'2025-04-24 13:35:26','2025-04-24 13:35:26'),
(3842,445,12,'Yes',NULL,NULL,'2025-04-24 13:35:26','2025-04-24 13:35:26'),
(3843,445,13,'Yes',NULL,NULL,'2025-04-24 13:35:26','2025-04-24 13:35:26'),
(3844,445,14,'Yes',NULL,NULL,'2025-04-24 13:35:27','2025-04-24 13:35:27'),
(3845,445,15,'Yes',NULL,NULL,'2025-04-24 13:35:27','2025-04-24 13:35:27'),
(3846,445,16,'Yes',NULL,NULL,'2025-04-24 13:35:27','2025-04-24 13:35:27'),
(3847,445,17,'Yes',NULL,NULL,'2025-04-24 13:35:27','2025-04-24 13:35:27'),
(3848,445,18,'Yes',NULL,NULL,'2025-04-24 13:35:27','2025-04-24 13:35:27'),
(3849,446,1,'No',NULL,NULL,'2025-04-24 14:22:09','2025-04-24 14:22:09'),
(3850,446,2,'Yes',NULL,NULL,'2025-04-24 14:22:09','2025-04-24 14:22:09'),
(3851,446,3,'Yes',NULL,NULL,'2025-04-24 14:22:09','2025-04-24 14:22:09'),
(3852,446,4,'Yes',NULL,NULL,'2025-04-24 14:22:10','2025-04-24 14:22:10'),
(3853,446,5,'Yes',NULL,NULL,'2025-04-24 14:22:10','2025-04-24 14:22:10'),
(3854,446,6,'Yes',NULL,NULL,'2025-04-24 14:22:10','2025-04-24 14:22:10'),
(3855,446,7,'No',NULL,NULL,'2025-04-24 14:22:10','2025-04-24 14:22:10'),
(3856,446,8,'No',NULL,NULL,'2025-04-24 14:22:10','2025-04-24 14:22:10'),
(3857,446,9,'Yes',NULL,NULL,'2025-04-24 14:22:11','2025-04-24 14:22:11'),
(3858,446,10,'No',NULL,NULL,'2025-04-24 14:22:11','2025-04-24 14:22:11'),
(3859,446,11,'Yes',NULL,NULL,'2025-04-24 14:22:11','2025-04-24 14:22:11'),
(3860,446,12,'Yes',NULL,NULL,'2025-04-24 14:22:11','2025-04-24 14:22:11'),
(3861,446,13,'Yes',NULL,NULL,'2025-04-24 14:22:11','2025-04-24 14:22:11'),
(3862,446,14,'Yes',NULL,NULL,'2025-04-24 14:22:12','2025-04-24 14:22:12'),
(3863,446,15,'Yes',NULL,NULL,'2025-04-24 14:22:12','2025-04-24 14:22:12'),
(3864,446,16,'Yes',NULL,NULL,'2025-04-24 14:22:12','2025-04-24 14:22:12'),
(3865,446,17,'Yes',NULL,NULL,'2025-04-24 14:22:12','2025-04-24 14:22:12'),
(3866,446,18,'Yes',NULL,NULL,'2025-04-24 14:22:12','2025-04-24 14:22:12'),
(3867,447,1,'No',NULL,NULL,'2025-04-24 14:29:48','2025-04-24 14:29:48'),
(3868,447,2,'Yes',NULL,NULL,'2025-04-24 14:29:48','2025-04-24 14:29:48'),
(3869,447,3,'Yes',NULL,NULL,'2025-04-24 14:29:49','2025-04-24 14:29:49'),
(3870,447,4,'Yes',NULL,NULL,'2025-04-24 14:29:49','2025-04-24 14:29:49'),
(3871,447,5,'Yes',NULL,NULL,'2025-04-24 14:29:49','2025-04-24 14:29:49'),
(3872,447,6,'Yes',NULL,NULL,'2025-04-24 14:29:49','2025-04-24 14:29:49'),
(3873,447,7,'No',NULL,NULL,'2025-04-24 14:29:49','2025-04-24 14:29:49'),
(3874,447,8,'No',NULL,NULL,'2025-04-24 14:29:50','2025-04-24 14:29:50'),
(3875,447,9,'Yes',NULL,NULL,'2025-04-24 14:29:50','2025-04-24 14:29:50'),
(3876,447,10,'No',NULL,NULL,'2025-04-24 14:29:50','2025-04-24 14:29:50'),
(3877,447,11,'Yes',NULL,NULL,'2025-04-24 14:29:50','2025-04-24 14:29:50'),
(3878,447,12,'Yes',NULL,NULL,'2025-04-24 14:29:50','2025-04-24 14:29:50'),
(3879,447,13,'Yes',NULL,NULL,'2025-04-24 14:29:51','2025-04-24 14:29:51'),
(3880,447,14,'Yes',NULL,NULL,'2025-04-24 14:29:51','2025-04-24 14:29:51'),
(3881,447,15,'Yes',NULL,NULL,'2025-04-24 14:29:51','2025-04-24 14:29:51'),
(3882,447,16,'Yes',NULL,NULL,'2025-04-24 14:29:51','2025-04-24 14:29:51'),
(3883,447,17,'Yes',NULL,NULL,'2025-04-24 14:29:51','2025-04-24 14:29:51'),
(3884,447,18,'Yes',NULL,NULL,'2025-04-24 14:29:52','2025-04-24 14:29:52'),
(3885,448,1,'No',NULL,NULL,'2025-04-24 14:42:18','2025-04-24 14:42:18'),
(3886,448,2,'Yes',NULL,NULL,'2025-04-24 14:42:18','2025-04-24 14:42:18'),
(3887,448,3,'Yes',NULL,NULL,'2025-04-24 14:42:19','2025-04-24 14:42:19'),
(3888,448,4,'Yes',NULL,NULL,'2025-04-24 14:42:19','2025-04-24 14:42:19'),
(3889,448,5,'Yes',NULL,NULL,'2025-04-24 14:42:19','2025-04-24 14:42:19'),
(3890,448,6,'Yes',NULL,NULL,'2025-04-24 14:42:19','2025-04-24 14:42:19'),
(3891,448,7,'No',NULL,NULL,'2025-04-24 14:42:19','2025-04-24 14:42:19'),
(3892,448,8,'No',NULL,NULL,'2025-04-24 14:42:20','2025-04-24 14:42:20'),
(3893,448,9,'Yes',NULL,NULL,'2025-04-24 14:42:20','2025-04-24 14:42:20'),
(3894,448,10,'No',NULL,NULL,'2025-04-24 14:42:20','2025-04-24 14:42:20'),
(3895,448,11,'Yes',NULL,NULL,'2025-04-24 14:42:20','2025-04-24 14:42:20'),
(3896,448,12,'Yes',NULL,NULL,'2025-04-24 14:42:20','2025-04-24 14:42:20'),
(3897,448,13,'Yes',NULL,NULL,'2025-04-24 14:42:21','2025-04-24 14:42:21'),
(3898,448,14,'Yes',NULL,NULL,'2025-04-24 14:42:21','2025-04-24 14:42:21'),
(3899,448,15,'Yes',NULL,NULL,'2025-04-24 14:42:21','2025-04-24 14:42:21'),
(3900,448,16,'Yes',NULL,NULL,'2025-04-24 14:42:21','2025-04-24 14:42:21'),
(3901,448,17,'Yes',NULL,NULL,'2025-04-24 14:42:21','2025-04-24 14:42:21'),
(3902,448,18,'Yes',NULL,NULL,'2025-04-24 14:42:22','2025-04-24 14:42:22'),
(3903,449,1,'No',NULL,NULL,'2025-04-24 15:09:42','2025-04-24 15:09:42'),
(3904,449,2,'Yes',NULL,NULL,'2025-04-24 15:09:42','2025-04-24 15:09:42'),
(3905,449,3,'Yes',NULL,NULL,'2025-04-24 15:09:42','2025-04-24 15:09:42'),
(3906,449,4,'Yes',NULL,NULL,'2025-04-24 15:09:42','2025-04-24 15:09:42'),
(3907,449,5,'Yes',NULL,NULL,'2025-04-24 15:09:42','2025-04-24 15:09:42'),
(3908,449,6,'Yes',NULL,NULL,'2025-04-24 15:09:42','2025-04-24 15:09:42'),
(3909,449,7,'No',NULL,NULL,'2025-04-24 15:09:43','2025-04-24 15:09:43'),
(3910,449,8,'No',NULL,NULL,'2025-04-24 15:09:43','2025-04-24 15:09:43'),
(3911,449,9,'Yes',NULL,NULL,'2025-04-24 15:09:43','2025-04-24 15:09:43'),
(3912,449,10,'No',NULL,NULL,'2025-04-24 15:09:43','2025-04-24 15:09:43'),
(3913,449,11,'Yes',NULL,NULL,'2025-04-24 15:09:43','2025-04-24 15:09:43'),
(3914,449,12,'Yes',NULL,NULL,'2025-04-24 15:09:44','2025-04-24 15:09:44'),
(3915,449,13,'Yes',NULL,NULL,'2025-04-24 15:09:44','2025-04-24 15:09:44'),
(3916,449,14,'Yes',NULL,NULL,'2025-04-24 15:09:44','2025-04-24 15:09:44'),
(3917,449,15,'Yes',NULL,NULL,'2025-04-24 15:09:44','2025-04-24 15:09:44'),
(3918,449,16,'Yes',NULL,NULL,'2025-04-24 15:09:44','2025-04-24 15:09:44'),
(3919,449,17,'Yes',NULL,NULL,'2025-04-24 15:09:45','2025-04-24 15:09:45'),
(3920,449,18,'Yes',NULL,NULL,'2025-04-24 15:09:45','2025-04-24 15:09:45'),
(3921,450,1,'No',NULL,NULL,'2025-04-24 15:37:28','2025-04-24 15:37:28'),
(3922,450,2,'Yes',NULL,NULL,'2025-04-24 15:37:28','2025-04-24 15:37:28'),
(3923,450,3,'Yes',NULL,NULL,'2025-04-24 15:37:29','2025-04-24 15:37:29'),
(3924,450,4,'Yes',NULL,NULL,'2025-04-24 15:37:29','2025-04-24 15:37:29'),
(3925,450,5,'Yes',NULL,NULL,'2025-04-24 15:37:29','2025-04-24 15:37:29'),
(3926,450,6,'Yes',NULL,NULL,'2025-04-24 15:37:29','2025-04-24 15:37:29'),
(3927,450,7,'No',NULL,NULL,'2025-04-24 15:37:30','2025-04-24 15:37:30'),
(3928,450,8,'No',NULL,NULL,'2025-04-24 15:37:30','2025-04-24 15:37:30'),
(3929,450,9,'Yes',NULL,NULL,'2025-04-24 15:37:30','2025-04-24 15:37:30'),
(3930,450,10,'No',NULL,NULL,'2025-04-24 15:37:30','2025-04-24 15:37:30'),
(3931,450,11,'Yes',NULL,NULL,'2025-04-24 15:37:31','2025-04-24 15:37:31'),
(3932,450,12,'Yes',NULL,NULL,'2025-04-24 15:37:31','2025-04-24 15:37:31'),
(3933,450,13,'Yes',NULL,NULL,'2025-04-24 15:37:31','2025-04-24 15:37:31'),
(3934,450,14,'Yes',NULL,NULL,'2025-04-24 15:37:31','2025-04-24 15:37:31'),
(3935,450,15,'Yes',NULL,NULL,'2025-04-24 15:37:32','2025-04-24 15:37:32'),
(3936,450,16,'Yes',NULL,NULL,'2025-04-24 15:37:32','2025-04-24 15:37:32'),
(3937,450,17,'Yes',NULL,NULL,'2025-04-24 15:37:33','2025-04-24 15:37:33'),
(3938,450,18,'Yes',NULL,NULL,'2025-04-24 15:37:33','2025-04-24 15:37:33'),
(3939,452,1,'No',NULL,NULL,'2025-04-24 16:02:44','2025-04-24 16:02:44'),
(3940,452,2,'Yes',NULL,NULL,'2025-04-24 16:02:44','2025-04-24 16:02:44'),
(3941,452,3,'Yes',NULL,NULL,'2025-04-24 16:02:45','2025-04-24 16:02:45'),
(3942,452,4,'Yes',NULL,NULL,'2025-04-24 16:02:45','2025-04-24 16:02:45'),
(3943,452,5,'Yes',NULL,NULL,'2025-04-24 16:02:45','2025-04-24 16:02:45'),
(3944,452,6,'Yes',NULL,NULL,'2025-04-24 16:02:45','2025-04-24 16:02:45'),
(3945,452,7,'No',NULL,NULL,'2025-04-24 16:02:45','2025-04-24 16:02:45'),
(3946,452,8,'No',NULL,NULL,'2025-04-24 16:02:46','2025-04-24 16:02:46'),
(3947,452,9,'Yes',NULL,NULL,'2025-04-24 16:02:46','2025-04-24 16:02:46'),
(3948,452,10,'No',NULL,NULL,'2025-04-24 16:02:46','2025-04-24 16:02:46'),
(3949,452,11,'Yes',NULL,NULL,'2025-04-24 16:02:46','2025-04-24 16:02:46'),
(3950,452,12,'Yes',NULL,NULL,'2025-04-24 16:02:47','2025-04-24 16:02:47'),
(3951,452,13,'Yes',NULL,NULL,'2025-04-24 16:02:47','2025-04-24 16:02:47'),
(3952,452,14,'Yes',NULL,NULL,'2025-04-24 16:02:47','2025-04-24 16:02:47'),
(3953,452,15,'Yes',NULL,NULL,'2025-04-24 16:02:47','2025-04-24 16:02:47'),
(3954,452,16,'Yes',NULL,NULL,'2025-04-24 16:02:47','2025-04-24 16:02:47'),
(3955,452,17,'Yes',NULL,NULL,'2025-04-24 16:02:48','2025-04-24 16:02:48'),
(3956,452,18,'Yes',NULL,NULL,'2025-04-24 16:02:48','2025-04-24 16:02:48'),
(3957,453,1,'No',NULL,NULL,'2025-04-24 16:42:16','2025-04-24 16:42:16'),
(3958,453,2,'Yes',NULL,NULL,'2025-04-24 16:42:16','2025-04-24 16:42:16'),
(3959,453,3,'Yes',NULL,NULL,'2025-04-24 16:42:16','2025-04-24 16:42:16'),
(3960,453,4,'Yes',NULL,NULL,'2025-04-24 16:42:17','2025-04-24 16:42:17'),
(3961,453,5,'Yes',NULL,NULL,'2025-04-24 16:42:17','2025-04-24 16:42:17'),
(3962,453,6,'Yes',NULL,NULL,'2025-04-24 16:42:17','2025-04-24 16:42:17'),
(3963,453,7,'No',NULL,NULL,'2025-04-24 16:42:17','2025-04-24 16:42:17'),
(3964,453,8,'No',NULL,NULL,'2025-04-24 16:42:17','2025-04-24 16:42:17'),
(3965,453,9,'Yes',NULL,NULL,'2025-04-24 16:42:18','2025-04-24 16:42:18'),
(3966,453,10,'No',NULL,NULL,'2025-04-24 16:42:18','2025-04-24 16:42:18'),
(3967,453,11,'Yes',NULL,NULL,'2025-04-24 16:42:18','2025-04-24 16:42:18'),
(3968,453,12,'Yes',NULL,NULL,'2025-04-24 16:42:18','2025-04-24 16:42:18'),
(3969,453,13,'Yes',NULL,NULL,'2025-04-24 16:42:18','2025-04-24 16:42:18'),
(3970,453,14,'Yes',NULL,NULL,'2025-04-24 16:42:19','2025-04-24 16:42:19'),
(3971,453,15,'Yes',NULL,NULL,'2025-04-24 16:42:19','2025-04-24 16:42:19'),
(3972,453,16,'Yes',NULL,NULL,'2025-04-24 16:42:19','2025-04-24 16:42:19'),
(3973,453,17,'Yes',NULL,NULL,'2025-04-24 16:42:19','2025-04-24 16:42:19'),
(3974,453,18,'Yes',NULL,NULL,'2025-04-24 16:42:19','2025-04-24 16:42:19'),
(3975,451,1,'No',NULL,NULL,'2025-04-24 17:34:57','2025-04-24 17:34:57'),
(3976,451,2,'Yes',NULL,NULL,'2025-04-24 17:34:57','2025-04-24 17:34:57'),
(3977,451,3,'Yes',NULL,NULL,'2025-04-24 17:34:57','2025-04-24 17:34:57'),
(3978,451,4,'Yes',NULL,NULL,'2025-04-24 17:34:58','2025-04-24 17:34:58'),
(3979,451,5,'Yes',NULL,NULL,'2025-04-24 17:34:58','2025-04-24 17:34:58'),
(3980,451,6,'Yes',NULL,NULL,'2025-04-24 17:34:58','2025-04-24 17:34:58'),
(3981,451,7,'No',NULL,NULL,'2025-04-24 17:34:58','2025-04-24 17:34:58'),
(3982,451,8,'No',NULL,NULL,'2025-04-24 17:34:58','2025-04-24 17:34:58'),
(3983,451,9,'Yes',NULL,NULL,'2025-04-24 17:34:59','2025-04-24 17:34:59'),
(3984,451,10,'No',NULL,NULL,'2025-04-24 17:34:59','2025-04-24 17:34:59'),
(3985,451,11,'Yes',NULL,NULL,'2025-04-24 17:34:59','2025-04-24 17:34:59'),
(3986,451,12,'Yes',NULL,NULL,'2025-04-24 17:34:59','2025-04-24 17:34:59'),
(3987,451,13,'Yes',NULL,NULL,'2025-04-24 17:34:59','2025-04-24 17:34:59'),
(3988,451,14,'Yes',NULL,NULL,'2025-04-24 17:35:00','2025-04-24 17:35:00'),
(3989,451,15,'Yes',NULL,NULL,'2025-04-24 17:35:00','2025-04-24 17:35:00'),
(3990,451,16,'Yes',NULL,NULL,'2025-04-24 17:35:00','2025-04-24 17:35:00'),
(3991,451,17,'Yes',NULL,NULL,'2025-04-24 17:35:00','2025-04-24 17:35:00'),
(3992,451,18,'Yes',NULL,NULL,'2025-04-24 17:35:01','2025-04-24 17:35:01'),
(3993,454,1,'No',NULL,NULL,'2025-05-02 12:15:58','2025-05-02 12:15:58'),
(3994,454,2,'Yes',NULL,NULL,'2025-05-02 12:15:58','2025-05-02 12:15:58'),
(3995,454,3,'Yes',NULL,NULL,'2025-05-02 12:15:58','2025-05-02 12:15:58'),
(3996,454,4,'Yes',NULL,NULL,'2025-05-02 12:15:59','2025-05-02 12:15:59'),
(3997,454,5,'Yes',NULL,NULL,'2025-05-02 12:15:59','2025-05-02 12:15:59'),
(3998,454,6,'Yes',NULL,NULL,'2025-05-02 12:15:59','2025-05-02 12:15:59'),
(3999,454,7,'No',NULL,NULL,'2025-05-02 12:15:59','2025-05-02 12:15:59'),
(4000,454,8,'No',NULL,NULL,'2025-05-02 12:15:59','2025-05-02 12:15:59'),
(4001,454,9,'Yes',NULL,NULL,'2025-05-02 12:16:00','2025-05-02 12:16:00'),
(4002,454,10,'No',NULL,NULL,'2025-05-02 12:16:00','2025-05-02 12:16:00'),
(4003,454,11,'Yes',NULL,NULL,'2025-05-02 12:16:00','2025-05-02 12:16:00'),
(4004,454,12,'Yes',NULL,NULL,'2025-05-02 12:16:00','2025-05-02 12:16:00'),
(4005,454,13,'Yes',NULL,NULL,'2025-05-02 12:16:01','2025-05-02 12:16:01'),
(4006,454,14,'Yes',NULL,NULL,'2025-05-02 12:16:01','2025-05-02 12:16:01'),
(4007,454,15,'Yes',NULL,NULL,'2025-05-02 12:16:01','2025-05-02 12:16:01'),
(4008,454,16,'Yes',NULL,NULL,'2025-05-02 12:16:01','2025-05-02 12:16:01'),
(4009,454,17,'Yes',NULL,NULL,'2025-05-02 12:16:01','2025-05-02 12:16:01'),
(4010,454,18,'Yes',NULL,NULL,'2025-05-02 12:16:02','2025-05-02 12:16:02'),
(4011,455,1,'No',NULL,NULL,'2025-05-02 12:26:16','2025-05-02 12:26:16'),
(4012,455,2,'Yes',NULL,NULL,'2025-05-02 12:26:17','2025-05-02 12:26:17'),
(4013,455,3,'Yes',NULL,NULL,'2025-05-02 12:26:17','2025-05-02 12:26:17'),
(4014,455,4,'Yes',NULL,NULL,'2025-05-02 12:26:17','2025-05-02 12:26:17'),
(4015,455,5,'Yes',NULL,NULL,'2025-05-02 12:26:17','2025-05-02 12:26:17'),
(4016,455,6,'Yes',NULL,NULL,'2025-05-02 12:26:17','2025-05-02 12:26:17'),
(4017,455,7,'No',NULL,NULL,'2025-05-02 12:26:18','2025-05-02 12:26:18'),
(4018,455,8,'No',NULL,NULL,'2025-05-02 12:26:18','2025-05-02 12:26:18'),
(4019,455,9,'Yes',NULL,NULL,'2025-05-02 12:26:18','2025-05-02 12:26:18'),
(4020,455,10,'No',NULL,NULL,'2025-05-02 12:26:18','2025-05-02 12:26:18'),
(4021,455,11,'Yes',NULL,NULL,'2025-05-02 12:26:18','2025-05-02 12:26:18'),
(4022,455,12,'Yes',NULL,NULL,'2025-05-02 12:26:19','2025-05-02 12:26:19'),
(4023,455,13,'Yes',NULL,NULL,'2025-05-02 12:26:19','2025-05-02 12:26:19'),
(4024,455,14,'Yes',NULL,NULL,'2025-05-02 12:26:19','2025-05-02 12:26:19'),
(4025,455,15,'Yes',NULL,NULL,'2025-05-02 12:26:19','2025-05-02 12:26:19'),
(4026,455,16,'Yes',NULL,NULL,'2025-05-02 12:26:19','2025-05-02 12:26:19'),
(4027,455,17,'Yes',NULL,NULL,'2025-05-02 12:26:20','2025-05-02 12:26:20'),
(4028,455,18,'Yes',NULL,NULL,'2025-05-02 12:26:20','2025-05-02 12:26:20'),
(4029,456,1,'No',NULL,NULL,'2025-05-02 12:44:12','2025-05-02 12:44:12'),
(4030,456,2,'Yes',NULL,NULL,'2025-05-02 12:44:12','2025-05-02 12:44:12'),
(4031,456,3,'Yes',NULL,NULL,'2025-05-02 12:44:12','2025-05-02 12:44:12'),
(4032,456,4,'Yes',NULL,NULL,'2025-05-02 12:44:12','2025-05-02 12:44:12'),
(4033,456,5,'Yes',NULL,NULL,'2025-05-02 12:44:13','2025-05-02 12:44:13'),
(4034,456,6,'Yes',NULL,NULL,'2025-05-02 12:44:13','2025-05-02 12:44:13'),
(4035,456,7,'No',NULL,NULL,'2025-05-02 12:44:20','2025-05-02 12:44:20'),
(4036,456,8,'No',NULL,NULL,'2025-05-02 12:44:20','2025-05-02 12:44:20'),
(4037,456,9,'Yes',NULL,NULL,'2025-05-02 12:44:20','2025-05-02 12:44:20'),
(4038,456,10,'No',NULL,NULL,'2025-05-02 12:44:20','2025-05-02 12:44:20'),
(4039,456,11,'Yes',NULL,NULL,'2025-05-02 12:44:21','2025-05-02 12:44:21'),
(4040,456,12,'Yes',NULL,NULL,'2025-05-02 12:44:21','2025-05-02 12:44:21'),
(4041,456,13,'Yes',NULL,NULL,'2025-05-02 12:44:21','2025-05-02 12:44:21'),
(4042,456,14,'Yes',NULL,NULL,'2025-05-02 12:44:21','2025-05-02 12:44:21'),
(4043,456,15,'Yes',NULL,NULL,'2025-05-02 12:44:21','2025-05-02 12:44:21'),
(4044,456,16,'Yes',NULL,NULL,'2025-05-02 12:44:22','2025-05-02 12:44:22'),
(4045,456,17,'Yes',NULL,NULL,'2025-05-02 12:44:22','2025-05-02 12:44:22'),
(4046,456,18,'Yes',NULL,NULL,'2025-05-02 12:44:22','2025-05-02 12:44:22'),
(4047,457,1,'No',NULL,NULL,'2025-05-02 12:59:03','2025-05-02 12:59:03'),
(4048,457,2,'Yes',NULL,NULL,'2025-05-02 12:59:04','2025-05-02 12:59:04'),
(4049,457,3,'Yes',NULL,NULL,'2025-05-02 12:59:04','2025-05-02 12:59:04'),
(4050,457,4,'Yes',NULL,NULL,'2025-05-02 12:59:04','2025-05-02 12:59:04'),
(4051,457,5,'Yes',NULL,NULL,'2025-05-02 12:59:04','2025-05-02 12:59:04'),
(4052,457,6,'Yes',NULL,NULL,'2025-05-02 12:59:04','2025-05-02 12:59:04'),
(4053,457,7,'No',NULL,NULL,'2025-05-02 12:59:05','2025-05-02 12:59:05'),
(4054,457,8,'No',NULL,NULL,'2025-05-02 12:59:05','2025-05-02 12:59:05'),
(4055,457,9,'Yes',NULL,NULL,'2025-05-02 12:59:05','2025-05-02 12:59:05'),
(4056,457,10,'No',NULL,NULL,'2025-05-02 12:59:05','2025-05-02 12:59:05'),
(4057,457,11,'Yes',NULL,NULL,'2025-05-02 12:59:05','2025-05-02 12:59:05'),
(4058,457,12,'Yes',NULL,NULL,'2025-05-02 12:59:06','2025-05-02 12:59:06'),
(4059,457,13,'Yes',NULL,NULL,'2025-05-02 12:59:06','2025-05-02 12:59:06'),
(4060,457,14,'Yes',NULL,NULL,'2025-05-02 12:59:06','2025-05-02 12:59:06'),
(4061,457,15,'Yes',NULL,NULL,'2025-05-02 12:59:06','2025-05-02 12:59:06'),
(4062,457,16,'Yes',NULL,NULL,'2025-05-02 12:59:06','2025-05-02 12:59:06'),
(4063,457,17,'Yes',NULL,NULL,'2025-05-02 12:59:07','2025-05-02 12:59:07'),
(4064,457,18,'Yes',NULL,NULL,'2025-05-02 12:59:07','2025-05-02 12:59:07'),
(4065,458,1,'No',NULL,NULL,'2025-05-02 13:18:12','2025-05-02 13:18:12'),
(4066,458,2,'Yes',NULL,NULL,'2025-05-02 13:18:12','2025-05-02 13:18:12'),
(4067,458,3,'Yes',NULL,NULL,'2025-05-02 13:18:12','2025-05-02 13:18:12'),
(4068,458,4,'Yes','notified him of missing stickers will bring next time',NULL,'2025-05-02 13:18:12','2025-05-02 13:18:44'),
(4069,458,5,'Yes',NULL,NULL,'2025-05-02 13:18:12','2025-05-02 13:18:12'),
(4070,458,6,'Yes',NULL,NULL,'2025-05-02 13:18:13','2025-05-02 13:18:13'),
(4071,458,7,'No',NULL,NULL,'2025-05-02 13:18:13','2025-05-02 13:18:13'),
(4072,458,8,'No',NULL,NULL,'2025-05-02 13:18:13','2025-05-02 13:18:13'),
(4073,458,9,'Yes',NULL,NULL,'2025-05-02 13:18:13','2025-05-02 13:18:13'),
(4074,458,10,'No',NULL,NULL,'2025-05-02 13:18:13','2025-05-02 13:18:13'),
(4075,458,11,'Yes',NULL,NULL,'2025-05-02 13:18:14','2025-05-02 13:18:14'),
(4076,458,12,'Yes',NULL,NULL,'2025-05-02 13:18:14','2025-05-02 13:18:14'),
(4077,458,13,'Yes',NULL,NULL,'2025-05-02 13:18:14','2025-05-02 13:18:14'),
(4078,458,14,'Yes',NULL,NULL,'2025-05-02 13:18:14','2025-05-02 13:18:14'),
(4079,458,15,'Yes',NULL,NULL,'2025-05-02 13:18:15','2025-05-02 13:18:15'),
(4080,458,16,'Yes',NULL,NULL,'2025-05-02 13:18:15','2025-05-02 13:18:15'),
(4081,458,17,'Yes',NULL,NULL,'2025-05-02 13:18:15','2025-05-02 13:18:15'),
(4082,458,18,'Yes',NULL,NULL,'2025-05-02 13:18:15','2025-05-02 13:18:15'),
(4083,459,1,'No',NULL,NULL,'2025-05-02 13:30:22','2025-05-02 13:30:22'),
(4084,459,2,'Yes',NULL,NULL,'2025-05-02 13:30:22','2025-05-02 13:30:22'),
(4085,459,3,'Yes',NULL,NULL,'2025-05-02 13:30:22','2025-05-02 13:30:22'),
(4086,459,4,'Yes',NULL,NULL,'2025-05-02 13:30:22','2025-05-02 13:30:22'),
(4087,459,5,'Yes',NULL,NULL,'2025-05-02 13:30:23','2025-05-02 13:30:23'),
(4088,459,6,'Yes',NULL,NULL,'2025-05-02 13:30:23','2025-05-02 13:30:23'),
(4089,459,7,'No',NULL,NULL,'2025-05-02 13:30:23','2025-05-02 13:30:23'),
(4090,459,8,'No',NULL,NULL,'2025-05-02 13:30:23','2025-05-02 13:30:23'),
(4091,459,9,'Yes',NULL,NULL,'2025-05-02 13:30:23','2025-05-02 13:30:23'),
(4092,459,10,'No',NULL,NULL,'2025-05-02 13:30:24','2025-05-02 13:30:24'),
(4093,459,11,'Yes',NULL,NULL,'2025-05-02 13:30:24','2025-05-02 13:30:24'),
(4094,459,12,'Yes',NULL,NULL,'2025-05-02 13:30:24','2025-05-02 13:30:24'),
(4095,459,13,'Yes',NULL,NULL,'2025-05-02 13:30:24','2025-05-02 13:30:24'),
(4096,459,14,'Yes',NULL,NULL,'2025-05-02 13:30:24','2025-05-02 13:30:24'),
(4097,459,15,'Yes',NULL,NULL,'2025-05-02 13:30:25','2025-05-02 13:30:25'),
(4098,459,16,'Yes',NULL,NULL,'2025-05-02 13:30:25','2025-05-02 13:30:25'),
(4099,459,17,'Yes',NULL,NULL,'2025-05-02 13:30:25','2025-05-02 13:30:25'),
(4100,459,18,'Yes',NULL,NULL,'2025-05-02 13:30:25','2025-05-02 13:30:25'),
(4101,460,1,'No',NULL,NULL,'2025-05-02 13:42:36','2025-05-02 13:42:36'),
(4102,460,2,'Yes',NULL,NULL,'2025-05-02 13:42:36','2025-05-02 13:42:36'),
(4103,460,3,'Yes',NULL,NULL,'2025-05-02 13:42:36','2025-05-02 13:42:36'),
(4104,460,4,'Yes',NULL,NULL,'2025-05-02 13:42:36','2025-05-02 13:42:36'),
(4105,460,5,'Yes',NULL,NULL,'2025-05-02 13:42:36','2025-05-02 13:42:36'),
(4106,460,6,'Yes',NULL,NULL,'2025-05-02 13:42:36','2025-05-02 13:42:36'),
(4107,460,7,'No',NULL,NULL,'2025-05-02 13:42:37','2025-05-02 13:42:37'),
(4108,460,8,'No',NULL,NULL,'2025-05-02 13:42:37','2025-05-02 13:42:37'),
(4109,460,9,'Yes',NULL,NULL,'2025-05-02 13:42:37','2025-05-02 13:42:37'),
(4110,460,10,'No',NULL,NULL,'2025-05-02 13:42:37','2025-05-02 13:42:37'),
(4111,460,11,'Yes',NULL,NULL,'2025-05-02 13:42:37','2025-05-02 13:42:37'),
(4112,460,12,'Yes',NULL,NULL,'2025-05-02 13:42:38','2025-05-02 13:42:38'),
(4113,460,13,'Yes',NULL,NULL,'2025-05-02 13:42:38','2025-05-02 13:42:38'),
(4114,460,14,'Yes',NULL,NULL,'2025-05-02 13:42:38','2025-05-02 13:42:38'),
(4115,460,15,'Yes',NULL,NULL,'2025-05-02 13:42:38','2025-05-02 13:42:38'),
(4116,460,16,'Yes',NULL,NULL,'2025-05-02 13:42:38','2025-05-02 13:42:38'),
(4117,460,17,'Yes',NULL,NULL,'2025-05-02 13:42:39','2025-05-02 13:42:39'),
(4118,460,18,'Yes',NULL,NULL,'2025-05-02 13:42:39','2025-05-02 13:42:39'),
(4119,461,1,'No',NULL,NULL,'2025-05-02 13:58:26','2025-05-02 13:58:26'),
(4120,461,2,'Yes',NULL,NULL,'2025-05-02 13:58:27','2025-05-02 13:58:27'),
(4121,461,3,'Yes',NULL,NULL,'2025-05-02 13:58:27','2025-05-02 13:58:27'),
(4122,461,4,'Yes',NULL,NULL,'2025-05-02 13:58:27','2025-05-02 13:58:27'),
(4123,461,5,'Yes',NULL,NULL,'2025-05-02 13:58:27','2025-05-02 13:58:27'),
(4124,461,6,'Yes',NULL,NULL,'2025-05-02 13:58:27','2025-05-02 13:58:27'),
(4125,461,7,'No',NULL,NULL,'2025-05-02 13:58:28','2025-05-02 13:58:28'),
(4126,461,8,'No',NULL,NULL,'2025-05-02 13:58:28','2025-05-02 13:58:28'),
(4127,461,9,'Yes',NULL,NULL,'2025-05-02 13:58:28','2025-05-02 13:58:28'),
(4128,461,10,'No',NULL,NULL,'2025-05-02 13:58:28','2025-05-02 13:58:28'),
(4129,461,11,'Yes',NULL,NULL,'2025-05-02 13:58:28','2025-05-02 13:58:28'),
(4130,461,12,'Yes',NULL,NULL,'2025-05-02 13:58:29','2025-05-02 13:58:29'),
(4131,461,13,'Yes',NULL,NULL,'2025-05-02 13:58:29','2025-05-02 13:58:29'),
(4132,461,14,'Yes',NULL,NULL,'2025-05-02 13:58:29','2025-05-02 13:58:29'),
(4133,461,15,'Yes',NULL,NULL,'2025-05-02 13:58:29','2025-05-02 13:58:29'),
(4134,461,16,'Yes',NULL,NULL,'2025-05-02 13:58:29','2025-05-02 13:58:29'),
(4135,461,17,'Yes',NULL,NULL,'2025-05-02 13:58:30','2025-05-02 13:58:30'),
(4136,461,18,'Yes',NULL,NULL,'2025-05-02 13:58:30','2025-05-02 13:58:30'),
(4137,462,1,'No',NULL,NULL,'2025-05-02 14:16:05','2025-05-02 14:16:05'),
(4138,462,2,'No','informed them','/testing-docs/462/2.png','2025-05-02 14:16:05','2025-05-02 14:16:05'),
(4139,462,3,'Yes',NULL,NULL,'2025-05-02 14:16:06','2025-05-02 14:16:06'),
(4140,462,4,'Yes',NULL,NULL,'2025-05-02 14:16:06','2025-05-02 14:16:06'),
(4141,462,5,'Yes',NULL,NULL,'2025-05-02 14:16:06','2025-05-02 14:16:06'),
(4142,462,6,'Yes',NULL,NULL,'2025-05-02 14:16:06','2025-05-02 14:16:06'),
(4143,462,7,'No',NULL,NULL,'2025-05-02 14:16:06','2025-05-02 14:16:06'),
(4144,462,8,'No',NULL,NULL,'2025-05-02 14:16:07','2025-05-02 14:16:07'),
(4145,462,9,'Yes',NULL,NULL,'2025-05-02 14:16:07','2025-05-02 14:16:07'),
(4146,462,10,'No',NULL,NULL,'2025-05-02 14:16:07','2025-05-02 14:16:07'),
(4147,462,11,'Yes',NULL,NULL,'2025-05-02 14:16:07','2025-05-02 14:16:07'),
(4148,462,12,'Yes',NULL,NULL,'2025-05-02 14:16:07','2025-05-02 14:16:07'),
(4149,462,13,'Yes',NULL,NULL,'2025-05-02 14:16:08','2025-05-02 14:16:08'),
(4150,462,14,'Yes',NULL,NULL,'2025-05-02 14:16:08','2025-05-02 14:16:08'),
(4151,462,15,'Yes',NULL,NULL,'2025-05-02 14:16:08','2025-05-02 14:16:08'),
(4152,462,16,'Yes',NULL,NULL,'2025-05-02 14:16:08','2025-05-02 14:16:08'),
(4153,462,17,'Yes',NULL,NULL,'2025-05-02 14:16:08','2025-05-02 14:16:08'),
(4154,462,18,'Yes',NULL,NULL,'2025-05-02 14:16:09','2025-05-02 14:16:09'),
(4155,463,1,'No',NULL,NULL,'2025-05-02 14:37:50','2025-05-02 14:37:50'),
(4156,463,2,'Yes',NULL,NULL,'2025-05-02 14:37:50','2025-05-02 14:37:50'),
(4157,463,3,'Yes',NULL,NULL,'2025-05-02 14:37:50','2025-05-02 14:37:50'),
(4158,463,4,'Yes',NULL,NULL,'2025-05-02 14:37:50','2025-05-02 14:37:50'),
(4159,463,5,'Yes',NULL,NULL,'2025-05-02 14:37:50','2025-05-02 14:37:50'),
(4160,463,6,'Yes',NULL,NULL,'2025-05-02 14:37:51','2025-05-02 14:37:51'),
(4161,463,7,'No',NULL,NULL,'2025-05-02 14:37:51','2025-05-02 14:37:51'),
(4162,463,8,'No',NULL,NULL,'2025-05-02 14:37:51','2025-05-02 14:37:51'),
(4163,463,9,'Yes',NULL,NULL,'2025-05-02 14:37:51','2025-05-02 14:37:51'),
(4164,463,10,'No',NULL,NULL,'2025-05-02 14:37:51','2025-05-02 14:37:51'),
(4165,463,11,'Yes',NULL,NULL,'2025-05-02 14:37:52','2025-05-02 14:37:52'),
(4166,463,12,'Yes',NULL,NULL,'2025-05-02 14:37:52','2025-05-02 14:37:52'),
(4167,463,13,'Yes',NULL,NULL,'2025-05-02 14:37:52','2025-05-02 14:37:52'),
(4168,463,14,'Yes',NULL,NULL,'2025-05-02 14:37:52','2025-05-02 14:37:52'),
(4169,463,15,'Yes',NULL,NULL,'2025-05-02 14:37:53','2025-05-02 14:37:53'),
(4170,463,16,'Yes',NULL,NULL,'2025-05-02 14:37:53','2025-05-02 14:37:53'),
(4171,463,17,'Yes',NULL,NULL,'2025-05-02 14:37:53','2025-05-02 14:37:53'),
(4172,463,18,'Yes',NULL,NULL,'2025-05-02 14:37:53','2025-05-02 14:37:53'),
(4173,464,1,'No',NULL,NULL,'2025-05-02 14:51:17','2025-05-02 14:51:17'),
(4174,464,2,'Yes',NULL,NULL,'2025-05-02 14:51:17','2025-05-02 14:51:17'),
(4175,464,3,'Yes',NULL,NULL,'2025-05-02 14:51:17','2025-05-02 14:51:17'),
(4176,464,4,'Yes',NULL,NULL,'2025-05-02 14:51:17','2025-05-02 14:51:17'),
(4177,464,5,'Yes',NULL,NULL,'2025-05-02 14:51:17','2025-05-02 14:51:17'),
(4178,464,6,'Yes',NULL,NULL,'2025-05-02 14:51:18','2025-05-02 14:51:18'),
(4179,464,7,'No',NULL,NULL,'2025-05-02 14:51:18','2025-05-02 14:51:18'),
(4180,464,8,'No',NULL,NULL,'2025-05-02 14:51:18','2025-05-02 14:51:18'),
(4181,464,9,'Yes',NULL,NULL,'2025-05-02 14:51:18','2025-05-02 14:51:18'),
(4182,464,10,'No',NULL,NULL,'2025-05-02 14:51:18','2025-05-02 14:51:18'),
(4183,464,11,'Yes',NULL,NULL,'2025-05-02 14:51:19','2025-05-02 14:51:19'),
(4184,464,12,'Yes',NULL,NULL,'2025-05-02 14:51:19','2025-05-02 14:51:19'),
(4185,464,13,'Yes',NULL,NULL,'2025-05-02 14:51:19','2025-05-02 14:51:19'),
(4186,464,14,'Yes',NULL,NULL,'2025-05-02 14:51:19','2025-05-02 14:51:19'),
(4187,464,15,'Yes',NULL,NULL,'2025-05-02 14:51:19','2025-05-02 14:51:19'),
(4188,464,16,'Yes',NULL,NULL,'2025-05-02 14:51:20','2025-05-02 14:51:20'),
(4189,464,17,'Yes',NULL,NULL,'2025-05-02 14:51:20','2025-05-02 14:51:20'),
(4190,464,18,'Yes',NULL,NULL,'2025-05-02 14:51:20','2025-05-02 14:51:20'),
(4191,465,1,'No',NULL,NULL,'2025-05-02 14:59:48','2025-05-02 14:59:48'),
(4192,465,2,'Yes',NULL,NULL,'2025-05-02 14:59:48','2025-05-02 14:59:48'),
(4193,465,3,'Yes',NULL,NULL,'2025-05-02 14:59:48','2025-05-02 14:59:48'),
(4194,465,4,'Yes',NULL,NULL,'2025-05-02 14:59:49','2025-05-02 14:59:49'),
(4195,465,5,'Yes',NULL,NULL,'2025-05-02 14:59:49','2025-05-02 14:59:49'),
(4196,465,6,'Yes',NULL,NULL,'2025-05-02 14:59:49','2025-05-02 14:59:49'),
(4197,465,7,'No',NULL,NULL,'2025-05-02 14:59:49','2025-05-02 14:59:49'),
(4198,465,8,'No',NULL,NULL,'2025-05-02 14:59:49','2025-05-02 14:59:49'),
(4199,465,9,'Yes',NULL,NULL,'2025-05-02 14:59:49','2025-05-02 14:59:49'),
(4200,465,10,'No',NULL,NULL,'2025-05-02 14:59:50','2025-05-02 14:59:50'),
(4201,465,11,'Yes',NULL,NULL,'2025-05-02 14:59:50','2025-05-02 14:59:50'),
(4202,465,12,'Yes',NULL,NULL,'2025-05-02 14:59:50','2025-05-02 14:59:50'),
(4203,465,13,'Yes',NULL,NULL,'2025-05-02 14:59:50','2025-05-02 14:59:50'),
(4204,465,14,'Yes',NULL,NULL,'2025-05-02 14:59:50','2025-05-02 14:59:50'),
(4205,465,15,'Yes',NULL,NULL,'2025-05-02 14:59:51','2025-05-02 14:59:51'),
(4206,465,16,'Yes',NULL,NULL,'2025-05-02 14:59:51','2025-05-02 14:59:51'),
(4207,465,17,'Yes',NULL,NULL,'2025-05-02 14:59:51','2025-05-02 14:59:51'),
(4208,465,18,'Yes',NULL,NULL,'2025-05-02 14:59:51','2025-05-02 14:59:51'),
(4209,466,1,'No',NULL,NULL,'2025-05-02 15:15:41','2025-05-02 15:15:41'),
(4210,466,2,'Yes',NULL,NULL,'2025-05-02 15:15:41','2025-05-02 15:15:41'),
(4211,466,3,'Yes',NULL,NULL,'2025-05-02 15:15:41','2025-05-02 15:15:41'),
(4212,466,4,'Yes',NULL,NULL,'2025-05-02 15:15:41','2025-05-02 15:15:41'),
(4213,466,5,'Yes',NULL,NULL,'2025-05-02 15:15:41','2025-05-02 15:15:41'),
(4214,466,6,'Yes',NULL,NULL,'2025-05-02 15:15:42','2025-05-02 15:15:42'),
(4215,466,7,'No',NULL,NULL,'2025-05-02 15:15:42','2025-05-02 15:15:42'),
(4216,466,8,'No',NULL,NULL,'2025-05-02 15:15:42','2025-05-02 15:15:42'),
(4217,466,9,'Yes',NULL,NULL,'2025-05-02 15:15:42','2025-05-02 15:15:42'),
(4218,466,10,'No',NULL,NULL,'2025-05-02 15:15:42','2025-05-02 15:15:42'),
(4219,466,11,'Yes',NULL,NULL,'2025-05-02 15:15:43','2025-05-02 15:15:43'),
(4220,466,12,'Yes',NULL,NULL,'2025-05-02 15:15:43','2025-05-02 15:15:43'),
(4221,466,13,'Yes',NULL,NULL,'2025-05-02 15:15:43','2025-05-02 15:15:43'),
(4222,466,14,'Yes',NULL,NULL,'2025-05-02 15:15:43','2025-05-02 15:15:43'),
(4223,466,15,'Yes',NULL,NULL,'2025-05-02 15:15:44','2025-05-02 15:15:44'),
(4224,466,16,'Yes',NULL,NULL,'2025-05-02 15:15:44','2025-05-02 15:15:44'),
(4225,466,17,'Yes',NULL,NULL,'2025-05-02 15:15:44','2025-05-02 15:15:44'),
(4226,466,18,'Yes',NULL,NULL,'2025-05-02 15:15:44','2025-05-02 15:15:44'),
(4227,467,1,'No',NULL,NULL,'2025-05-02 15:28:24','2025-05-02 15:28:24'),
(4228,467,2,'Yes',NULL,NULL,'2025-05-02 15:28:25','2025-05-02 15:28:25'),
(4229,467,3,'Yes',NULL,NULL,'2025-05-02 15:28:25','2025-05-02 15:28:25'),
(4230,467,4,'Yes',NULL,NULL,'2025-05-02 15:28:25','2025-05-02 15:28:25'),
(4231,467,5,'Yes',NULL,NULL,'2025-05-02 15:28:25','2025-05-02 15:28:25'),
(4232,467,6,'Yes',NULL,NULL,'2025-05-02 15:28:25','2025-05-02 15:28:25'),
(4233,467,7,'No',NULL,NULL,'2025-05-02 15:28:25','2025-05-02 15:28:25'),
(4234,467,8,'No',NULL,NULL,'2025-05-02 15:28:26','2025-05-02 15:28:26'),
(4235,467,9,'Yes',NULL,NULL,'2025-05-02 15:28:26','2025-05-02 15:28:26'),
(4236,467,10,'No',NULL,NULL,'2025-05-02 15:28:26','2025-05-02 15:28:26'),
(4237,467,11,'Yes',NULL,NULL,'2025-05-02 15:28:26','2025-05-02 15:28:26'),
(4238,467,12,'Yes',NULL,NULL,'2025-05-02 15:28:26','2025-05-02 15:28:26'),
(4239,467,13,'Yes',NULL,NULL,'2025-05-02 15:28:27','2025-05-02 15:28:27'),
(4240,467,14,'Yes',NULL,NULL,'2025-05-02 15:28:27','2025-05-02 15:28:27'),
(4241,467,15,'Yes',NULL,NULL,'2025-05-02 15:28:27','2025-05-02 15:28:27'),
(4242,467,16,'Yes',NULL,NULL,'2025-05-02 15:28:27','2025-05-02 15:28:27'),
(4243,467,17,'Yes',NULL,NULL,'2025-05-02 15:28:27','2025-05-02 15:28:27'),
(4244,467,18,'Yes',NULL,NULL,'2025-05-02 15:28:27','2025-05-02 15:28:27'),
(4245,468,1,'No',NULL,NULL,'2025-05-02 15:42:55','2025-05-02 15:42:55'),
(4246,468,2,'Yes',NULL,NULL,'2025-05-02 15:42:56','2025-05-02 15:42:56'),
(4247,468,3,'Yes',NULL,NULL,'2025-05-02 15:42:56','2025-05-02 15:42:56'),
(4248,468,4,'Yes',NULL,NULL,'2025-05-02 15:42:56','2025-05-02 15:42:56'),
(4249,468,5,'Yes',NULL,NULL,'2025-05-02 15:42:56','2025-05-02 15:42:56'),
(4250,468,6,'Yes',NULL,NULL,'2025-05-02 15:42:56','2025-05-02 15:42:56'),
(4251,468,7,'No',NULL,NULL,'2025-05-02 15:42:57','2025-05-02 15:42:57'),
(4252,468,8,'No',NULL,NULL,'2025-05-02 15:42:57','2025-05-02 15:42:57'),
(4253,468,9,'Yes',NULL,NULL,'2025-05-02 15:42:57','2025-05-02 15:42:57'),
(4254,468,10,'No',NULL,NULL,'2025-05-02 15:42:57','2025-05-02 15:42:57'),
(4255,468,11,'Yes',NULL,NULL,'2025-05-02 15:42:58','2025-05-02 15:42:58'),
(4256,468,12,'Yes',NULL,NULL,'2025-05-02 15:42:58','2025-05-02 15:42:58'),
(4257,468,13,'Yes',NULL,NULL,'2025-05-02 15:42:58','2025-05-02 15:42:58'),
(4258,468,14,'Yes',NULL,NULL,'2025-05-02 15:42:58','2025-05-02 15:42:58'),
(4259,468,15,'Yes',NULL,NULL,'2025-05-02 15:42:58','2025-05-02 15:42:58'),
(4260,468,16,'Yes',NULL,NULL,'2025-05-02 15:42:59','2025-05-02 15:42:59'),
(4261,468,17,'Yes',NULL,NULL,'2025-05-02 15:42:59','2025-05-02 15:42:59'),
(4262,468,18,'Yes',NULL,NULL,'2025-05-02 15:42:59','2025-05-02 15:42:59'),
(4263,469,1,'No',NULL,NULL,'2025-05-06 11:51:53','2025-05-06 11:51:53'),
(4264,469,2,'Yes',NULL,NULL,'2025-05-06 11:51:54','2025-05-06 11:51:54'),
(4265,469,3,'Yes',NULL,NULL,'2025-05-06 11:51:54','2025-05-06 11:51:54'),
(4266,469,4,'Yes',NULL,NULL,'2025-05-06 11:51:54','2025-05-06 11:51:54'),
(4267,469,5,'Yes',NULL,NULL,'2025-05-06 11:51:54','2025-05-06 11:51:54'),
(4268,469,6,'Yes',NULL,NULL,'2025-05-06 11:51:54','2025-05-06 11:51:54'),
(4269,469,7,'No',NULL,NULL,'2025-05-06 11:51:54','2025-05-06 11:51:54'),
(4270,469,8,'No',NULL,NULL,'2025-05-06 11:51:55','2025-05-06 11:51:55'),
(4271,469,9,'Yes',NULL,NULL,'2025-05-06 11:51:55','2025-05-06 11:51:55'),
(4272,469,10,'No',NULL,NULL,'2025-05-06 11:51:55','2025-05-06 11:51:55'),
(4273,469,11,'Yes',NULL,NULL,'2025-05-06 11:51:55','2025-05-06 11:51:55'),
(4274,469,12,'Yes',NULL,NULL,'2025-05-06 11:51:55','2025-05-06 11:51:55'),
(4275,469,13,'Yes',NULL,NULL,'2025-05-06 11:51:56','2025-05-06 11:51:56'),
(4276,469,14,'Yes',NULL,NULL,'2025-05-06 11:51:56','2025-05-06 11:51:56'),
(4277,469,15,'Yes',NULL,NULL,'2025-05-06 11:51:56','2025-05-06 11:51:56'),
(4278,469,16,'Yes',NULL,NULL,'2025-05-06 11:51:56','2025-05-06 11:51:56'),
(4279,469,17,'Yes',NULL,NULL,'2025-05-06 11:51:56','2025-05-06 11:51:56'),
(4280,469,18,'Yes',NULL,NULL,'2025-05-06 11:51:57','2025-05-06 11:51:57'),
(4281,470,1,'No',NULL,NULL,'2025-05-06 11:52:50','2025-05-06 11:52:50'),
(4282,470,2,'Yes',NULL,NULL,'2025-05-06 11:52:51','2025-05-06 11:52:51'),
(4283,470,3,'Yes',NULL,NULL,'2025-05-06 11:52:51','2025-05-06 11:52:51'),
(4284,470,4,'Yes',NULL,NULL,'2025-05-06 11:52:51','2025-05-06 11:52:51'),
(4285,470,5,'Yes',NULL,NULL,'2025-05-06 11:52:51','2025-05-06 11:52:51'),
(4286,470,6,'Yes',NULL,NULL,'2025-05-06 11:52:51','2025-05-06 11:52:51'),
(4287,470,7,'No',NULL,NULL,'2025-05-06 11:52:52','2025-05-06 11:52:52'),
(4288,470,8,'No',NULL,NULL,'2025-05-06 11:52:52','2025-05-06 11:52:52'),
(4289,470,9,'Yes',NULL,NULL,'2025-05-06 11:52:52','2025-05-06 11:52:52'),
(4290,470,10,'No',NULL,NULL,'2025-05-06 11:52:52','2025-05-06 11:52:52'),
(4291,470,11,'Yes',NULL,NULL,'2025-05-06 11:52:52','2025-05-06 11:52:52'),
(4292,470,12,'Yes',NULL,NULL,'2025-05-06 11:52:52','2025-05-06 11:52:52'),
(4293,470,13,'Yes',NULL,NULL,'2025-05-06 11:52:53','2025-05-06 11:52:53'),
(4294,470,14,'Yes',NULL,NULL,'2025-05-06 11:52:53','2025-05-06 11:52:53'),
(4295,470,15,'Yes',NULL,NULL,'2025-05-06 11:52:53','2025-05-06 11:52:53'),
(4296,470,16,'Yes',NULL,NULL,'2025-05-06 11:52:53','2025-05-06 11:52:53'),
(4297,470,17,'Yes',NULL,NULL,'2025-05-06 11:52:53','2025-05-06 11:52:53'),
(4298,470,18,'Yes',NULL,NULL,'2025-05-06 11:52:54','2025-05-06 11:52:54'),
(4299,471,1,'No',NULL,NULL,'2025-05-06 12:16:51','2025-05-06 12:16:51'),
(4300,471,2,'Yes',NULL,NULL,'2025-05-06 12:16:51','2025-05-06 12:16:51'),
(4301,471,3,'Yes',NULL,NULL,'2025-05-06 12:16:51','2025-05-06 12:16:51'),
(4302,471,4,'Yes',NULL,NULL,'2025-05-06 12:16:51','2025-05-06 12:16:51'),
(4303,471,5,'Yes',NULL,NULL,'2025-05-06 12:16:52','2025-05-06 12:16:52'),
(4304,471,6,'Yes',NULL,NULL,'2025-05-06 12:16:52','2025-05-06 12:16:52'),
(4305,471,7,'No',NULL,NULL,'2025-05-06 12:16:52','2025-05-06 12:16:52'),
(4306,471,8,'No',NULL,NULL,'2025-05-06 12:16:52','2025-05-06 12:16:52'),
(4307,471,9,'Yes',NULL,NULL,'2025-05-06 12:16:52','2025-05-06 12:16:52'),
(4308,471,10,'No',NULL,NULL,'2025-05-06 12:16:52','2025-05-06 12:16:52'),
(4309,471,11,'Yes',NULL,NULL,'2025-05-06 12:16:53','2025-05-06 12:16:53'),
(4310,471,12,'Yes',NULL,NULL,'2025-05-06 12:16:53','2025-05-06 12:16:53'),
(4311,471,13,'Yes',NULL,NULL,'2025-05-06 12:16:53','2025-05-06 12:16:53'),
(4312,471,14,'Yes',NULL,NULL,'2025-05-06 12:16:53','2025-05-06 12:16:53'),
(4313,471,15,'Yes',NULL,NULL,'2025-05-06 12:16:53','2025-05-06 12:16:53'),
(4314,471,16,'Yes',NULL,NULL,'2025-05-06 12:16:54','2025-05-06 12:16:54'),
(4315,471,17,'Yes',NULL,NULL,'2025-05-06 12:16:54','2025-05-06 12:16:54'),
(4316,471,18,'Yes',NULL,NULL,'2025-05-06 12:16:54','2025-05-06 12:16:54'),
(4317,472,1,'No',NULL,NULL,'2025-05-06 12:37:46','2025-05-06 12:37:46'),
(4318,472,2,'Yes',NULL,NULL,'2025-05-06 12:37:46','2025-05-06 12:37:46'),
(4319,472,3,'Yes',NULL,NULL,'2025-05-06 12:37:46','2025-05-06 12:37:46'),
(4320,472,4,'Yes',NULL,NULL,'2025-05-06 12:37:46','2025-05-06 12:37:46'),
(4321,472,5,'Yes',NULL,NULL,'2025-05-06 12:37:46','2025-05-06 12:37:46'),
(4322,472,6,'Yes',NULL,NULL,'2025-05-06 12:37:47','2025-05-06 12:37:47'),
(4323,472,7,'No',NULL,NULL,'2025-05-06 12:37:47','2025-05-06 12:37:47'),
(4324,472,8,'No',NULL,NULL,'2025-05-06 12:37:47','2025-05-06 12:37:47'),
(4325,472,9,'Yes',NULL,NULL,'2025-05-06 12:37:47','2025-05-06 12:37:47'),
(4326,472,10,'No',NULL,NULL,'2025-05-06 12:37:47','2025-05-06 12:37:47'),
(4327,472,11,'Yes',NULL,NULL,'2025-05-06 12:37:48','2025-05-06 12:37:48'),
(4328,472,12,'Yes',NULL,NULL,'2025-05-06 12:37:48','2025-05-06 12:37:48'),
(4329,472,13,'No','missing','/testing-docs/472/13.png','2025-05-06 12:37:48','2025-05-06 12:37:48'),
(4330,472,14,'Yes',NULL,NULL,'2025-05-06 12:37:49','2025-05-06 12:37:49'),
(4331,472,15,'Yes',NULL,NULL,'2025-05-06 12:37:49','2025-05-06 12:37:49'),
(4332,472,16,'Yes',NULL,NULL,'2025-05-06 12:37:49','2025-05-06 12:37:49'),
(4333,472,17,'Yes',NULL,NULL,'2025-05-06 12:37:49','2025-05-06 12:37:49'),
(4334,472,18,'Yes',NULL,NULL,'2025-05-06 12:37:50','2025-05-06 12:37:50'),
(4335,473,1,'No',NULL,NULL,'2025-05-06 12:58:27','2025-05-06 12:58:27'),
(4336,473,2,'Yes',NULL,NULL,'2025-05-06 12:58:27','2025-05-06 12:58:27'),
(4337,473,3,'Yes',NULL,NULL,'2025-05-06 12:58:27','2025-05-06 12:58:27'),
(4338,473,4,'Yes',NULL,NULL,'2025-05-06 12:58:27','2025-05-06 12:58:27'),
(4339,473,5,'Yes',NULL,NULL,'2025-05-06 12:58:27','2025-05-06 12:58:27'),
(4340,473,6,'Yes',NULL,NULL,'2025-05-06 12:58:28','2025-05-06 12:58:28'),
(4341,473,7,'No',NULL,NULL,'2025-05-06 12:58:28','2025-05-06 12:58:28'),
(4342,473,8,'No',NULL,NULL,'2025-05-06 12:58:28','2025-05-06 12:58:28'),
(4343,473,9,'Yes',NULL,NULL,'2025-05-06 12:58:28','2025-05-06 12:58:28'),
(4344,473,10,'No',NULL,NULL,'2025-05-06 12:58:28','2025-05-06 12:58:28'),
(4345,473,11,'Yes',NULL,NULL,'2025-05-06 12:58:28','2025-05-06 12:58:28'),
(4346,473,12,'Yes',NULL,NULL,'2025-05-06 12:58:29','2025-05-06 12:58:29'),
(4347,473,13,'Yes',NULL,NULL,'2025-05-06 12:58:29','2025-05-06 12:58:29'),
(4348,473,14,'Yes',NULL,NULL,'2025-05-06 12:58:29','2025-05-06 12:58:29'),
(4349,473,15,'Yes',NULL,NULL,'2025-05-06 12:58:29','2025-05-06 12:58:29'),
(4350,473,16,'Yes',NULL,NULL,'2025-05-06 12:58:29','2025-05-06 12:58:29'),
(4351,473,17,'Yes',NULL,NULL,'2025-05-06 12:58:30','2025-05-06 12:58:30'),
(4352,473,18,'Yes',NULL,NULL,'2025-05-06 12:58:35','2025-05-06 12:58:35'),
(4353,474,1,'No',NULL,NULL,'2025-05-06 13:14:46','2025-05-06 13:14:46'),
(4354,474,2,'Yes',NULL,NULL,'2025-05-06 13:14:46','2025-05-06 13:14:46'),
(4355,474,3,'Yes',NULL,NULL,'2025-05-06 13:14:46','2025-05-06 13:14:46'),
(4356,474,4,'Yes',NULL,NULL,'2025-05-06 13:14:47','2025-05-06 13:14:47'),
(4357,474,5,'Yes',NULL,NULL,'2025-05-06 13:14:47','2025-05-06 13:14:47'),
(4358,474,6,'Yes',NULL,NULL,'2025-05-06 13:14:47','2025-05-06 13:14:47'),
(4359,474,7,'No',NULL,NULL,'2025-05-06 13:14:47','2025-05-06 13:14:47'),
(4360,474,8,'No',NULL,NULL,'2025-05-06 13:14:47','2025-05-06 13:14:47'),
(4361,474,9,'Yes',NULL,NULL,'2025-05-06 13:14:48','2025-05-06 13:14:48'),
(4362,474,10,'No',NULL,NULL,'2025-05-06 13:14:48','2025-05-06 13:14:48'),
(4363,474,11,'Yes',NULL,NULL,'2025-05-06 13:14:48','2025-05-06 13:14:48'),
(4364,474,12,'Yes',NULL,NULL,'2025-05-06 13:14:49','2025-05-06 13:14:49'),
(4365,474,13,'Yes',NULL,NULL,'2025-05-06 13:14:49','2025-05-06 13:14:49'),
(4366,474,14,'Yes',NULL,NULL,'2025-05-06 13:14:50','2025-05-06 13:14:50'),
(4367,474,15,'Yes',NULL,NULL,'2025-05-06 13:14:50','2025-05-06 13:14:50'),
(4368,474,16,'Yes',NULL,NULL,'2025-05-06 13:14:50','2025-05-06 13:14:50'),
(4369,474,17,'Yes',NULL,NULL,'2025-05-06 13:14:51','2025-05-06 13:14:51'),
(4370,474,18,'Yes',NULL,NULL,'2025-05-06 13:14:51','2025-05-06 13:14:51'),
(4371,475,1,'No',NULL,NULL,'2025-05-06 13:52:20','2025-05-06 13:52:20'),
(4372,475,2,'Yes',NULL,NULL,'2025-05-06 13:52:21','2025-05-06 13:52:21'),
(4373,475,3,'Yes',NULL,NULL,'2025-05-06 13:52:21','2025-05-06 13:52:21'),
(4374,475,4,'Yes',NULL,NULL,'2025-05-06 13:52:21','2025-05-06 13:52:21'),
(4375,475,5,'Yes',NULL,NULL,'2025-05-06 13:52:21','2025-05-06 13:52:21'),
(4376,475,6,'Yes',NULL,NULL,'2025-05-06 13:52:21','2025-05-06 13:52:21'),
(4377,475,7,'No',NULL,NULL,'2025-05-06 13:52:22','2025-05-06 13:52:22'),
(4378,475,8,'No',NULL,NULL,'2025-05-06 13:52:22','2025-05-06 13:52:22'),
(4379,475,9,'Yes',NULL,NULL,'2025-05-06 13:52:22','2025-05-06 13:52:22'),
(4380,475,10,'No',NULL,NULL,'2025-05-06 13:52:22','2025-05-06 13:52:22'),
(4381,475,11,'Yes',NULL,NULL,'2025-05-06 13:52:23','2025-05-06 13:52:23'),
(4382,475,12,'Yes',NULL,NULL,'2025-05-06 13:52:23','2025-05-06 13:52:23'),
(4383,475,13,'N/A','broken handle informed them',NULL,'2025-05-06 13:52:23','2025-05-06 13:52:23'),
(4384,475,14,'Yes',NULL,NULL,'2025-05-06 13:52:23','2025-05-06 13:52:23'),
(4385,475,15,'Yes',NULL,NULL,'2025-05-06 13:52:24','2025-05-06 13:52:24'),
(4386,475,16,'Yes',NULL,NULL,'2025-05-06 13:52:24','2025-05-06 13:52:24'),
(4387,475,17,'Yes',NULL,NULL,'2025-05-06 13:52:24','2025-05-06 13:52:24'),
(4388,475,18,'Yes',NULL,NULL,'2025-05-06 13:52:24','2025-05-06 13:52:24'),
(4389,476,1,'No',NULL,NULL,'2025-05-06 14:04:10','2025-05-06 14:04:10'),
(4390,476,2,'Yes',NULL,NULL,'2025-05-06 14:04:10','2025-05-06 14:04:10'),
(4391,476,3,'Yes',NULL,NULL,'2025-05-06 14:04:10','2025-05-06 14:04:10'),
(4392,476,4,'Yes',NULL,NULL,'2025-05-06 14:04:10','2025-05-06 14:04:10'),
(4393,476,5,'Yes',NULL,NULL,'2025-05-06 14:04:11','2025-05-06 14:04:11'),
(4394,476,6,'Yes',NULL,NULL,'2025-05-06 14:04:11','2025-05-06 14:04:11'),
(4395,476,7,'No',NULL,NULL,'2025-05-06 14:04:11','2025-05-06 14:04:11'),
(4396,476,8,'No',NULL,NULL,'2025-05-06 14:04:11','2025-05-06 14:04:11'),
(4397,476,9,'Yes',NULL,NULL,'2025-05-06 14:04:12','2025-05-06 14:04:12'),
(4398,476,10,'No',NULL,NULL,'2025-05-06 14:04:12','2025-05-06 14:04:12'),
(4399,476,11,'Yes',NULL,NULL,'2025-05-06 14:04:12','2025-05-06 14:04:12'),
(4400,476,12,'Yes',NULL,NULL,'2025-05-06 14:04:12','2025-05-06 14:04:12'),
(4401,476,13,'No','broken','/testing-docs/476/13.png','2025-05-06 14:04:13','2025-05-06 14:04:13'),
(4402,476,14,'Yes',NULL,NULL,'2025-05-06 14:04:14','2025-05-06 14:04:14'),
(4403,476,15,'Yes',NULL,NULL,'2025-05-06 14:04:14','2025-05-06 14:04:14'),
(4404,476,16,'Yes',NULL,NULL,'2025-05-06 14:04:14','2025-05-06 14:04:14'),
(4405,476,17,'Yes',NULL,NULL,'2025-05-06 14:04:14','2025-05-06 14:04:14'),
(4406,476,18,'Yes',NULL,NULL,'2025-05-06 14:04:14','2025-05-06 14:04:14'),
(4407,477,1,'No',NULL,NULL,'2025-05-06 14:30:04','2025-05-06 14:30:04'),
(4408,477,2,'Yes',NULL,NULL,'2025-05-06 14:30:05','2025-05-06 14:30:05'),
(4409,477,3,'Yes',NULL,NULL,'2025-05-06 14:30:05','2025-05-06 14:30:05'),
(4410,477,4,'Yes',NULL,NULL,'2025-05-06 14:30:05','2025-05-06 14:30:05'),
(4411,477,5,'Yes',NULL,NULL,'2025-05-06 14:30:05','2025-05-06 14:30:05'),
(4412,477,6,'Yes',NULL,NULL,'2025-05-06 14:30:05','2025-05-06 14:30:05'),
(4413,477,7,'No',NULL,NULL,'2025-05-06 14:30:06','2025-05-06 14:30:06'),
(4414,477,8,'No',NULL,NULL,'2025-05-06 14:30:06','2025-05-06 14:30:06'),
(4415,477,9,'Yes',NULL,NULL,'2025-05-06 14:30:06','2025-05-06 14:30:06'),
(4416,477,10,'No',NULL,NULL,'2025-05-06 14:30:06','2025-05-06 14:30:06'),
(4417,477,11,'Yes',NULL,NULL,'2025-05-06 14:30:06','2025-05-06 14:30:06'),
(4418,477,12,'Yes',NULL,NULL,'2025-05-06 14:30:07','2025-05-06 14:30:07'),
(4419,477,13,'Yes',NULL,NULL,'2025-05-06 14:30:07','2025-05-06 14:30:07'),
(4420,477,14,'Yes',NULL,NULL,'2025-05-06 14:30:07','2025-05-06 14:30:07'),
(4421,477,15,'Yes',NULL,NULL,'2025-05-06 14:30:07','2025-05-06 14:30:07'),
(4422,477,16,'Yes',NULL,NULL,'2025-05-06 14:30:07','2025-05-06 14:30:07'),
(4423,477,17,'Yes',NULL,NULL,'2025-05-06 14:30:08','2025-05-06 14:30:08'),
(4424,477,18,'Yes',NULL,NULL,'2025-05-06 14:30:08','2025-05-06 14:30:08'),
(4425,478,1,'No',NULL,NULL,'2025-05-06 14:48:21','2025-05-06 14:48:21'),
(4426,478,2,'Yes',NULL,NULL,'2025-05-06 14:48:22','2025-05-06 14:48:22'),
(4427,478,3,'Yes',NULL,NULL,'2025-05-06 14:48:22','2025-05-06 14:48:22'),
(4428,478,4,'Yes',NULL,NULL,'2025-05-06 14:48:22','2025-05-06 14:48:22'),
(4429,478,5,'Yes',NULL,NULL,'2025-05-06 14:48:22','2025-05-06 14:48:22'),
(4430,478,6,'Yes',NULL,NULL,'2025-05-06 14:48:22','2025-05-06 14:48:22'),
(4431,478,7,'No',NULL,NULL,'2025-05-06 14:48:23','2025-05-06 14:48:23'),
(4432,478,8,'No',NULL,NULL,'2025-05-06 14:48:23','2025-05-06 14:48:23'),
(4433,478,9,'Yes',NULL,NULL,'2025-05-06 14:48:23','2025-05-06 14:48:23'),
(4434,478,10,'No',NULL,NULL,'2025-05-06 14:48:23','2025-05-06 14:48:23'),
(4435,478,11,'Yes',NULL,NULL,'2025-05-06 14:48:23','2025-05-06 14:48:23'),
(4436,478,12,'Yes',NULL,NULL,'2025-05-06 14:48:24','2025-05-06 14:48:24'),
(4437,478,13,'Yes',NULL,NULL,'2025-05-06 14:48:24','2025-05-06 14:48:24'),
(4438,478,14,'Yes',NULL,NULL,'2025-05-06 14:48:24','2025-05-06 14:48:24'),
(4439,478,15,'Yes',NULL,NULL,'2025-05-06 14:48:24','2025-05-06 14:48:24'),
(4440,478,16,'Yes',NULL,NULL,'2025-05-06 14:48:24','2025-05-06 14:48:24'),
(4441,478,17,'Yes',NULL,NULL,'2025-05-06 14:48:25','2025-05-06 14:48:25'),
(4442,478,18,'Yes',NULL,NULL,'2025-05-06 14:48:25','2025-05-06 14:48:25'),
(4443,479,1,'No',NULL,NULL,'2025-05-06 15:08:03','2025-05-06 15:08:03'),
(4444,479,2,'Yes',NULL,NULL,'2025-05-06 15:08:03','2025-05-06 15:08:03'),
(4445,479,3,'Yes',NULL,NULL,'2025-05-06 15:08:03','2025-05-06 15:08:03'),
(4446,479,4,'Yes',NULL,NULL,'2025-05-06 15:08:04','2025-05-06 15:08:04'),
(4447,479,5,'Yes',NULL,NULL,'2025-05-06 15:08:04','2025-05-06 15:08:04'),
(4448,479,6,'Yes',NULL,NULL,'2025-05-06 15:08:04','2025-05-06 15:08:04'),
(4449,479,7,'No',NULL,NULL,'2025-05-06 15:08:04','2025-05-06 15:08:04'),
(4450,479,8,'No',NULL,NULL,'2025-05-06 15:08:04','2025-05-06 15:08:04'),
(4451,479,9,'Yes',NULL,NULL,'2025-05-06 15:08:04','2025-05-06 15:08:04'),
(4452,479,10,'No',NULL,NULL,'2025-05-06 15:08:05','2025-05-06 15:08:05'),
(4453,479,11,'Yes',NULL,NULL,'2025-05-06 15:08:05','2025-05-06 15:08:05'),
(4454,479,12,'Yes',NULL,NULL,'2025-05-06 15:08:05','2025-05-06 15:08:05'),
(4455,479,13,'Yes',NULL,NULL,'2025-05-06 15:08:05','2025-05-06 15:08:05'),
(4456,479,14,'Yes',NULL,NULL,'2025-05-06 15:08:05','2025-05-06 15:08:05'),
(4457,479,15,'Yes',NULL,NULL,'2025-05-06 15:08:06','2025-05-06 15:08:06'),
(4458,479,16,'Yes',NULL,NULL,'2025-05-06 15:08:06','2025-05-06 15:08:06'),
(4459,479,17,'Yes',NULL,NULL,'2025-05-06 15:08:06','2025-05-06 15:08:06'),
(4460,479,18,'Yes',NULL,NULL,'2025-05-06 15:08:06','2025-05-06 15:08:06'),
(4461,480,1,'No',NULL,NULL,'2025-05-06 15:20:31','2025-05-06 15:20:31'),
(4462,480,2,'Yes',NULL,NULL,'2025-05-06 15:20:31','2025-05-06 15:20:31'),
(4463,480,3,'Yes',NULL,NULL,'2025-05-06 15:20:31','2025-05-06 15:20:31'),
(4464,480,4,'Yes',NULL,NULL,'2025-05-06 15:20:32','2025-05-06 15:20:32'),
(4465,480,5,'Yes',NULL,NULL,'2025-05-06 15:20:32','2025-05-06 15:20:32'),
(4466,480,6,'Yes',NULL,NULL,'2025-05-06 15:20:32','2025-05-06 15:20:32'),
(4467,480,7,'No',NULL,NULL,'2025-05-06 15:20:32','2025-05-06 15:20:32'),
(4468,480,8,'No',NULL,NULL,'2025-05-06 15:20:32','2025-05-06 15:20:32'),
(4469,480,9,'Yes',NULL,NULL,'2025-05-06 15:20:33','2025-05-06 15:20:33'),
(4470,480,10,'No',NULL,NULL,'2025-05-06 15:20:33','2025-05-06 15:20:33'),
(4471,480,11,'Yes',NULL,NULL,'2025-05-06 15:20:33','2025-05-06 15:20:33'),
(4472,480,12,'Yes',NULL,NULL,'2025-05-06 15:20:33','2025-05-06 15:20:33'),
(4473,480,13,'Yes',NULL,NULL,'2025-05-06 15:20:33','2025-05-06 15:20:33'),
(4474,480,14,'Yes',NULL,NULL,'2025-05-06 15:20:34','2025-05-06 15:20:34'),
(4475,480,15,'Yes',NULL,NULL,'2025-05-06 15:20:34','2025-05-06 15:20:34'),
(4476,480,16,'Yes',NULL,NULL,'2025-05-06 15:20:34','2025-05-06 15:20:34'),
(4477,480,17,'Yes',NULL,NULL,'2025-05-06 15:20:34','2025-05-06 15:20:34'),
(4478,480,18,'Yes',NULL,NULL,'2025-05-06 15:20:34','2025-05-06 15:20:34'),
(4479,481,1,'No',NULL,NULL,'2025-05-06 16:34:48','2025-05-06 16:34:48'),
(4480,481,2,'Yes',NULL,NULL,'2025-05-06 16:34:48','2025-05-06 16:34:48'),
(4481,481,3,'Yes',NULL,NULL,'2025-05-06 16:34:48','2025-05-06 16:34:48'),
(4482,481,4,'Yes',NULL,NULL,'2025-05-06 16:34:48','2025-05-06 16:34:48'),
(4483,481,5,'Yes',NULL,NULL,'2025-05-06 16:34:49','2025-05-06 16:34:49'),
(4484,481,6,'Yes',NULL,NULL,'2025-05-06 16:34:49','2025-05-06 16:34:49'),
(4485,481,7,'No',NULL,NULL,'2025-05-06 16:34:49','2025-05-06 16:34:49'),
(4486,481,8,'No',NULL,NULL,'2025-05-06 16:34:50','2025-05-06 16:34:50'),
(4487,481,9,'Yes',NULL,NULL,'2025-05-06 16:34:50','2025-05-06 16:34:50'),
(4488,481,10,'No',NULL,NULL,'2025-05-06 16:34:50','2025-05-06 16:34:50'),
(4489,481,11,'Yes',NULL,NULL,'2025-05-06 16:34:50','2025-05-06 16:34:50'),
(4490,481,12,'Yes',NULL,NULL,'2025-05-06 16:34:51','2025-05-06 16:34:51'),
(4491,481,13,'Yes',NULL,NULL,'2025-05-06 16:34:51','2025-05-06 16:34:51'),
(4492,481,14,'Yes',NULL,NULL,'2025-05-06 16:34:51','2025-05-06 16:34:51'),
(4493,481,15,'Yes',NULL,NULL,'2025-05-06 16:34:51','2025-05-06 16:34:51'),
(4494,481,16,'Yes',NULL,NULL,'2025-05-06 16:34:52','2025-05-06 16:34:52'),
(4495,481,17,'Yes',NULL,NULL,'2025-05-06 16:34:52','2025-05-06 16:34:52'),
(4496,481,18,'Yes',NULL,NULL,'2025-05-06 16:34:52','2025-05-06 16:34:52'),
(4497,482,1,'No',NULL,NULL,'2025-05-07 11:18:10','2025-05-07 11:18:10'),
(4498,482,2,'Yes',NULL,NULL,'2025-05-07 11:18:10','2025-05-07 11:18:10'),
(4499,482,3,'Yes',NULL,NULL,'2025-05-07 11:18:10','2025-05-07 11:18:10'),
(4500,482,4,'Yes',NULL,NULL,'2025-05-07 11:18:10','2025-05-07 11:18:10'),
(4501,482,5,'Yes',NULL,NULL,'2025-05-07 11:18:10','2025-05-07 11:18:10'),
(4502,482,6,'Yes',NULL,NULL,'2025-05-07 11:18:11','2025-05-07 11:18:11'),
(4503,482,7,'No',NULL,NULL,'2025-05-07 11:18:11','2025-05-07 11:18:11'),
(4504,482,8,'No',NULL,NULL,'2025-05-07 11:18:11','2025-05-07 11:18:11'),
(4505,482,9,'Yes',NULL,NULL,'2025-05-07 11:18:11','2025-05-07 11:18:11'),
(4506,482,10,'No',NULL,NULL,'2025-05-07 11:18:11','2025-05-07 11:18:11'),
(4507,482,11,'Yes',NULL,NULL,'2025-05-07 11:18:12','2025-05-07 11:18:12'),
(4508,482,12,'Yes',NULL,NULL,'2025-05-07 11:18:12','2025-05-07 11:18:12'),
(4509,482,13,'Yes',NULL,NULL,'2025-05-07 11:18:12','2025-05-07 11:18:12'),
(4510,482,14,'Yes',NULL,NULL,'2025-05-07 11:18:12','2025-05-07 11:18:12'),
(4511,482,15,'Yes',NULL,NULL,'2025-05-07 11:18:12','2025-05-07 11:18:12'),
(4512,482,16,'Yes',NULL,NULL,'2025-05-07 11:18:13','2025-05-07 11:18:13'),
(4513,482,17,'Yes',NULL,NULL,'2025-05-07 11:18:13','2025-05-07 11:18:13'),
(4514,482,18,'Yes',NULL,NULL,'2025-05-07 11:18:13','2025-05-07 11:18:13'),
(4515,483,1,'No',NULL,NULL,'2025-05-07 11:30:25','2025-05-07 11:30:25'),
(4516,483,2,'Yes',NULL,NULL,'2025-05-07 11:30:26','2025-05-07 11:30:26'),
(4517,483,3,'Yes',NULL,NULL,'2025-05-07 11:30:26','2025-05-07 11:30:26'),
(4518,483,4,'Yes',NULL,NULL,'2025-05-07 11:30:26','2025-05-07 11:30:26'),
(4519,483,5,'Yes',NULL,NULL,'2025-05-07 11:30:26','2025-05-07 11:30:26'),
(4520,483,6,'Yes',NULL,NULL,'2025-05-07 11:30:26','2025-05-07 11:30:26'),
(4521,483,7,'No',NULL,NULL,'2025-05-07 11:30:27','2025-05-07 11:30:27'),
(4522,483,8,'No',NULL,NULL,'2025-05-07 11:30:27','2025-05-07 11:30:27'),
(4523,483,9,'Yes',NULL,NULL,'2025-05-07 11:30:27','2025-05-07 11:30:27'),
(4524,483,10,'No',NULL,NULL,'2025-05-07 11:30:27','2025-05-07 11:30:27'),
(4525,483,11,'Yes',NULL,NULL,'2025-05-07 11:30:27','2025-05-07 11:30:27'),
(4526,483,12,'Yes',NULL,NULL,'2025-05-07 11:30:28','2025-05-07 11:30:28'),
(4527,483,13,'Yes',NULL,NULL,'2025-05-07 11:30:28','2025-05-07 11:30:28'),
(4528,483,14,'Yes',NULL,NULL,'2025-05-07 11:30:28','2025-05-07 11:30:28'),
(4529,483,15,'Yes',NULL,NULL,'2025-05-07 11:30:28','2025-05-07 11:30:28'),
(4530,483,16,'Yes',NULL,NULL,'2025-05-07 11:30:28','2025-05-07 11:30:28'),
(4531,483,17,'Yes',NULL,NULL,'2025-05-07 11:30:28','2025-05-07 11:30:28'),
(4532,483,18,'Yes',NULL,NULL,'2025-05-07 11:30:29','2025-05-07 11:30:29'),
(4533,484,1,'No',NULL,NULL,'2025-05-07 12:11:25','2025-05-07 12:11:25'),
(4534,484,2,'Yes',NULL,NULL,'2025-05-07 12:11:25','2025-05-07 12:11:25'),
(4535,484,3,'Yes',NULL,NULL,'2025-05-07 12:11:25','2025-05-07 12:11:25'),
(4536,484,4,'Yes',NULL,NULL,'2025-05-07 12:11:26','2025-05-07 12:11:26'),
(4537,484,5,'Yes',NULL,NULL,'2025-05-07 12:11:26','2025-05-07 12:11:26'),
(4538,484,6,'Yes',NULL,NULL,'2025-05-07 12:11:26','2025-05-07 12:11:26'),
(4539,484,7,'No',NULL,NULL,'2025-05-07 12:11:26','2025-05-07 12:11:26'),
(4540,484,8,'No',NULL,NULL,'2025-05-07 12:11:26','2025-05-07 12:11:26'),
(4541,484,9,'Yes',NULL,NULL,'2025-05-07 12:11:26','2025-05-07 12:11:26'),
(4542,484,10,'No',NULL,NULL,'2025-05-07 12:11:27','2025-05-07 12:11:27'),
(4543,484,11,'Yes',NULL,NULL,'2025-05-07 12:11:27','2025-05-07 12:11:27'),
(4544,484,12,'Yes',NULL,NULL,'2025-05-07 12:11:27','2025-05-07 12:11:27'),
(4545,484,13,'Yes',NULL,NULL,'2025-05-07 12:11:27','2025-05-07 12:11:27'),
(4546,484,14,'Yes',NULL,NULL,'2025-05-07 12:11:27','2025-05-07 12:11:27'),
(4547,484,15,'Yes',NULL,NULL,'2025-05-07 12:11:28','2025-05-07 12:11:28'),
(4548,484,16,'Yes',NULL,NULL,'2025-05-07 12:11:28','2025-05-07 12:11:28'),
(4549,484,17,'Yes',NULL,NULL,'2025-05-07 12:11:28','2025-05-07 12:11:28'),
(4550,484,18,'Yes',NULL,NULL,'2025-05-07 12:11:28','2025-05-07 12:11:28'),
(4551,485,1,'No',NULL,NULL,'2025-05-07 12:55:01','2025-05-07 12:55:01'),
(4552,485,2,'Yes',NULL,NULL,'2025-05-07 12:55:02','2025-05-07 12:55:02'),
(4553,485,3,'Yes',NULL,NULL,'2025-05-07 12:55:02','2025-05-07 12:55:02'),
(4554,485,4,'Yes',NULL,NULL,'2025-05-07 12:55:02','2025-05-07 12:55:02'),
(4555,485,5,'Yes',NULL,NULL,'2025-05-07 12:55:02','2025-05-07 12:55:02'),
(4556,485,6,'Yes',NULL,NULL,'2025-05-07 12:55:02','2025-05-07 12:55:02'),
(4557,485,7,'No',NULL,NULL,'2025-05-07 12:55:03','2025-05-07 12:55:03'),
(4558,485,8,'No',NULL,NULL,'2025-05-07 12:55:03','2025-05-07 12:55:03'),
(4559,485,9,'Yes',NULL,NULL,'2025-05-07 12:55:03','2025-05-07 12:55:03'),
(4560,485,10,'No',NULL,NULL,'2025-05-07 12:55:03','2025-05-07 12:55:03'),
(4561,485,11,'Yes',NULL,NULL,'2025-05-07 12:55:03','2025-05-07 12:55:03'),
(4562,485,12,'Yes',NULL,NULL,'2025-05-07 12:55:04','2025-05-07 12:55:04'),
(4563,485,13,'Yes',NULL,NULL,'2025-05-07 12:55:04','2025-05-07 12:55:04'),
(4564,485,14,'Yes',NULL,NULL,'2025-05-07 12:55:04','2025-05-07 12:55:04'),
(4565,485,15,'Yes',NULL,NULL,'2025-05-07 12:55:04','2025-05-07 12:55:04'),
(4566,485,16,'Yes',NULL,NULL,'2025-05-07 12:55:05','2025-05-07 12:55:05'),
(4567,485,17,'Yes',NULL,NULL,'2025-05-07 12:55:05','2025-05-07 12:55:05'),
(4568,485,18,'Yes',NULL,NULL,'2025-05-07 12:55:05','2025-05-07 12:55:05'),
(4569,486,1,'No',NULL,NULL,'2025-05-07 13:38:16','2025-05-07 13:38:16'),
(4570,486,2,'Yes',NULL,NULL,'2025-05-07 13:38:16','2025-05-07 13:38:16'),
(4571,486,3,'Yes',NULL,NULL,'2025-05-07 13:38:17','2025-05-07 13:38:17'),
(4572,486,4,'Yes',NULL,NULL,'2025-05-07 13:38:17','2025-05-07 13:38:17'),
(4573,486,5,'Yes',NULL,NULL,'2025-05-07 13:38:17','2025-05-07 13:38:17'),
(4574,486,6,'Yes',NULL,NULL,'2025-05-07 13:38:17','2025-05-07 13:38:17'),
(4575,486,7,'No',NULL,NULL,'2025-05-07 13:38:17','2025-05-07 13:38:17'),
(4576,486,8,'No',NULL,NULL,'2025-05-07 13:38:18','2025-05-07 13:38:18'),
(4577,486,9,'Yes',NULL,NULL,'2025-05-07 13:38:18','2025-05-07 13:38:18'),
(4578,486,10,'No',NULL,NULL,'2025-05-07 13:38:18','2025-05-07 13:38:18'),
(4579,486,11,'Yes',NULL,NULL,'2025-05-07 13:38:18','2025-05-07 13:38:18'),
(4580,486,12,'Yes',NULL,NULL,'2025-05-07 13:38:19','2025-05-07 13:38:19'),
(4581,486,13,'Yes',NULL,NULL,'2025-05-07 13:38:19','2025-05-07 13:38:19'),
(4582,486,14,'Yes',NULL,NULL,'2025-05-07 13:38:19','2025-05-07 13:38:19'),
(4583,486,15,'Yes',NULL,NULL,'2025-05-07 13:38:19','2025-05-07 13:38:19'),
(4584,486,16,'Yes',NULL,NULL,'2025-05-07 13:38:20','2025-05-07 13:38:20'),
(4585,486,17,'Yes',NULL,NULL,'2025-05-07 13:38:20','2025-05-07 13:38:20'),
(4586,486,18,'Yes',NULL,NULL,'2025-05-07 13:38:20','2025-05-07 13:38:20'),
(4587,487,1,'No',NULL,NULL,'2025-05-07 14:03:17','2025-05-07 14:03:17'),
(4588,487,2,'Yes',NULL,NULL,'2025-05-07 14:03:17','2025-05-07 14:03:17'),
(4589,487,3,'Yes',NULL,NULL,'2025-05-07 14:03:18','2025-05-07 14:03:18'),
(4590,487,4,'Yes',NULL,NULL,'2025-05-07 14:03:18','2025-05-07 14:03:18'),
(4591,487,5,'Yes',NULL,NULL,'2025-05-07 14:03:18','2025-05-07 14:03:18'),
(4592,487,6,'Yes',NULL,NULL,'2025-05-07 14:03:18','2025-05-07 14:03:18'),
(4593,487,7,'No',NULL,NULL,'2025-05-07 14:03:19','2025-05-07 14:03:19'),
(4594,487,8,'No',NULL,NULL,'2025-05-07 14:03:19','2025-05-07 14:03:19'),
(4595,487,9,'Yes',NULL,NULL,'2025-05-07 14:03:19','2025-05-07 14:03:19'),
(4596,487,10,'No',NULL,NULL,'2025-05-07 14:03:19','2025-05-07 14:03:19'),
(4597,487,11,'Yes',NULL,NULL,'2025-05-07 14:03:19','2025-05-07 14:03:19'),
(4598,487,12,'Yes',NULL,NULL,'2025-05-07 14:03:20','2025-05-07 14:03:20'),
(4599,487,13,'Yes',NULL,NULL,'2025-05-07 14:03:20','2025-05-07 14:03:20'),
(4600,487,14,'Yes',NULL,NULL,'2025-05-07 14:03:20','2025-05-07 14:03:20'),
(4601,487,15,'Yes',NULL,NULL,'2025-05-07 14:03:20','2025-05-07 14:03:20'),
(4602,487,16,'Yes',NULL,NULL,'2025-05-07 14:03:20','2025-05-07 14:03:20'),
(4603,487,17,'Yes',NULL,NULL,'2025-05-07 14:03:21','2025-05-07 14:03:21'),
(4604,487,18,'Yes',NULL,NULL,'2025-05-07 14:03:21','2025-05-07 14:03:21'),
(4605,488,1,'No',NULL,NULL,'2025-05-07 14:57:32','2025-05-07 14:57:32'),
(4606,488,2,'Yes',NULL,NULL,'2025-05-07 14:57:32','2025-05-07 14:57:32'),
(4607,488,3,'Yes',NULL,NULL,'2025-05-07 14:57:32','2025-05-07 14:57:32'),
(4608,488,4,'Yes',NULL,NULL,'2025-05-07 14:57:32','2025-05-07 14:57:32'),
(4609,488,5,'Yes',NULL,NULL,'2025-05-07 14:57:33','2025-05-07 14:57:33'),
(4610,488,6,'Yes',NULL,NULL,'2025-05-07 14:57:33','2025-05-07 14:57:33'),
(4611,488,7,'No',NULL,NULL,'2025-05-07 14:57:33','2025-05-07 14:57:33'),
(4612,488,8,'No',NULL,NULL,'2025-05-07 14:57:33','2025-05-07 14:57:33'),
(4613,488,9,'Yes',NULL,NULL,'2025-05-07 14:57:33','2025-05-07 14:57:33'),
(4614,488,10,'No',NULL,NULL,'2025-05-07 14:57:34','2025-05-07 14:57:34'),
(4615,488,11,'Yes',NULL,NULL,'2025-05-07 14:57:34','2025-05-07 14:57:34'),
(4616,488,12,'Yes',NULL,NULL,'2025-05-07 14:57:34','2025-05-07 14:57:34'),
(4617,488,13,'Yes',NULL,NULL,'2025-05-07 14:57:34','2025-05-07 14:57:34'),
(4618,488,14,'Yes',NULL,NULL,'2025-05-07 14:57:34','2025-05-07 14:57:34'),
(4619,488,15,'Yes',NULL,NULL,'2025-05-07 14:57:35','2025-05-07 14:57:35'),
(4620,488,16,'Yes',NULL,NULL,'2025-05-07 14:57:35','2025-05-07 14:57:35'),
(4621,488,17,'Yes',NULL,NULL,'2025-05-07 14:57:35','2025-05-07 14:57:35'),
(4622,488,18,'Yes',NULL,NULL,'2025-05-07 14:57:35','2025-05-07 14:57:35'),
(4623,489,1,'No',NULL,NULL,'2025-05-07 15:39:17','2025-05-07 15:39:17'),
(4624,489,2,'Yes',NULL,NULL,'2025-05-07 15:39:17','2025-05-07 15:39:17'),
(4625,489,3,'Yes',NULL,NULL,'2025-05-07 15:39:17','2025-05-07 15:39:17'),
(4626,489,4,'Yes',NULL,NULL,'2025-05-07 15:39:17','2025-05-07 15:39:17'),
(4627,489,5,'Yes',NULL,NULL,'2025-05-07 15:39:17','2025-05-07 15:39:17'),
(4628,489,6,'Yes',NULL,NULL,'2025-05-07 15:39:18','2025-05-07 15:39:18'),
(4629,489,7,'No',NULL,NULL,'2025-05-07 15:39:18','2025-05-07 15:39:18'),
(4630,489,8,'No',NULL,NULL,'2025-05-07 15:39:18','2025-05-07 15:39:18'),
(4631,489,9,'Yes',NULL,NULL,'2025-05-07 15:39:18','2025-05-07 15:39:18'),
(4632,489,10,'No',NULL,NULL,'2025-05-07 15:39:18','2025-05-07 15:39:18'),
(4633,489,11,'Yes',NULL,NULL,'2025-05-07 15:39:19','2025-05-07 15:39:19'),
(4634,489,12,'Yes',NULL,NULL,'2025-05-07 15:39:19','2025-05-07 15:39:19'),
(4635,489,13,'Yes',NULL,NULL,'2025-05-07 15:39:19','2025-05-07 15:39:19'),
(4636,489,14,'Yes',NULL,NULL,'2025-05-07 15:39:19','2025-05-07 15:39:19'),
(4637,489,15,'Yes',NULL,NULL,'2025-05-07 15:39:19','2025-05-07 15:39:19'),
(4638,489,16,'Yes',NULL,NULL,'2025-05-07 15:39:20','2025-05-07 15:39:20'),
(4639,489,17,'Yes',NULL,NULL,'2025-05-07 15:39:20','2025-05-07 15:39:20'),
(4640,489,18,'Yes',NULL,NULL,'2025-05-07 15:39:20','2025-05-07 15:39:20'),
(4641,490,1,'No',NULL,NULL,'2025-05-07 15:55:04','2025-05-07 15:55:04'),
(4642,490,2,'Yes',NULL,NULL,'2025-05-07 15:55:04','2025-05-07 15:55:04'),
(4643,490,3,'Yes',NULL,NULL,'2025-05-07 15:55:04','2025-05-07 15:55:04'),
(4644,490,4,'Yes',NULL,NULL,'2025-05-07 15:55:05','2025-05-07 15:55:05'),
(4645,490,5,'Yes',NULL,NULL,'2025-05-07 15:55:05','2025-05-07 15:55:05'),
(4646,490,6,'Yes',NULL,NULL,'2025-05-07 15:55:05','2025-05-07 15:55:05'),
(4647,490,7,'No',NULL,NULL,'2025-05-07 15:55:05','2025-05-07 15:55:05'),
(4648,490,8,'No',NULL,NULL,'2025-05-07 15:55:05','2025-05-07 15:55:05'),
(4649,490,9,'Yes',NULL,NULL,'2025-05-07 15:55:06','2025-05-07 15:55:06'),
(4650,490,10,'No',NULL,NULL,'2025-05-07 15:55:06','2025-05-07 15:55:06'),
(4651,490,11,'Yes',NULL,NULL,'2025-05-07 15:55:06','2025-05-07 15:55:06'),
(4652,490,12,'Yes',NULL,NULL,'2025-05-07 15:55:06','2025-05-07 15:55:06'),
(4653,490,13,'Yes',NULL,NULL,'2025-05-07 15:55:06','2025-05-07 15:55:06'),
(4654,490,14,'Yes',NULL,NULL,'2025-05-07 15:55:07','2025-05-07 15:55:07'),
(4655,490,15,'Yes',NULL,NULL,'2025-05-07 15:55:07','2025-05-07 15:55:07'),
(4656,490,16,'Yes',NULL,NULL,'2025-05-07 15:55:07','2025-05-07 15:55:07'),
(4657,490,17,'Yes',NULL,NULL,'2025-05-07 15:55:07','2025-05-07 15:55:07'),
(4658,490,18,'Yes',NULL,NULL,'2025-05-07 15:55:07','2025-05-07 15:55:07'),
(4659,491,1,'No',NULL,NULL,'2025-05-08 11:36:38','2025-05-08 11:36:38'),
(4660,491,2,'Yes',NULL,NULL,'2025-05-08 11:36:38','2025-05-08 11:36:38'),
(4661,491,3,'Yes',NULL,NULL,'2025-05-08 11:36:39','2025-05-08 11:36:39'),
(4662,491,4,'Yes',NULL,NULL,'2025-05-08 11:36:39','2025-05-08 11:36:39'),
(4663,491,5,'Yes',NULL,NULL,'2025-05-08 11:36:39','2025-05-08 11:36:39'),
(4664,491,6,'Yes',NULL,NULL,'2025-05-08 11:36:39','2025-05-08 11:36:39'),
(4665,491,7,'No',NULL,NULL,'2025-05-08 11:36:39','2025-05-08 11:36:39'),
(4666,491,8,'No',NULL,NULL,'2025-05-08 11:36:40','2025-05-08 11:36:40'),
(4667,491,9,'Yes',NULL,NULL,'2025-05-08 11:36:40','2025-05-08 11:36:40'),
(4668,491,10,'No',NULL,NULL,'2025-05-08 11:36:40','2025-05-08 11:36:40'),
(4669,491,11,'Yes',NULL,NULL,'2025-05-08 11:36:40','2025-05-08 11:36:40'),
(4670,491,12,'Yes',NULL,NULL,'2025-05-08 11:36:40','2025-05-08 11:36:40'),
(4671,491,13,'Yes',NULL,NULL,'2025-05-08 11:36:41','2025-05-08 11:36:41'),
(4672,491,14,'Yes',NULL,NULL,'2025-05-08 11:36:41','2025-05-08 11:36:41'),
(4673,491,15,'Yes',NULL,NULL,'2025-05-08 11:36:41','2025-05-08 11:36:41'),
(4674,491,16,'Yes',NULL,NULL,'2025-05-08 11:36:41','2025-05-08 11:36:41'),
(4675,491,17,'Yes',NULL,NULL,'2025-05-08 11:36:41','2025-05-08 11:36:41'),
(4676,491,18,'Yes',NULL,NULL,'2025-05-08 11:36:42','2025-05-08 11:36:42'),
(4677,492,1,'No',NULL,NULL,'2025-05-08 11:46:16','2025-05-08 11:46:16'),
(4678,492,2,'Yes',NULL,NULL,'2025-05-08 11:46:17','2025-05-08 11:46:17'),
(4679,492,3,'Yes',NULL,NULL,'2025-05-08 11:46:17','2025-05-08 11:46:17'),
(4680,492,4,'Yes',NULL,NULL,'2025-05-08 11:46:17','2025-05-08 11:46:17'),
(4681,492,5,'Yes',NULL,NULL,'2025-05-08 11:46:17','2025-05-08 11:46:17'),
(4682,492,6,'Yes',NULL,NULL,'2025-05-08 11:46:17','2025-05-08 11:46:17'),
(4683,492,7,'No',NULL,NULL,'2025-05-08 11:46:18','2025-05-08 11:46:18'),
(4684,492,8,'No',NULL,NULL,'2025-05-08 11:46:18','2025-05-08 11:46:18'),
(4685,492,9,'Yes',NULL,NULL,'2025-05-08 11:46:18','2025-05-08 11:46:18'),
(4686,492,10,'No',NULL,NULL,'2025-05-08 11:46:18','2025-05-08 11:46:18'),
(4687,492,11,'Yes',NULL,NULL,'2025-05-08 11:46:18','2025-05-08 11:46:18'),
(4688,492,12,'Yes',NULL,NULL,'2025-05-08 11:46:18','2025-05-08 11:46:18'),
(4689,492,13,'Yes',NULL,NULL,'2025-05-08 11:46:19','2025-05-08 11:46:19'),
(4690,492,14,'Yes',NULL,NULL,'2025-05-08 11:46:19','2025-05-08 11:46:19'),
(4691,492,15,'Yes',NULL,NULL,'2025-05-08 11:46:19','2025-05-08 11:46:19'),
(4692,492,16,'Yes',NULL,NULL,'2025-05-08 11:46:19','2025-05-08 11:46:19'),
(4693,492,17,'Yes',NULL,NULL,'2025-05-08 11:46:19','2025-05-08 11:46:19'),
(4694,492,18,'Yes',NULL,NULL,'2025-05-08 11:46:20','2025-05-08 11:46:20'),
(4695,493,1,'No',NULL,NULL,'2025-05-08 11:57:58','2025-05-08 11:57:58'),
(4696,493,2,'Yes',NULL,NULL,'2025-05-08 11:57:59','2025-05-08 11:57:59'),
(4697,493,3,'Yes',NULL,NULL,'2025-05-08 11:57:59','2025-05-08 11:57:59'),
(4698,493,4,'Yes',NULL,NULL,'2025-05-08 11:57:59','2025-05-08 11:57:59'),
(4699,493,5,'Yes',NULL,NULL,'2025-05-08 11:57:59','2025-05-08 11:57:59'),
(4700,493,6,'Yes',NULL,NULL,'2025-05-08 11:57:59','2025-05-08 11:57:59'),
(4701,493,7,'No',NULL,NULL,'2025-05-08 11:58:00','2025-05-08 11:58:00'),
(4702,493,8,'No',NULL,NULL,'2025-05-08 11:58:00','2025-05-08 11:58:00'),
(4703,493,9,'Yes',NULL,NULL,'2025-05-08 11:58:00','2025-05-08 11:58:00'),
(4704,493,10,'No',NULL,NULL,'2025-05-08 11:58:00','2025-05-08 11:58:00'),
(4705,493,11,'Yes',NULL,NULL,'2025-05-08 11:58:00','2025-05-08 11:58:00'),
(4706,493,12,'Yes',NULL,NULL,'2025-05-08 11:58:01','2025-05-08 11:58:01'),
(4707,493,13,'Yes',NULL,NULL,'2025-05-08 11:58:01','2025-05-08 11:58:01'),
(4708,493,14,'Yes',NULL,NULL,'2025-05-08 11:58:01','2025-05-08 11:58:01'),
(4709,493,15,'Yes',NULL,NULL,'2025-05-08 11:58:01','2025-05-08 11:58:01'),
(4710,493,16,'Yes',NULL,NULL,'2025-05-08 11:58:01','2025-05-08 11:58:01'),
(4711,493,17,'Yes',NULL,NULL,'2025-05-08 11:58:02','2025-05-08 11:58:02'),
(4712,493,18,'Yes',NULL,NULL,'2025-05-08 11:58:02','2025-05-08 11:58:02'),
(4713,494,1,'No',NULL,NULL,'2025-05-08 12:11:19','2025-05-08 12:11:19'),
(4714,494,2,'Yes',NULL,NULL,'2025-05-08 12:11:20','2025-05-08 12:11:20'),
(4715,494,3,'Yes',NULL,NULL,'2025-05-08 12:11:20','2025-05-08 12:11:20'),
(4716,494,4,'Yes',NULL,NULL,'2025-05-08 12:11:20','2025-05-08 12:11:20'),
(4717,494,5,'Yes',NULL,NULL,'2025-05-08 12:11:20','2025-05-08 12:11:20'),
(4718,494,6,'Yes',NULL,NULL,'2025-05-08 12:11:20','2025-05-08 12:11:20'),
(4719,494,7,'No',NULL,NULL,'2025-05-08 12:11:21','2025-05-08 12:11:21'),
(4720,494,8,'No',NULL,NULL,'2025-05-08 12:11:21','2025-05-08 12:11:21'),
(4721,494,9,'Yes',NULL,NULL,'2025-05-08 12:11:21','2025-05-08 12:11:21'),
(4722,494,10,'No',NULL,NULL,'2025-05-08 12:11:21','2025-05-08 12:11:21'),
(4723,494,11,'Yes',NULL,NULL,'2025-05-08 12:11:21','2025-05-08 12:11:21'),
(4724,494,12,'Yes',NULL,NULL,'2025-05-08 12:11:22','2025-05-08 12:11:22'),
(4725,494,13,'Yes',NULL,NULL,'2025-05-08 12:11:22','2025-05-08 12:11:22'),
(4726,494,14,'Yes',NULL,NULL,'2025-05-08 12:11:22','2025-05-08 12:11:22'),
(4727,494,15,'Yes',NULL,NULL,'2025-05-08 12:11:22','2025-05-08 12:11:22'),
(4728,494,16,'Yes',NULL,NULL,'2025-05-08 12:11:22','2025-05-08 12:11:22'),
(4729,494,17,'Yes',NULL,NULL,'2025-05-08 12:11:23','2025-05-08 12:11:23'),
(4730,494,18,'Yes',NULL,NULL,'2025-05-08 12:11:23','2025-05-08 12:11:23'),
(4731,495,1,'No',NULL,NULL,'2025-05-08 12:26:31','2025-05-08 12:26:31'),
(4732,495,2,'Yes',NULL,NULL,'2025-05-08 12:26:31','2025-05-08 12:26:31'),
(4733,495,3,'Yes',NULL,NULL,'2025-05-08 12:26:32','2025-05-08 12:26:32'),
(4734,495,4,'Yes',NULL,NULL,'2025-05-08 12:26:32','2025-05-08 12:26:32'),
(4735,495,5,'Yes',NULL,NULL,'2025-05-08 12:26:32','2025-05-08 12:26:32'),
(4736,495,6,'Yes',NULL,NULL,'2025-05-08 12:26:32','2025-05-08 12:26:32'),
(4737,495,7,'No',NULL,NULL,'2025-05-08 12:26:32','2025-05-08 12:26:32'),
(4738,495,8,'No',NULL,NULL,'2025-05-08 12:26:32','2025-05-08 12:26:32'),
(4739,495,9,'Yes',NULL,NULL,'2025-05-08 12:26:33','2025-05-08 12:26:33'),
(4740,495,10,'No',NULL,NULL,'2025-05-08 12:26:33','2025-05-08 12:26:33'),
(4741,495,11,'Yes',NULL,NULL,'2025-05-08 12:26:33','2025-05-08 12:26:33'),
(4742,495,12,'Yes',NULL,NULL,'2025-05-08 12:26:33','2025-05-08 12:26:33'),
(4743,495,13,'Yes',NULL,NULL,'2025-05-08 12:26:33','2025-05-08 12:26:33'),
(4744,495,14,'Yes',NULL,NULL,'2025-05-08 12:26:34','2025-05-08 12:26:34'),
(4745,495,15,'Yes',NULL,NULL,'2025-05-08 12:26:34','2025-05-08 12:26:34'),
(4746,495,16,'Yes',NULL,NULL,'2025-05-08 12:26:34','2025-05-08 12:26:34'),
(4747,495,17,'Yes',NULL,NULL,'2025-05-08 12:26:34','2025-05-08 12:26:34'),
(4748,495,18,'Yes',NULL,NULL,'2025-05-08 12:26:34','2025-05-08 12:26:34'),
(4749,496,1,'No',NULL,NULL,'2025-05-08 12:42:49','2025-05-08 12:42:49'),
(4750,496,2,'Yes',NULL,NULL,'2025-05-08 12:42:49','2025-05-08 12:42:49'),
(4751,496,3,'No',NULL,'/testing-docs/496/3.png','2025-05-08 12:42:50','2025-05-08 12:42:50'),
(4752,496,4,'No',NULL,'/testing-docs/496/4.png','2025-05-08 12:42:51','2025-05-08 12:42:51'),
(4753,496,5,'No',NULL,'/testing-docs/496/5.png','2025-05-08 12:42:51','2025-05-08 12:42:51'),
(4754,496,6,'Yes',NULL,NULL,'2025-05-08 12:42:51','2025-05-08 12:42:51'),
(4755,496,7,'No',NULL,NULL,'2025-05-08 12:42:51','2025-05-08 12:42:51'),
(4756,496,8,'No',NULL,NULL,'2025-05-08 12:42:52','2025-05-08 12:42:52'),
(4757,496,9,'Yes',NULL,NULL,'2025-05-08 12:42:52','2025-05-08 12:42:52'),
(4758,496,10,'No',NULL,NULL,'2025-05-08 12:42:52','2025-05-08 12:42:52'),
(4759,496,11,'Yes',NULL,NULL,'2025-05-08 12:42:52','2025-05-08 12:42:52'),
(4760,496,12,'Yes',NULL,NULL,'2025-05-08 12:42:52','2025-05-08 12:42:52'),
(4761,496,13,'Yes',NULL,NULL,'2025-05-08 12:42:53','2025-05-08 12:42:53'),
(4762,496,14,'Yes',NULL,NULL,'2025-05-08 12:42:53','2025-05-08 12:42:53'),
(4763,496,15,'Yes',NULL,NULL,'2025-05-08 12:42:53','2025-05-08 12:42:53'),
(4764,496,16,'Yes',NULL,NULL,'2025-05-08 12:42:53','2025-05-08 12:42:53'),
(4765,496,17,'Yes',NULL,NULL,'2025-05-08 12:42:53','2025-05-08 12:42:53'),
(4766,496,18,'Yes',NULL,NULL,'2025-05-08 12:42:54','2025-05-08 12:42:54'),
(4767,497,1,'No',NULL,NULL,'2025-05-08 13:01:11','2025-05-08 13:01:11'),
(4768,497,2,'Yes',NULL,NULL,'2025-05-08 13:01:12','2025-05-08 13:01:12'),
(4769,497,3,'Yes',NULL,NULL,'2025-05-08 13:01:12','2025-05-08 13:01:12'),
(4770,497,4,'Yes',NULL,NULL,'2025-05-08 13:01:12','2025-05-08 13:01:12'),
(4771,497,5,'Yes',NULL,NULL,'2025-05-08 13:01:12','2025-05-08 13:01:12'),
(4772,497,6,'Yes',NULL,NULL,'2025-05-08 13:01:12','2025-05-08 13:01:12'),
(4773,497,7,'No',NULL,NULL,'2025-05-08 13:01:13','2025-05-08 13:01:13'),
(4774,497,8,'No',NULL,NULL,'2025-05-08 13:01:13','2025-05-08 13:01:13'),
(4775,497,9,'Yes',NULL,NULL,'2025-05-08 13:01:13','2025-05-08 13:01:13'),
(4776,497,10,'No',NULL,NULL,'2025-05-08 13:01:13','2025-05-08 13:01:13'),
(4777,497,11,'Yes',NULL,NULL,'2025-05-08 13:01:13','2025-05-08 13:01:13'),
(4778,497,12,'Yes',NULL,NULL,'2025-05-08 13:01:14','2025-05-08 13:01:14'),
(4779,497,13,'Yes',NULL,NULL,'2025-05-08 13:01:14','2025-05-08 13:01:14'),
(4780,497,14,'Yes',NULL,NULL,'2025-05-08 13:01:14','2025-05-08 13:01:14'),
(4781,497,15,'Yes',NULL,NULL,'2025-05-08 13:01:14','2025-05-08 13:01:14'),
(4782,497,16,'Yes',NULL,NULL,'2025-05-08 13:01:14','2025-05-08 13:01:14'),
(4783,497,17,'Yes',NULL,NULL,'2025-05-08 13:01:15','2025-05-08 13:01:15'),
(4784,497,18,'Yes',NULL,NULL,'2025-05-08 13:01:15','2025-05-08 13:01:15'),
(4785,498,1,'No',NULL,NULL,'2025-05-08 13:16:55','2025-05-08 13:16:55'),
(4786,498,2,'Yes',NULL,NULL,'2025-05-08 13:16:55','2025-05-08 13:16:55'),
(4787,498,3,'Yes',NULL,NULL,'2025-05-08 13:16:56','2025-05-08 13:16:56'),
(4788,498,4,'Yes',NULL,NULL,'2025-05-08 13:16:56','2025-05-08 13:16:56'),
(4789,498,5,'Yes',NULL,NULL,'2025-05-08 13:16:56','2025-05-08 13:16:56'),
(4790,498,6,'Yes',NULL,NULL,'2025-05-08 13:16:56','2025-05-08 13:16:56'),
(4791,498,7,'No',NULL,NULL,'2025-05-08 13:16:56','2025-05-08 13:16:56'),
(4792,498,8,'No',NULL,NULL,'2025-05-08 13:16:57','2025-05-08 13:16:57'),
(4793,498,9,'Yes',NULL,NULL,'2025-05-08 13:16:57','2025-05-08 13:16:57'),
(4794,498,10,'No',NULL,NULL,'2025-05-08 13:16:57','2025-05-08 13:16:57'),
(4795,498,11,'Yes',NULL,NULL,'2025-05-08 13:16:57','2025-05-08 13:16:57'),
(4796,498,12,'Yes',NULL,NULL,'2025-05-08 13:16:57','2025-05-08 13:16:57'),
(4797,498,13,'Yes',NULL,NULL,'2025-05-08 13:16:58','2025-05-08 13:16:58'),
(4798,498,14,'Yes',NULL,NULL,'2025-05-08 13:16:58','2025-05-08 13:16:58'),
(4799,498,15,'Yes',NULL,NULL,'2025-05-08 13:16:58','2025-05-08 13:16:58'),
(4800,498,16,'Yes',NULL,NULL,'2025-05-08 13:16:58','2025-05-08 13:16:58'),
(4801,498,17,'Yes',NULL,NULL,'2025-05-08 13:16:58','2025-05-08 13:16:58'),
(4802,498,18,'Yes',NULL,NULL,'2025-05-08 13:16:59','2025-05-08 13:16:59'),
(4803,499,1,'No',NULL,NULL,'2025-05-08 13:32:18','2025-05-08 13:32:18'),
(4804,499,2,'Yes',NULL,NULL,'2025-05-08 13:32:18','2025-05-08 13:32:18'),
(4805,499,3,'Yes',NULL,NULL,'2025-05-08 13:32:19','2025-05-08 13:32:19'),
(4806,499,4,'Yes',NULL,NULL,'2025-05-08 13:32:19','2025-05-08 13:32:19'),
(4807,499,5,'Yes',NULL,NULL,'2025-05-08 13:32:19','2025-05-08 13:32:19'),
(4808,499,6,'Yes',NULL,NULL,'2025-05-08 13:32:19','2025-05-08 13:32:19'),
(4809,499,7,'No',NULL,NULL,'2025-05-08 13:32:20','2025-05-08 13:32:20'),
(4810,499,8,'No',NULL,NULL,'2025-05-08 13:32:20','2025-05-08 13:32:20'),
(4811,499,9,'Yes',NULL,NULL,'2025-05-08 13:32:20','2025-05-08 13:32:20'),
(4812,499,10,'No',NULL,NULL,'2025-05-08 13:32:20','2025-05-08 13:32:20'),
(4813,499,11,'Yes',NULL,NULL,'2025-05-08 13:32:20','2025-05-08 13:32:20'),
(4814,499,12,'Yes',NULL,NULL,'2025-05-08 13:32:21','2025-05-08 13:32:21'),
(4815,499,13,'Yes',NULL,NULL,'2025-05-08 13:32:21','2025-05-08 13:32:21'),
(4816,499,14,'Yes',NULL,NULL,'2025-05-08 13:32:21','2025-05-08 13:32:21'),
(4817,499,15,'Yes',NULL,NULL,'2025-05-08 13:32:21','2025-05-08 13:32:21'),
(4818,499,16,'Yes',NULL,NULL,'2025-05-08 13:32:21','2025-05-08 13:32:21'),
(4819,499,17,'Yes',NULL,NULL,'2025-05-08 13:32:22','2025-05-08 13:32:22'),
(4820,499,18,'Yes',NULL,NULL,'2025-05-08 13:32:22','2025-05-08 13:32:22'),
(4821,500,1,'No',NULL,NULL,'2025-05-08 14:00:55','2025-05-08 14:00:55'),
(4822,500,2,'Yes',NULL,NULL,'2025-05-08 14:00:56','2025-05-08 14:00:56'),
(4823,500,3,'Yes',NULL,NULL,'2025-05-08 14:00:56','2025-05-08 14:00:56'),
(4824,500,4,'Yes',NULL,NULL,'2025-05-08 14:00:56','2025-05-08 14:00:56'),
(4825,500,5,'Yes',NULL,NULL,'2025-05-08 14:00:56','2025-05-08 14:00:56'),
(4826,500,6,'Yes',NULL,NULL,'2025-05-08 14:00:56','2025-05-08 14:00:56'),
(4827,500,7,'No',NULL,NULL,'2025-05-08 14:00:57','2025-05-08 14:00:57'),
(4828,500,8,'No',NULL,NULL,'2025-05-08 14:00:57','2025-05-08 14:00:57'),
(4829,500,9,'Yes',NULL,NULL,'2025-05-08 14:00:57','2025-05-08 14:00:57'),
(4830,500,10,'No',NULL,NULL,'2025-05-08 14:00:57','2025-05-08 14:00:57'),
(4831,500,11,'Yes',NULL,NULL,'2025-05-08 14:00:57','2025-05-08 14:00:57'),
(4832,500,12,'Yes',NULL,NULL,'2025-05-08 14:00:58','2025-05-08 14:00:58'),
(4833,500,13,'Yes',NULL,NULL,'2025-05-08 14:00:58','2025-05-08 14:00:58'),
(4834,500,14,'Yes',NULL,NULL,'2025-05-08 14:00:58','2025-05-08 14:00:58'),
(4835,500,15,'Yes',NULL,NULL,'2025-05-08 14:00:58','2025-05-08 14:00:58'),
(4836,500,16,'Yes',NULL,NULL,'2025-05-08 14:00:58','2025-05-08 14:00:58'),
(4837,500,17,'Yes',NULL,NULL,'2025-05-08 14:00:59','2025-05-08 14:00:59'),
(4838,500,18,'Yes',NULL,NULL,'2025-05-08 14:00:59','2025-05-08 14:00:59');
/*!40000 ALTER TABLE `testing_meta` ENABLE KEYS */;
UNLOCK TABLES;

--
-- Table structure for table `testing_questions`
--

DROP TABLE IF EXISTS `testing_questions`;
/*!40101 SET @saved_cs_client     = @@character_set_client */;
/*!40101 SET character_set_client = utf8mb4 */;
CREATE TABLE `testing_questions` (
  `id` int(11) NOT NULL AUTO_INCREMENT,
  `question` varchar(600) DEFAULT NULL,
  `created_at` timestamp NULL DEFAULT NULL,
  `updated_at` timestamp NULL DEFAULT NULL,
  PRIMARY KEY (`id`),
  KEY `invoice_id` (`question`)
) ENGINE=InnoDB AUTO_INCREMENT=19 DEFAULT CHARSET=utf8mb4 COLLATE=utf8mb4_general_ci;
/*!40101 SET character_set_client = @saved_cs_client */;

--
-- Dumping data for table `testing_questions`
--

LOCK TABLES `testing_questions` WRITE;
/*!40000 ALTER TABLE `testing_questions` DISABLE KEYS */;
INSERT INTO `testing_questions` (`id`, `question`, `created_at`, `updated_at`) VALUES (1,'Hanging hardware leaking?',NULL,'2024-12-10 10:47:34'),
(2,'Hanging hardware free of cracks and holes?',NULL,'2024-12-10 10:47:34'),
(3,'Octane stickers on?',NULL,'2024-12-10 10:47:34'),
(4,'Ethanol sticker on?',NULL,'2024-12-10 10:47:34'),
(5,'No Smoking/Stop Engine stickers on?',NULL,'2024-12-10 10:47:34'),
(6,'TDLR Weights & Measurements stickers on?',NULL,'2024-12-10 10:47:34'),
(7,'Any sign of leaks under the dispensers?',NULL,'2024-12-10 10:47:34'),
(8,'Any liquid or debris under dispenser sumps?',NULL,'2024-12-10 10:47:34'),
(9,'Are Spill buckets free of liquid or debris?',NULL,'2024-12-10 10:47:34'),
(10,'Spill buckets interior & exterior damaged or cracked?',NULL,'2024-12-10 10:47:34'),
(11,'Grey Fill Cap in working condition?',NULL,'2024-12-10 10:47:34'),
(12,'Fill Adapter threaded tight and not loose?',NULL,'2024-12-10 10:47:34'),
(13,'Orange Vapor cap in working condition?',NULL,'2024-12-10 10:47:34'),
(14,'Vapor adapter in working condition?',NULL,'2024-12-10 10:47:34'),
(15,'STP Sumps free of liquid and debris?',NULL,'2024-12-10 10:47:34'),
(16,'STP Sumps free of holes and cracks?',NULL,'2024-12-10 10:47:34'),
(17,'Are all the lids properly painted?',NULL,NULL),
(18,'Are the vent caps in good condition?',NULL,'2024-12-10 10:47:34');
/*!40000 ALTER TABLE `testing_questions` ENABLE KEYS */;
UNLOCK TABLES;

--
-- Table structure for table `testings`
--

DROP TABLE IF EXISTS `testings`;
/*!40101 SET @saved_cs_client     = @@character_set_client */;
/*!40101 SET character_set_client = utf8mb4 */;
CREATE TABLE `testings` (
  `id` int(11) NOT NULL AUTO_INCREMENT,
  `route_list_id` int(11) DEFAULT NULL,
  `ro_loc_id` int(11) NOT NULL,
  `cus_id` bigint(20) unsigned NOT NULL,
  `tech_id` bigint(20) unsigned NOT NULL,
  `type` varchar(60) DEFAULT NULL,
  `status` varchar(30) DEFAULT NULL,
  `gen_comment` varchar(1000) DEFAULT NULL,
  `invoice_id` int(11) DEFAULT NULL,
  `created_at` timestamp NULL DEFAULT NULL,
  `updated_at` timestamp NULL DEFAULT NULL,
  PRIMARY KEY (`id`),
  KEY `cus_id` (`cus_id`),
  KEY `tech_id` (`tech_id`),
  KEY `ro_oc_id` (`ro_loc_id`),
  KEY `invoice_id` (`invoice_id`),
  KEY `route_list_id` (`route_list_id`),
  CONSTRAINT `testings_ibfk_1` FOREIGN KEY (`cus_id`) REFERENCES `users` (`id`),
  CONSTRAINT `testings_ibfk_2` FOREIGN KEY (`ro_loc_id`) REFERENCES `ro_locations` (`id`),
  CONSTRAINT `testings_ibfk_3` FOREIGN KEY (`invoice_id`) REFERENCES `invoices` (`id`),
  CONSTRAINT `testings_ibfk_4` FOREIGN KEY (`route_list_id`) REFERENCES `route_lists` (`id`),
  CONSTRAINT `testings_ibfk_5` FOREIGN KEY (`tech_id`) REFERENCES `users` (`id`)
) ENGINE=InnoDB AUTO_INCREMENT=501 DEFAULT CHARSET=utf8mb4 COLLATE=utf8mb4_general_ci;
/*!40101 SET character_set_client = @saved_cs_client */;

--
-- Dumping data for table `testings`
--

LOCK TABLES `testings` WRITE;
/*!40000 ALTER TABLE `testings` DISABLE KEYS */;
INSERT INTO `testings` (`id`, `route_list_id`, `ro_loc_id`, `cus_id`, `tech_id`, `type`, `status`, `gen_comment`, `invoice_id`, `created_at`, `updated_at`) VALUES (379,77,225,895,460,NULL,'completed',NULL,NULL,'2025-03-01 19:57:38','2025-03-01 20:03:43'),
(380,77,226,81,460,NULL,'completed',NULL,NULL,'2025-04-01 12:49:38','2025-04-01 12:51:50'),
(381,78,247,647,1088,NULL,'completed',NULL,NULL,'2025-04-10 09:19:34','2025-04-10 09:23:12'),
(382,78,246,563,1088,NULL,'completed',NULL,NULL,'2025-04-10 09:28:59','2025-04-10 09:51:01'),
(383,78,245,514,1088,NULL,'completed',NULL,NULL,'2025-04-10 10:03:12','2025-04-10 10:03:48'),
(384,78,244,648,1088,NULL,'completed',NULL,NULL,'2025-04-10 10:27:23','2025-04-10 10:28:15'),
(385,78,243,558,1088,NULL,'completed',NULL,NULL,'2025-04-10 10:43:06','2025-04-10 10:44:17'),
(386,78,242,531,1088,NULL,'completed',NULL,NULL,'2025-04-10 10:57:41','2025-04-10 10:58:45'),
(387,78,241,650,1088,NULL,'completed',NULL,NULL,'2025-04-10 11:49:16','2025-04-10 11:50:02'),
(388,78,240,521,1088,NULL,'completed',NULL,NULL,'2025-04-10 12:23:37','2025-04-10 12:25:53'),
(389,78,239,651,1088,NULL,'completed',NULL,NULL,'2025-04-10 12:26:14','2025-04-10 12:26:57'),
(390,78,238,649,1088,NULL,'completed',NULL,NULL,'2025-04-10 12:40:38','2025-04-10 12:41:52'),
(391,79,273,923,1088,NULL,'completed',NULL,NULL,'2025-04-11 06:41:10','2025-04-11 06:42:18'),
(392,79,274,533,1088,NULL,'completed',NULL,NULL,'2025-04-11 06:54:32','2025-04-11 06:55:12'),
(393,79,275,1041,1088,NULL,'completed',NULL,NULL,'2025-04-11 07:28:58','2025-04-11 07:30:50'),
(394,79,276,579,1088,NULL,'completed',NULL,NULL,'2025-04-11 07:49:59','2025-04-11 07:50:49'),
(395,79,277,614,1088,NULL,'completed',NULL,NULL,'2025-04-11 08:06:16','2025-04-11 08:07:02'),
(396,79,278,1062,1088,NULL,'completed',NULL,NULL,'2025-04-11 08:18:03','2025-04-11 08:19:05'),
(397,79,279,596,1088,NULL,'completed',NULL,NULL,'2025-04-11 08:29:08','2025-04-11 08:29:51'),
(398,79,280,211,1088,NULL,'completed',NULL,NULL,'2025-04-11 09:00:10','2025-04-11 09:00:38'),
(399,79,281,600,1088,NULL,'completed',NULL,NULL,'2025-04-11 09:01:46','2025-04-11 09:02:19'),
(400,79,282,611,1088,NULL,'completed',NULL,NULL,'2025-04-11 09:13:44','2025-04-11 09:16:34'),
(401,79,283,784,1088,NULL,'completed','Apply for TDLR license and need to get calibration done for valid calibration report',NULL,'2025-04-11 09:30:21','2025-04-11 09:31:52'),
(402,79,284,770,1088,NULL,'completed',NULL,NULL,'2025-04-11 09:59:02','2025-04-11 10:00:24'),
(403,79,285,1089,1088,NULL,'completed',NULL,NULL,'2025-04-11 10:15:03','2025-04-11 10:15:29'),
(405,82,325,801,1088,NULL,'completed',NULL,NULL,'2025-04-17 06:54:53','2025-04-17 06:55:31'),
(406,82,326,809,1088,NULL,'completed',NULL,NULL,'2025-04-17 07:15:25','2025-04-17 07:16:38'),
(407,82,327,798,1088,NULL,'completed',NULL,NULL,'2025-04-17 07:25:23','2025-04-17 07:26:56'),
(408,82,328,194,1088,NULL,'completed',NULL,NULL,'2025-04-17 07:35:49','2025-04-17 07:36:21'),
(409,82,329,549,1088,NULL,'completed',NULL,NULL,'2025-04-17 08:15:30','2025-04-17 08:16:09'),
(410,82,330,844,1088,NULL,'completed',NULL,NULL,'2025-04-17 08:30:48','2025-04-17 08:31:27'),
(411,82,331,1030,1088,NULL,'completed',NULL,NULL,'2025-04-17 08:58:40','2025-04-17 08:59:09'),
(412,82,332,1044,1088,NULL,'completed',NULL,NULL,'2025-04-17 09:12:07','2025-04-17 09:14:47'),
(413,82,333,203,1088,NULL,'completed',NULL,NULL,'2025-04-17 09:25:44','2025-04-17 09:26:13'),
(414,82,334,836,1088,NULL,'completed',NULL,NULL,'2025-04-17 09:59:13','2025-04-17 09:59:48'),
(415,82,335,757,1088,NULL,'completed',NULL,NULL,'2025-04-17 10:35:39','2025-04-17 10:36:09'),
(416,82,336,961,1088,NULL,'completed',NULL,NULL,'2025-04-17 10:49:22','2025-04-17 10:49:50'),
(417,82,337,1072,1088,NULL,'completed',NULL,NULL,'2025-04-17 10:59:00','2025-04-17 10:59:56'),
(418,82,338,988,1088,NULL,'completed',NULL,NULL,'2025-04-17 11:13:58','2025-04-17 11:14:38'),
(419,82,339,1093,1088,NULL,'completed',NULL,NULL,'2025-04-17 11:56:51','2025-04-17 11:57:26'),
(420,81,340,535,1088,NULL,'completed',NULL,NULL,'2025-04-21 06:25:38','2025-04-21 06:26:13'),
(421,81,341,544,1088,NULL,'completed',NULL,NULL,'2025-04-21 06:43:14','2025-04-21 06:43:46'),
(422,81,342,1045,1088,NULL,'completed',NULL,NULL,'2025-04-21 07:00:59','2025-04-21 07:01:30'),
(423,81,343,781,1088,NULL,'completed',NULL,NULL,'2025-04-21 07:21:42','2025-04-21 07:22:14'),
(424,81,344,1007,1088,NULL,'completed',NULL,NULL,'2025-04-21 07:35:48','2025-04-21 07:36:15'),
(425,81,345,220,1088,NULL,'completed',NULL,NULL,'2025-04-21 07:47:57','2025-04-21 07:49:06'),
(426,81,346,550,1088,NULL,'completed',NULL,NULL,'2025-04-21 08:09:51','2025-04-21 08:10:18'),
(427,81,347,921,1088,NULL,'completed',NULL,NULL,'2025-04-21 09:19:02','2025-04-21 09:19:38'),
(428,81,348,536,1088,NULL,'completed',NULL,NULL,'2025-04-21 09:19:48','2025-04-21 09:20:22'),
(429,81,349,537,1088,NULL,'completed',NULL,NULL,'2025-04-21 09:40:46','2025-04-21 09:42:16'),
(430,83,350,465,1088,NULL,'completed',NULL,NULL,'2025-04-22 06:42:51','2025-04-22 06:43:22'),
(431,83,360,966,1088,NULL,'completed',NULL,NULL,'2025-04-22 06:44:17','2025-04-22 06:44:47'),
(432,83,353,557,1088,NULL,'completed',NULL,NULL,'2025-04-22 06:55:21','2025-04-22 06:55:52'),
(433,83,357,1060,1088,NULL,'completed',NULL,NULL,'2025-04-22 07:14:51','2025-04-22 07:15:15'),
(434,83,352,953,1088,NULL,'completed',NULL,NULL,'2025-04-22 07:29:19','2025-04-22 07:29:44'),
(435,83,351,555,1088,NULL,'completed',NULL,NULL,'2025-04-22 07:38:34','2025-04-22 07:39:04'),
(436,83,354,912,1088,NULL,'completed',NULL,NULL,'2025-04-22 08:04:31','2025-04-22 08:04:59'),
(437,83,358,1063,1088,NULL,'completed',NULL,NULL,'2025-04-22 08:20:49','2025-04-22 08:21:58'),
(438,83,359,993,1088,NULL,'completed',NULL,NULL,'2025-04-22 08:53:10','2025-04-22 08:53:48'),
(439,83,355,929,1088,NULL,'completed','No diesel stickers informed to put on 04/22/25',NULL,'2025-04-22 10:16:01','2025-04-22 10:18:34'),
(440,83,356,931,1088,NULL,'completed',NULL,NULL,'2025-04-22 10:41:14','2025-04-22 10:41:42'),
(441,84,370,959,1088,NULL,'completed',NULL,NULL,'2025-04-24 06:28:17','2025-04-24 06:28:56'),
(442,84,364,803,1088,NULL,'completed','Pump 1 needs to call passport tech to clear transaction. Pump 4 needs new FCB board',NULL,'2025-04-24 07:03:29','2025-04-24 07:06:43'),
(443,84,372,198,1088,NULL,'completed',NULL,NULL,'2025-04-24 07:56:29','2025-04-24 07:56:54'),
(444,84,361,643,1088,NULL,'completed',NULL,NULL,'2025-04-24 08:20:46','2025-04-24 08:22:03'),
(445,84,363,785,1088,NULL,'completed',NULL,NULL,'2025-04-24 08:35:06','2025-04-24 08:35:27'),
(446,84,373,538,1088,NULL,'completed',NULL,NULL,'2025-04-24 09:21:37','2025-04-24 09:22:12'),
(447,84,371,965,1088,NULL,'completed',NULL,NULL,'2025-04-24 09:29:22','2025-04-24 09:29:52'),
(448,84,362,646,1088,NULL,'completed',NULL,NULL,'2025-04-24 09:30:14','2025-04-24 09:42:22'),
(449,84,365,812,1088,NULL,'completed',NULL,NULL,'2025-04-24 10:09:23','2025-04-24 10:09:45'),
(450,84,369,977,1088,NULL,'completed',NULL,NULL,'2025-04-24 10:37:03','2025-04-24 10:37:33'),
(451,84,368,1035,1088,NULL,'completed',NULL,NULL,'2025-04-24 11:02:12','2025-04-24 12:35:01'),
(452,84,366,821,1088,NULL,'completed',NULL,NULL,'2025-04-24 11:02:22','2025-04-24 11:02:48'),
(453,84,367,946,1088,NULL,'completed',NULL,NULL,'2025-04-24 11:41:49','2025-04-24 11:42:19'),
(454,85,472,788,1088,NULL,'completed',NULL,NULL,'2025-05-02 07:15:35','2025-05-02 07:16:02'),
(455,85,473,815,1088,NULL,'completed',NULL,NULL,'2025-05-02 07:25:35','2025-05-02 07:26:20'),
(456,85,474,638,1088,NULL,'completed',NULL,NULL,'2025-05-02 07:43:34','2025-05-02 07:44:22'),
(457,85,467,1026,1088,NULL,'completed',NULL,NULL,'2025-05-02 07:58:39','2025-05-02 07:59:07'),
(458,85,465,193,1088,NULL,'completed',NULL,NULL,'2025-05-02 08:14:59','2025-05-02 08:18:47'),
(459,85,464,213,1088,NULL,'completed',NULL,NULL,'2025-05-02 08:29:50','2025-05-02 08:30:25'),
(460,85,466,765,1088,NULL,'completed',NULL,NULL,'2025-05-02 08:42:13','2025-05-02 08:42:39'),
(461,85,468,539,1088,NULL,'completed',NULL,NULL,'2025-05-02 08:58:01','2025-05-02 08:58:30'),
(462,85,469,548,1088,NULL,'completed',NULL,NULL,'2025-05-02 09:14:49','2025-05-02 09:16:09'),
(463,85,470,1069,1088,NULL,'completed',NULL,NULL,'2025-05-02 09:37:27','2025-05-02 09:37:53'),
(464,85,471,208,1088,NULL,'completed',NULL,NULL,'2025-05-02 09:50:50','2025-05-02 09:51:20'),
(465,85,475,553,1088,NULL,'completed',NULL,NULL,'2025-05-02 09:59:26','2025-05-02 09:59:51'),
(466,85,478,818,1088,NULL,'completed',NULL,NULL,'2025-05-02 10:14:58','2025-05-02 10:15:44'),
(467,85,476,197,1088,NULL,'completed',NULL,NULL,'2025-05-02 10:28:03','2025-05-02 10:28:27'),
(468,85,477,1071,1088,NULL,'completed',NULL,NULL,'2025-05-02 10:42:31','2025-05-02 10:42:59'),
(469,86,807,768,1088,NULL,'completed',NULL,NULL,'2025-05-06 06:24:07','2025-05-06 06:51:57'),
(470,86,808,609,1088,NULL,'completed',NULL,NULL,'2025-05-06 06:52:21','2025-05-06 06:52:54'),
(471,86,809,1006,1088,NULL,'completed',NULL,NULL,'2025-05-06 07:16:30','2025-05-06 07:16:54'),
(472,86,812,530,1088,NULL,'completed',NULL,NULL,'2025-05-06 07:36:31','2025-05-06 07:37:50'),
(473,86,811,755,1088,NULL,'completed',NULL,NULL,'2025-05-06 07:58:05','2025-05-06 07:58:35'),
(474,86,810,954,1088,NULL,'completed',NULL,NULL,'2025-05-06 08:14:20','2025-05-06 08:14:51'),
(475,86,813,578,1088,NULL,'completed',NULL,NULL,'2025-05-06 08:51:32','2025-05-06 08:52:24'),
(476,86,814,221,1088,NULL,'completed',NULL,NULL,'2025-05-06 09:02:40','2025-05-06 09:04:14'),
(477,86,815,1052,1088,NULL,'completed',NULL,NULL,'2025-05-06 09:29:07','2025-05-06 09:30:08'),
(478,86,816,566,1088,NULL,'completed',NULL,NULL,'2025-05-06 09:47:48','2025-05-06 09:48:25'),
(479,86,817,1094,1088,NULL,'completed',NULL,NULL,'2025-05-06 10:07:42','2025-05-06 10:08:06'),
(480,86,818,827,1088,NULL,'completed',NULL,NULL,'2025-05-06 10:20:09','2025-05-06 10:20:34'),
(481,86,819,564,1088,NULL,'completed',NULL,NULL,'2025-05-06 11:34:29','2025-05-06 11:34:52'),
(482,87,770,958,1088,NULL,'completed','Pump 1 auto stop for nozzle doesn\'t work manager didn\'t want to change it',NULL,'2025-05-07 06:17:06','2025-05-07 06:18:13'),
(483,87,771,957,1088,NULL,'completed',NULL,NULL,'2025-05-07 06:30:01','2025-05-07 06:30:29'),
(484,87,772,956,1088,NULL,'completed',NULL,NULL,'2025-05-07 07:11:05','2025-05-07 07:11:28'),
(485,87,773,215,1088,NULL,'completed',NULL,NULL,'2025-05-07 07:54:22','2025-05-07 07:55:05'),
(486,87,774,639,1088,NULL,'completed',NULL,NULL,'2025-05-07 08:37:49','2025-05-07 08:38:20'),
(487,87,775,642,1088,NULL,'completed',NULL,NULL,'2025-05-07 09:02:52','2025-05-07 09:03:21'),
(488,87,776,1036,1088,NULL,'completed',NULL,NULL,'2025-05-07 09:57:11','2025-05-07 09:57:35'),
(489,87,777,1037,1088,NULL,'completed',NULL,NULL,'2025-05-07 10:37:37','2025-05-07 10:39:20'),
(490,87,778,641,1088,NULL,'completed',NULL,NULL,'2025-05-07 10:54:20','2025-05-07 10:55:07'),
(491,89,749,595,1088,NULL,'completed',NULL,NULL,'2025-05-08 06:36:15','2025-05-08 06:36:42'),
(492,89,750,1061,1088,NULL,'completed',NULL,NULL,'2025-05-08 06:45:55','2025-05-08 06:46:20'),
(493,89,747,1042,1088,NULL,'completed',NULL,NULL,'2025-05-08 06:57:35','2025-05-08 06:58:02'),
(494,89,748,214,1088,NULL,'completed',NULL,NULL,'2025-05-08 07:10:58','2025-05-08 07:11:23'),
(495,89,745,1001,1088,NULL,'completed',NULL,NULL,'2025-05-08 07:26:05','2025-05-08 07:26:34'),
(496,89,746,982,1088,NULL,'completed','No stickers except TDLR informed him',NULL,'2025-05-08 07:41:50','2025-05-08 07:42:54'),
(497,89,754,819,1088,NULL,'completed','CP box dead informed manager',NULL,'2025-05-08 08:00:32','2025-05-08 08:01:15'),
(498,89,751,832,1088,NULL,'completed',NULL,NULL,'2025-05-08 08:16:27','2025-05-08 08:16:59'),
(499,89,752,986,1088,NULL,'completed',NULL,NULL,'2025-05-08 08:31:55','2025-05-08 08:32:22'),
(500,89,753,800,1088,NULL,'completed',NULL,NULL,'2025-05-08 09:00:09','2025-05-08 09:00:59');
/*!40000 ALTER TABLE `testings` ENABLE KEYS */;
UNLOCK TABLES;

--
-- Table structure for table `user_logs`
--

DROP TABLE IF EXISTS `user_logs`;
/*!40101 SET @saved_cs_client     = @@character_set_client */;
/*!40101 SET character_set_client = utf8mb4 */;
CREATE TABLE `user_logs` (
  `id` bigint(20) unsigned NOT NULL AUTO_INCREMENT,
  `user_id` bigint(20) unsigned NOT NULL,
  `login_at` timestamp NULL DEFAULT NULL,
  `logout_at` timestamp NULL DEFAULT NULL,
  `created_at` timestamp NULL DEFAULT NULL,
  `updated_at` timestamp NULL DEFAULT NULL,
  PRIMARY KEY (`id`),
  KEY `user_id` (`user_id`),
  CONSTRAINT `user_logs_ibfk_1` FOREIGN KEY (`user_id`) REFERENCES `users` (`id`)
) ENGINE=InnoDB AUTO_INCREMENT=133 DEFAULT CHARSET=utf8mb4 COLLATE=utf8mb4_unicode_ci;
/*!40101 SET character_set_client = @saved_cs_client */;

--
-- Dumping data for table `user_logs`
--

LOCK TABLES `user_logs` WRITE;
/*!40000 ALTER TABLE `user_logs` DISABLE KEYS */;
INSERT INTO `user_logs` (`id`, `user_id`, `login_at`, `logout_at`, `created_at`, `updated_at`) VALUES (1,5,'2024-10-01 03:04:18','2024-10-01 03:18:21','2024-10-01 03:04:18','2024-10-01 03:18:21'),
(2,5,'2024-10-01 03:14:19','2024-10-01 03:18:17','2024-10-01 03:14:19','2024-10-01 03:18:17'),
(3,5,'2024-10-01 03:18:59','2024-10-01 03:18:59','2024-10-01 03:18:59','2024-10-01 03:18:59'),
(4,5,'2024-10-01 03:23:01','2024-10-01 03:23:01','2024-10-01 03:23:01','2024-10-01 03:23:01'),
(5,5,'2024-10-01 03:24:32','2024-10-01 03:24:32','2024-10-01 03:24:32','2024-10-01 03:24:32'),
(6,5,'2024-10-01 03:51:31','2024-10-01 03:54:44','2024-10-01 03:51:31','2024-10-01 03:54:44'),
(7,2,'2024-10-03 21:01:25','2024-10-03 21:03:55','2024-10-03 21:01:25','2024-10-03 21:03:55'),
(8,5,'2024-10-08 21:24:39','2024-10-08 21:26:27','2024-10-08 21:24:39','2024-10-08 21:26:27'),
(9,5,'2024-10-09 16:07:30','2024-10-10 21:34:29','2024-10-09 16:07:30','2024-10-10 21:34:29'),
(10,5,'2024-10-10 21:34:29','2024-10-11 14:09:45','2024-10-10 21:34:29','2024-10-11 14:09:45'),
(11,5,'2024-10-11 14:09:45','2024-10-11 16:31:12','2024-10-11 14:09:45','2024-10-11 16:31:12'),
(12,5,'2024-10-11 20:17:46','2024-10-11 20:55:51','2024-10-11 20:17:46','2024-10-11 20:55:51'),
(13,5,'2024-10-21 15:48:56','2024-10-21 16:18:52','2024-10-21 15:48:56','2024-10-21 16:18:52'),
(14,5,'2024-10-21 16:18:58','2024-10-22 16:49:44','2024-10-21 16:18:58','2024-10-22 16:49:44'),
(15,5,'2024-10-22 16:49:44','2024-10-23 16:04:49','2024-10-22 16:49:44','2024-10-23 16:04:49'),
(16,5,'2024-10-23 16:04:49','2024-10-28 17:16:47','2024-10-23 16:04:49','2024-10-28 17:16:47'),
(17,5,'2024-10-28 17:16:47','2024-10-28 17:22:49','2024-10-28 17:16:47','2024-10-28 17:22:49'),
(18,5,'2024-10-28 17:22:55','2024-11-05 22:12:50','2024-10-28 17:22:55','2024-11-05 22:12:50'),
(19,5,'2024-11-05 22:12:50','2024-11-11 14:51:07','2024-11-05 22:12:50','2024-11-11 14:51:07'),
(20,5,'2024-11-11 14:51:07','2024-12-04 15:15:59','2024-11-11 14:51:07','2024-12-04 15:15:59'),
(21,2,'2024-11-19 16:00:51','2024-11-19 16:01:53','2024-11-19 16:00:51','2024-11-19 16:01:53'),
(22,5,'2024-12-04 15:15:59','2024-12-06 16:08:35','2024-12-04 15:15:59','2024-12-06 16:08:35'),
(23,5,'2024-12-06 16:08:35','2024-12-06 16:14:52','2024-12-06 16:08:35','2024-12-06 16:14:52'),
(24,5,'2024-12-06 16:15:04','2024-12-06 23:28:44','2024-12-06 16:15:04','2024-12-06 23:28:44'),
(25,5,'2024-12-06 23:28:44','2024-12-07 00:06:22','2024-12-06 23:28:44','2024-12-07 00:06:22'),
(26,5,'2024-12-10 17:00:25','2024-12-10 17:05:57','2024-12-10 17:00:25','2024-12-10 17:05:57'),
(27,5,'2024-12-10 17:16:50','2024-12-11 18:45:48','2024-12-10 17:16:50','2024-12-11 18:45:48'),
(28,190,'2024-12-11 06:08:53','2024-12-11 06:13:51','2024-12-11 06:08:53','2024-12-11 06:13:51'),
(29,5,'2024-12-11 18:45:48','2024-12-11 18:50:52','2024-12-11 18:45:48','2024-12-11 18:50:52'),
(30,5,'2024-12-11 18:50:53','2024-12-11 18:50:58','2024-12-11 18:50:53','2024-12-11 18:50:58'),
(31,5,'2024-12-11 18:51:00','2024-12-11 18:51:07','2024-12-11 18:51:00','2024-12-11 18:51:07'),
(32,5,'2024-12-11 18:51:32','2024-12-11 21:14:48','2024-12-11 18:51:32','2024-12-11 21:14:48'),
(33,5,'2024-12-11 21:14:48','2024-12-13 18:25:17','2024-12-11 21:14:48','2024-12-13 18:25:17'),
(34,5,'2024-12-13 18:25:17','2024-12-26 19:57:52','2024-12-13 18:25:17','2024-12-26 19:57:52'),
(35,5,'2024-12-26 19:57:52','2024-12-31 21:08:11','2024-12-26 19:57:52','2024-12-31 21:08:11'),
(36,5,'2024-12-31 21:08:11','2025-01-02 18:49:58','2024-12-31 21:08:11','2025-01-02 18:49:58'),
(37,447,'2025-01-02 02:51:46','2025-01-02 02:56:11','2025-01-02 02:51:46','2025-01-02 02:56:11'),
(38,5,'2025-01-02 18:49:58','2025-01-06 17:15:41','2025-01-02 18:49:58','2025-01-06 17:15:41'),
(39,5,'2025-01-06 17:15:41','2025-01-08 15:45:23','2025-01-06 17:15:41','2025-01-08 15:45:23'),
(40,5,'2025-01-08 15:45:23','2025-01-08 15:45:47','2025-01-08 15:45:23','2025-01-08 15:45:47'),
(41,5,'2025-01-10 10:18:11','2025-01-11 18:38:28','2025-01-10 10:18:11','2025-01-11 18:38:28'),
(42,190,'2025-01-10 14:22:28','2025-01-10 14:45:49','2025-01-10 14:22:28','2025-01-10 14:45:49'),
(43,190,'2025-01-11 18:33:12','2025-01-11 18:36:44','2025-01-11 18:33:12','2025-01-11 18:36:44'),
(44,5,'2025-01-11 18:38:28','2025-01-11 18:39:16','2025-01-11 18:38:28','2025-01-11 18:39:16'),
(45,5,'2025-01-11 20:54:04','2025-01-13 13:32:20','2025-01-11 20:54:04','2025-01-13 13:32:20'),
(46,5,'2025-01-13 13:32:20','2025-01-13 16:21:10','2025-01-13 13:32:20','2025-01-13 16:21:10'),
(47,5,'2025-01-13 16:21:10','2025-01-14 09:07:09','2025-01-13 16:21:10','2025-01-14 09:07:09'),
(48,5,'2025-01-14 09:07:09','2025-01-14 09:51:33','2025-01-14 09:07:09','2025-01-14 09:51:33'),
(49,5,'2025-01-14 09:51:33','2025-01-14 09:51:53','2025-01-14 09:51:33','2025-01-14 09:51:53'),
(50,5,'2025-01-14 10:05:53','2025-01-14 10:13:32','2025-01-14 10:05:53','2025-01-14 10:13:32'),
(51,5,'2025-01-14 10:16:10','2025-01-15 08:40:32','2025-01-14 10:16:10','2025-01-15 08:40:32'),
(52,5,'2025-01-15 08:40:32','2025-01-15 10:44:39','2025-01-15 08:40:32','2025-01-15 10:44:39'),
(53,5,'2025-01-15 10:44:39','2025-01-15 12:43:22','2025-01-15 10:44:39','2025-01-15 12:43:22'),
(54,5,'2025-01-15 12:43:34','2025-01-15 14:15:01','2025-01-15 12:43:34','2025-01-15 14:15:01'),
(55,5,'2025-01-15 14:15:01','2025-01-16 13:52:08','2025-01-15 14:15:01','2025-01-16 13:52:08'),
(56,5,'2025-01-16 13:52:08','2025-01-16 14:07:09','2025-01-16 13:52:08','2025-01-16 14:07:09'),
(57,5,'2025-01-16 14:07:17','2025-01-16 14:13:37','2025-01-16 14:07:17','2025-01-16 14:13:37'),
(58,5,'2025-01-16 14:13:37','2025-01-16 16:52:26','2025-01-16 14:13:37','2025-01-16 16:52:26'),
(59,5,'2025-01-17 10:09:59','2025-01-17 10:23:52','2025-01-17 10:09:59','2025-01-17 10:23:52'),
(60,5,'2025-01-17 10:23:53','2025-01-23 15:08:48','2025-01-17 10:23:53','2025-01-23 15:08:48'),
(61,5,'2025-01-23 15:08:48','2025-01-23 21:02:21','2025-01-23 15:08:48','2025-01-23 21:02:21'),
(62,5,'2025-01-23 21:02:21','2025-01-27 19:57:36','2025-01-23 21:02:21','2025-01-27 19:57:36'),
(63,5,'2025-01-27 19:57:36','2025-01-30 20:35:48','2025-01-27 19:57:36','2025-01-30 20:35:48'),
(64,2,'2025-01-28 19:46:50','2025-02-20 14:32:39','2025-01-28 19:46:50','2025-02-20 14:32:39'),
(65,5,'2025-01-30 20:35:48','2025-01-31 08:48:48','2025-01-30 20:35:48','2025-01-31 08:48:48'),
(66,5,'2025-01-31 08:48:48','2025-01-31 09:09:38','2025-01-31 08:48:48','2025-01-31 09:09:38'),
(67,5,'2025-01-31 09:09:44','2025-02-03 09:11:34','2025-01-31 09:09:44','2025-02-03 09:11:34'),
(68,5,'2025-02-03 09:11:34','2025-02-03 11:06:40','2025-02-03 09:11:34','2025-02-03 11:06:40'),
(69,5,'2025-02-03 11:06:40','2025-02-07 09:18:39','2025-02-03 11:06:40','2025-02-07 09:18:39'),
(70,5,'2025-02-07 09:18:39','2025-02-13 13:00:11','2025-02-07 09:18:39','2025-02-13 13:00:11'),
(71,5,'2025-02-13 13:00:11','2025-02-18 10:06:36','2025-02-13 13:00:11','2025-02-18 10:06:36'),
(72,5,'2025-02-18 10:06:36','2025-02-19 08:42:41','2025-02-18 10:06:36','2025-02-19 08:42:41'),
(73,5,'2025-02-19 08:42:41','2025-02-19 10:02:15','2025-02-19 08:42:41','2025-02-19 10:02:15'),
(74,5,'2025-02-19 10:02:21','2025-02-19 10:39:11','2025-02-19 10:02:21','2025-02-19 10:39:11'),
(75,5,'2025-02-19 10:39:11','2025-02-20 14:47:28','2025-02-19 10:39:11','2025-02-20 14:47:28'),
(76,2,'2025-02-20 14:32:39',NULL,'2025-02-20 14:32:39','2025-02-20 14:32:39'),
(77,5,'2025-02-20 14:47:28','2025-02-21 07:49:14','2025-02-20 14:47:28','2025-02-21 07:49:14'),
(78,5,'2025-02-21 07:49:14','2025-02-21 14:01:06','2025-02-21 07:49:14','2025-02-21 14:01:06'),
(79,5,'2025-02-21 14:01:06','2025-02-24 09:27:47','2025-02-21 14:01:06','2025-02-24 09:27:47'),
(80,5,'2025-02-24 09:27:47','2025-02-24 10:08:20','2025-02-24 09:27:47','2025-02-24 10:08:20'),
(81,5,'2025-02-24 10:08:20','2025-02-24 14:13:41','2025-02-24 10:08:20','2025-02-24 14:13:41'),
(82,5,'2025-02-24 14:13:41','2025-02-25 08:48:19','2025-02-24 14:13:41','2025-02-25 08:48:19'),
(83,5,'2025-02-25 08:48:19','2025-02-25 13:34:15','2025-02-25 08:48:19','2025-02-25 13:34:15'),
(84,5,'2025-02-25 13:34:15','2025-02-26 12:25:43','2025-02-25 13:34:15','2025-02-26 12:25:43'),
(85,5,'2025-02-26 12:25:43','2025-02-27 10:20:17','2025-02-26 12:25:43','2025-02-27 10:20:17'),
(86,5,'2025-02-27 10:20:17','2025-02-27 13:21:42','2025-02-27 10:20:17','2025-02-27 13:21:42'),
(87,5,'2025-02-27 13:21:42','2025-02-28 07:48:19','2025-02-27 13:21:42','2025-02-28 07:48:19'),
(88,5,'2025-02-28 07:48:19','2025-02-28 07:48:46','2025-02-28 07:48:19','2025-02-28 07:48:46'),
(89,5,'2025-02-28 07:48:46','2025-02-28 07:49:30','2025-02-28 07:48:46','2025-02-28 07:49:30'),
(90,5,'2025-02-28 07:51:41','2025-02-28 07:57:11','2025-02-28 07:51:41','2025-02-28 07:57:11'),
(91,5,'2025-02-28 07:57:12','2025-02-28 08:13:48','2025-02-28 07:57:12','2025-02-28 08:13:48'),
(92,5,'2025-02-28 08:13:50','2025-02-28 08:20:48','2025-02-28 08:13:50','2025-02-28 08:20:48'),
(93,5,'2025-02-28 08:39:31','2025-02-28 08:40:20','2025-02-28 08:39:31','2025-02-28 08:40:20'),
(94,5,'2025-02-28 08:40:22','2025-02-28 11:01:55','2025-02-28 08:40:22','2025-02-28 11:01:55'),
(95,5,'2025-02-28 11:01:58','2025-03-03 09:15:49','2025-02-28 11:01:58','2025-03-03 09:15:49'),
(96,5,'2025-03-03 09:15:49','2025-03-03 14:02:44','2025-03-03 09:15:49','2025-03-03 14:02:44'),
(97,5,'2025-03-03 14:02:44','2025-03-03 14:19:47','2025-03-03 14:02:44','2025-03-03 14:19:47'),
(98,5,'2025-03-03 14:19:49','2025-03-03 16:29:10','2025-03-03 14:19:49','2025-03-03 16:29:10'),
(99,5,'2025-03-03 16:29:10','2025-03-05 11:41:50','2025-03-03 16:29:10','2025-03-05 11:41:50'),
(100,5,'2025-03-05 11:41:50','2025-03-05 14:26:45','2025-03-05 11:41:50','2025-03-05 14:26:45'),
(101,5,'2025-03-05 14:26:47','2025-03-05 15:39:30','2025-03-05 14:26:47','2025-03-05 15:39:30'),
(102,5,'2025-03-05 15:39:32','2025-03-05 16:45:59','2025-03-05 15:39:32','2025-03-05 16:45:59'),
(103,5,'2025-03-05 16:46:01','2025-03-06 08:54:21','2025-03-05 16:46:01','2025-03-06 08:54:21'),
(104,5,'2025-03-06 08:54:21','2025-03-06 09:01:23','2025-03-06 08:54:21','2025-03-06 09:01:23'),
(105,5,'2025-03-06 09:01:25','2025-03-06 12:02:25','2025-03-06 09:01:25','2025-03-06 12:02:25'),
(106,5,'2025-03-06 12:02:27','2025-03-07 13:54:25','2025-03-06 12:02:27','2025-03-07 13:54:25'),
(107,5,'2025-03-07 13:54:25','2025-03-07 14:32:03','2025-03-07 13:54:25','2025-03-07 14:32:03'),
(108,5,'2025-03-07 14:32:04','2025-03-11 12:24:32','2025-03-07 14:32:04','2025-03-11 12:24:32'),
(109,5,'2025-03-11 12:24:32','2025-03-11 13:01:24','2025-03-11 12:24:32','2025-03-11 13:01:24'),
(110,5,'2025-03-11 13:01:26','2025-03-13 12:32:00','2025-03-11 13:01:26','2025-03-13 12:32:00'),
(111,5,'2025-03-13 12:32:00','2025-03-19 16:20:42','2025-03-13 12:32:00','2025-03-19 16:20:42'),
(112,5,'2025-03-19 16:20:42','2025-03-28 09:28:41','2025-03-19 16:20:42','2025-03-28 09:28:41'),
(113,5,'2025-03-28 09:28:41','2025-04-02 09:21:02','2025-03-28 09:28:41','2025-04-02 09:21:02'),
(114,447,'2025-03-30 18:47:13','2025-03-30 18:48:51','2025-03-30 18:47:13','2025-03-30 18:48:51'),
(115,447,'2025-04-01 10:15:44','2025-04-01 23:23:27','2025-04-01 10:15:44','2025-04-01 23:23:27'),
(116,447,'2025-04-01 23:23:27','2025-04-01 23:26:19','2025-04-01 23:23:27','2025-04-01 23:26:19'),
(117,447,'2025-04-02 09:21:48','2025-04-02 09:28:46','2025-04-02 09:21:48','2025-04-02 09:28:46'),
(118,447,'2025-04-02 09:31:09','2025-04-03 12:58:22','2025-04-02 09:31:09','2025-04-03 12:58:22'),
(119,447,'2025-04-03 12:58:22','2025-04-03 15:23:49','2025-04-03 12:58:22','2025-04-03 15:23:49'),
(120,447,'2025-04-03 15:23:49','2025-04-09 12:51:15','2025-04-03 15:23:49','2025-04-09 12:51:15'),
(121,447,'2025-04-09 12:51:15','2025-04-09 14:21:16','2025-04-09 12:51:15','2025-04-09 14:21:16'),
(122,447,'2025-04-09 14:21:18','2025-04-09 14:21:38','2025-04-09 14:21:18','2025-04-09 14:21:38'),
(123,447,'2025-04-09 14:24:21','2025-04-09 14:26:08','2025-04-09 14:24:21','2025-04-09 14:26:08'),
(124,5,'2025-04-10 13:20:05','2025-04-10 13:22:07','2025-04-10 13:20:05','2025-04-10 13:22:07'),
(125,447,'2025-04-10 13:39:14','2025-04-10 13:50:26','2025-04-10 13:39:14','2025-04-10 13:50:26'),
(126,447,'2025-04-10 13:50:28','2025-04-11 11:14:46','2025-04-10 13:50:28','2025-04-11 11:14:46'),
(127,447,'2025-04-11 11:14:46','2025-04-18 12:17:39','2025-04-11 11:14:46','2025-04-18 12:17:39'),
(128,447,'2025-04-18 12:17:39','2025-04-21 09:55:34','2025-04-18 12:17:39','2025-04-21 09:55:34'),
(129,447,'2025-04-21 09:55:34','2025-04-21 10:05:15','2025-04-21 09:55:34','2025-04-21 10:05:15'),
(130,447,'2025-04-21 10:05:17','2025-04-24 15:27:18','2025-04-21 10:05:17','2025-04-24 15:27:18'),
(131,447,'2025-04-24 15:27:18','2025-04-29 09:39:51','2025-04-24 15:27:18','2025-04-29 09:39:51'),
(132,447,'2025-04-29 09:39:51',NULL,'2025-04-29 09:39:51','2025-04-29 09:39:51');
/*!40000 ALTER TABLE `user_logs` ENABLE KEYS */;
UNLOCK TABLES;

--
-- Table structure for table `user_route_lists`
--

DROP TABLE IF EXISTS `user_route_lists`;
/*!40101 SET @saved_cs_client     = @@character_set_client */;
/*!40101 SET character_set_client = utf8mb4 */;
CREATE TABLE `user_route_lists` (
  `user_id` bigint(20) unsigned NOT NULL,
  `route_list_id` int(11) NOT NULL,
  KEY `route_list_id` (`route_list_id`),
  KEY `user_id` (`user_id`),
  CONSTRAINT `user_route_lists_ibfk_1` FOREIGN KEY (`route_list_id`) REFERENCES `route_lists` (`id`),
  CONSTRAINT `user_route_lists_ibfk_2` FOREIGN KEY (`user_id`) REFERENCES `users` (`id`)
) ENGINE=InnoDB DEFAULT CHARSET=utf8mb4 COLLATE=utf8mb4_general_ci;
/*!40101 SET character_set_client = @saved_cs_client */;

--
-- Dumping data for table `user_route_lists`
--

LOCK TABLES `user_route_lists` WRITE;
/*!40000 ALTER TABLE `user_route_lists` DISABLE KEYS */;
INSERT INTO `user_route_lists` (`user_id`, `route_list_id`) VALUES (18,56),
(469,58),
(15,59),
(460,59),
(469,60),
(460,61),
(18,54),
(460,63),
(18,64),
(460,65),
(460,68),
(460,69),
(18,70),
(18,71),
(460,72),
(460,74),
(460,75),
(460,76),
(460,77),
(1088,78),
(1088,79),
(1088,81),
(1088,82),
(1088,83),
(1088,84),
(1088,85),
(1088,86),
(1088,87),
(1088,89),
(1088,88),
(1088,90),
(1088,91),
(1088,92),
(1088,93),
(1088,94),
(1088,95),
(1088,96),
(1088,97),
(1088,98);
/*!40000 ALTER TABLE `user_route_lists` ENABLE KEYS */;
UNLOCK TABLES;

--
-- Table structure for table `users`
--

DROP TABLE IF EXISTS `users`;
/*!40101 SET @saved_cs_client     = @@character_set_client */;
/*!40101 SET character_set_client = utf8mb4 */;
CREATE TABLE `users` (
  `id` bigint(20) unsigned NOT NULL AUTO_INCREMENT,
  `name` varchar(255) NOT NULL,
  `email` varchar(255) DEFAULT NULL,
  `phone` varchar(20) DEFAULT NULL,
  `email_verified_at` timestamp NULL DEFAULT NULL,
  `password` varchar(255) DEFAULT NULL,
  `remember_token` varchar(100) DEFAULT NULL,
  `created_at` timestamp NULL DEFAULT NULL,
  `updated_at` timestamp NULL DEFAULT NULL,
  `fleet_id` int(11) DEFAULT NULL,
  `com_name` varchar(60) DEFAULT NULL,
  `own_name` varchar(60) DEFAULT NULL,
  `str_addr` varchar(200) DEFAULT NULL,
  `city` varchar(100) DEFAULT NULL,
  `state` varchar(100) DEFAULT NULL,
  `zip_code` varchar(100) DEFAULT NULL,
  `str_phone` varchar(20) DEFAULT NULL,
  `cp_name` varchar(60) DEFAULT NULL,
  `cp_phone` varchar(20) DEFAULT NULL,
  `own_email` varchar(255) DEFAULT NULL,
  `email_list` varchar(300) DEFAULT NULL,
  `fac_id` varchar(60) DEFAULT NULL,
  `com_to_inv` varchar(60) DEFAULT NULL,
  `role` int(11) NOT NULL,
  `cus_type` varchar(20) DEFAULT NULL,
  `work_for` varchar(30) DEFAULT NULL,
  `login` varchar(1) DEFAULT NULL,
  `rec_logs` varchar(1) DEFAULT NULL,
  `switch_as` int(10) unsigned DEFAULT NULL,
  `deleted` varchar(5) DEFAULT NULL,
  PRIMARY KEY (`id`),
  UNIQUE KEY `email` (`email`),
  KEY `fleet_id` (`fleet_id`),
  CONSTRAINT `users_ibfk_1` FOREIGN KEY (`fleet_id`) REFERENCES `fleets` (`id`)
) ENGINE=InnoDB AUTO_INCREMENT=1112 DEFAULT CHARSET=utf8mb4 COLLATE=utf8mb4_unicode_ci;
/*!40101 SET character_set_client = @saved_cs_client */;

--
-- Dumping data for table `users`
--

LOCK TABLES `users` WRITE;
/*!40000 ALTER TABLE `users` DISABLE KEYS */;
INSERT INTO `users` (`id`, `name`, `email`, `phone`, `email_verified_at`, `password`, `remember_token`, `created_at`, `updated_at`, `fleet_id`, `com_name`, `own_name`, `str_addr`, `city`, `state`, `zip_code`, `str_phone`, `cp_name`, `cp_phone`, `own_email`, `email_list`, `fac_id`, `com_to_inv`, `role`, `cus_type`, `work_for`, `login`, `rec_logs`, `switch_as`, `deleted`) VALUES (1,'supadmin1','supadmin1@amtstx.com','+112345678',NULL,'$2y$10$ensX2e9lT5/SxTsaURBAj.waaWaWJzxuTg.cEyxnz9f.bA6cQItIG','NablZ21uoWRvUDwWGbbkuMNRi58i3RBibLRMyQSrF9p7X1CjcEFKx33rLfoi','2023-09-04 05:38:14','2025-04-15 02:55:22',NULL,NULL,NULL,NULL,'','','',NULL,NULL,NULL,NULL,NULL,NULL,NULL,1,'Monthly',NULL,'1',NULL,NULL,NULL),
(2,'admin1','admin1@amtstx.com','+112345612',NULL,'$2y$10$ensX2e9lT5/SxTsaURBAj.waaWaWJzxuTg.cEyxnz9f.bA6cQItIG','hWLi87mGmDzaNuQs8Ss3K12y4mIqhAdAVTgIto3dTUofNL0y7PheKkqeqgk7','2023-09-15 10:50:54','2024-05-11 08:13:42',NULL,NULL,NULL,NULL,'','','',NULL,NULL,NULL,NULL,NULL,NULL,NULL,2,'Monthly',NULL,'1',NULL,NULL,NULL),
(3,'admin2','admin2@amtstx.com','+112345612',NULL,'$2y$10$ensX2e9lT5/SxTsaURBAj.waaWaWJzxuTg.cEyxnz9f.bA6cQItIG',NULL,'2023-09-15 11:17:37','2024-07-30 07:00:15',NULL,NULL,NULL,NULL,'','','',NULL,NULL,NULL,NULL,NULL,NULL,NULL,2,'Monthly',NULL,'1',NULL,NULL,'yes'),
(5,'officestaff1','officestaff1@amtstx.com','+112345613',NULL,'$2y$10$ensX2e9lT5/SxTsaURBAj.waaWaWJzxuTg.cEyxnz9f.bA6cQItIG','A52ywCV4K6nQKrS9JN3tGudKOId9sVdfQ75LFij3FNRjovHs30RvujuSdhcJ','2023-09-15 14:47:30','2023-11-06 02:49:41',NULL,NULL,NULL,NULL,'','','',NULL,NULL,NULL,NULL,NULL,NULL,NULL,3,'Monthly',NULL,'1',NULL,NULL,NULL),
(6,'officestaff2','officestaff2@amtstx.com','+112345614',NULL,'$2y$10$ensX2e9lT5/SxTsaURBAj.waaWaWJzxuTg.cEyxnz9f.bA6cQItIG',NULL,'2023-09-16 11:52:28','2025-01-02 02:45:18',NULL,NULL,NULL,NULL,'','','',NULL,NULL,NULL,NULL,NULL,NULL,NULL,3,'Monthly',NULL,'1',NULL,NULL,'yes'),
(15,'fieldtechsup1','fieldtechsup1@amtstx.com','+112345615',NULL,'$2y$10$ensX2e9lT5/SxTsaURBAj.waaWaWJzxuTg.cEyxnz9f.bA6cQItIG','rkzVFD1Crg2PiHSnnHZVUl4mmw2c0qiJeHVHBkggsnrEXBKSPtyEBcx54SfZ','2023-10-23 23:50:10','2024-04-21 11:15:04',NULL,NULL,NULL,'asda, asdas','','','',NULL,NULL,NULL,NULL,'asd@sdh.sas,sdfsd@hfd.s',NULL,NULL,4,'Monthly',NULL,'1',NULL,NULL,NULL),
(17,'fieldtechsup2','fieldtechsup2@amtstx.com','+112345616',NULL,'$2y$10$ensX2e9lT5/SxTsaURBAj.waaWaWJzxuTg.cEyxnz9f.bA6cQItIG',NULL,'2023-10-24 12:15:28','2025-01-02 02:45:13',NULL,NULL,NULL,NULL,'','','',NULL,NULL,NULL,NULL,NULL,NULL,NULL,4,'Monthly',NULL,'1',NULL,NULL,'yes'),
(18,'fieldtech1','fieldtech1@amtstx.com','+112345617',NULL,'$2y$10$ensX2e9lT5/SxTsaURBAj.waaWaWJzxuTg.cEyxnz9f.bA6cQItIG',NULL,'2023-10-26 01:04:18','2025-01-10 15:00:14',7,NULL,NULL,NULL,NULL,NULL,NULL,NULL,NULL,NULL,NULL,NULL,NULL,NULL,5,NULL,'PTS','1','0',NULL,NULL),
(19,'fieldtech2','fieldtech2@amtstx.com','+112345618',NULL,'$2y$10$ensX2e9lT5/SxTsaURBAj.waaWaWJzxuTg.cEyxnz9f.bA6cQItIG',NULL,'2023-10-26 01:08:50','2025-01-02 02:45:08',NULL,NULL,NULL,NULL,'','','',NULL,NULL,NULL,NULL,NULL,NULL,NULL,5,'Monthly',NULL,'1',NULL,NULL,'yes'),
(21,'Lockhart Grocery','lockhartgrocery@att.net','512-398-4996',NULL,'$2y$10$HsB9AjUUXLVzNuJIWv0MPOP2adg7ZwZOEco7na/.70HzS8zJzFCbi','z2nIPYXfHQUFPv3PqlrXXWpE45qXQKdnS2chBiHt5jsf2oEQusQUZOvlQ1oJ','2023-10-26 01:21:19','2025-01-16 16:07:23',NULL,'Naushin Enterprises Inc.','Snz Investments, Inc.','1317 N Colorado St','Lockhart','TX','78644','512-300-9897','Zahir',NULL,'jackprasla@gmail.com',NULL,'46119','Petro-Tank Solutions',6,'Monthly','AMTX','0','0',NULL,NULL),
(64,'Valley Mart 9','Dmvm@graceamg.com','832-878-9182',NULL,'$2y$10$8rllpurdPHLIsnuSO4pLk.yJNRy8dIsSJ2YBmBP8wEIY2dWaY3u1y',NULL,'2024-07-27 00:23:22','2025-02-19 09:15:14',NULL,'Valley Marts Inc','Conquest Retail LLC','2401 Del Rio Blvd','Eagle Pass','TX','78852','832-878-9182','Sadiq Ali',NULL,'Dmvm@graceamg.com',NULL,'69049','Petro-Tank Solutions',6,'Monthly','AMTX','0','0',NULL,NULL),
(65,'Zavala Food Mart','mbidiwala@aol.com','918-812-9203',NULL,'$2y$10$62/t4b6pbcnCnIw8Xx7uKuSEgNYwL8BSboK68/TcJT6GOLPNJdsWu',NULL,'2024-07-27 00:27:29','2025-02-19 09:20:11',NULL,'Batesville Inc','Batesville Inc','14718 E US Hwy 57','Batesville','TX','78829','918-812-9203','Minhas Bidiwala',NULL,'mbidiwala@aol.com',NULL,'49905','Petro-Tank Solutions',6,'Monthly','PTS','0','0',NULL,NULL),
(66,'Dilley Express','Dilleyexpress@gmail.com',NULL,NULL,'$2y$10$vRN8Q0JgTT6YFe/QVAaStu5KdXRWZkhWgEKhmUlQR/q5VuTGchvk.',NULL,'2024-07-27 00:37:58','2025-03-03 09:22:02',NULL,'Dilley Food LLC','Dilley Food LLC','17294 S IH-35','Dilley','TX','78017','210-589-2152','Zulfiqar Ali',NULL,'safuxulfi@gmail.com',NULL,'58527','Petro-Tank Solutions',6,'Monthly','AMTX','0','0',NULL,NULL),
(67,'Comal Food Mart','pearsallstorellc@gmail.com',NULL,NULL,'$2y$10$sIIVlImCbhvzM4LoxuedJefGsAZmlNenOclaMqVfStu3jS2xnG4cW',NULL,'2024-07-27 00:39:44','2025-03-03 09:23:08',NULL,'Pearsall Store LLC','Pearsall Store LLC','1104 W Comal St','Pearsall','TX','78061','830-334-2944','Zulfiqar',NULL,'safuxulfi@gmail.com',NULL,'41230','Petro-Tank Solutions',6,'Monthly','AMTX','0','0',NULL,NULL),
(70,'Valley Mart 12',NULL,NULL,NULL,'$2y$10$uno2G.xYwneLOftdW7lPk.J1tPDcx.hYNXR9hAcCtWGoClOveKtla',NULL,'2024-07-27 00:46:32','2025-02-19 09:08:48',NULL,'Valley Marts Inc','Conquest Retail LLC','111 N IH-35 Frontage Rd','Pearsall','TX','78061','832-878-9182','Sadiq Ali',NULL,'Dmvm@graceamg.com',NULL,'67419','Petro-Tank Solutions',6,'Monthly','AMTX','0','0',NULL,NULL),
(71,'Valley Mart 15',NULL,NULL,NULL,'$2y$10$mWNSPkah/ICTrNNjVNdgPOXTJtpiLBDanKMzGist550QGO.tiFuJa',NULL,'2024-07-27 00:47:21','2025-02-19 09:15:30',NULL,'Valley Marts Inc','Conquest Retail LLC','1009 E Hondo Ave','Devine','TX','78016','832-878-9182','Sadiq Ali',NULL,'Dmvm@graceamg.com',NULL,'36327','Petro-Tank Solutions',6,'Monthly','AMTX','0','0',NULL,NULL),
(72,'E Z In','Ezinpoteet9110@gmail.com',NULL,NULL,'$2y$10$VhnD4uGrnX82SMWtNse8v.tzJx5ZWlY4SwqsPn/nrSwlclo.51Sma',NULL,'2024-07-27 00:51:10','2025-02-24 15:33:08',NULL,'POTEET RETAIL INC','POTEET RETAIL INC','9110 N State Highway 16','Poteet','TX','78065','832-798-3723','Ashraf Ali',NULL,'Ezinpoteet9110@gmail.com',NULL,'45319','Petro-Tank Solutions',6,'Monthly','AMTX','0','0',NULL,NULL),
(73,'Sherrys','delpasollc@gmail.com','Karim: 830-637-9285',NULL,'$2y$10$4f9Im5NNZgUZyFPXoLaXP./Kzra1WrpXAHedQdbvv9.8okPTsaz06',NULL,'2024-07-27 00:52:44','2025-02-18 13:27:46',NULL,'Del Paso Business LLC','Del Paso Business LLC','1216 N Bryant Street','Pleasanton','TX','78064','512-413-4275','Amirali Prasla',NULL,NULL,NULL,'27680','Petro-Tank Solutions',6,'Monthly','AMTX','0','0',NULL,NULL),
(74,'Conoco Food Mart','shawnbarolia@gmail.com',NULL,NULL,'$2y$10$aCwWhZa73NzNGfqPYqrj.ekWfpiMUbvi/nSo9zPqlw72Fndqc7mJe',NULL,'2024-07-27 00:54:41','2025-02-24 14:48:40',NULL,'NAAIL INVESTMENTS INC','NAAIL INVESTMENTS INC','512 2nd St','Pleasanton','TX','78064','210-724-9739','Shawn Barolia',NULL,'shawnbarolia@gmail.com',NULL,'48726','Petro-Tank Solutions',6,'Monthly','AMTX','0','0',NULL,NULL),
(75,'Jimbos Food Mart','Foodmartjimbos@gmail.com',NULL,NULL,'$2y$10$AyQnzEL/PnpQmTwwtZ5JNe94inffRzGqVviSHjZ2Ecn6rFKfBtZYO',NULL,'2024-07-27 00:56:36','2025-01-16 15:04:22',NULL,'AGRA PROPERTIES, LLC','AGRA PROPERTIES, LLC','809 W Main Street','Kennedy','TX','78119','210-857-7234','Amir',NULL,'blinkcolor@gmail.com',NULL,'36494','Petro-Tank Solutions',6,'Monthly','AMTX','0','0',NULL,NULL),
(76,'Jadell Burns','Jadell.PTS@gmail.com','+15126219539',NULL,'$2y$10$HlCOIiPCn1sRCf5IP2y.fOJwNofpTJWjAYt6qgM/RolKpXm9otr0S',NULL,'2024-07-27 01:03:14','2024-12-11 06:06:06',7,NULL,NULL,NULL,'','','',NULL,NULL,NULL,NULL,NULL,NULL,NULL,5,NULL,NULL,'1','0',NULL,'yes'),
(77,'Bubbas','bubbas.dimebox@gmail.com','832-705-6395',NULL,'$2y$10$zGProkRoJz3PLiZQG/2wWebrCV/TUckJ6NX14gzlrEND8zO/kH9Xi',NULL,'2024-07-29 05:21:48','2025-02-24 12:49:17',NULL,'Msbz, Inc','Msbz, Inc','4282 E Highway 21','Dime Box','TX','77853','281-786-0110','Barkat',NULL,NULL,NULL,'90072','Petro-Tank Solutions',6,'Monthly','AMTX','0','0',NULL,NULL),
(78,'Fillin Station Express',NULL,NULL,NULL,'$2y$10$a.KjQr8S2Fks5AJJoBV0Re1UHwqIqwbDtGvE2bvCydc1xOU2f690e',NULL,'2024-07-29 05:52:09','2024-08-04 06:04:35',NULL,NULL,NULL,'201 N Front St, Fall City, TX 78113','','','','210-857-7234',NULL,NULL,NULL,NULL,NULL,'Petro-Tank Solutions',6,'Monthly',NULL,'0',NULL,NULL,NULL),
(79,'Jarrell Town Center',NULL,'512-751-7372',NULL,'$2y$10$fjD1O.GaYf9UJ4H0zDo0Bu6vjCaWn2aJWSZizZy2p8OaTB99dSi1W',NULL,'2024-08-01 03:51:03','2025-01-16 14:57:05',NULL,'JYKM JARRELL TOWN CENTER LLC','JYKM JARRELL TOWN CENTER LLC','11775 N Interstate 35','Jarrell','TX','76537','512-751-7372','Mushtaq',NULL,'mushtaqali@sbcglobal.net',NULL,'86186','Petro-Tank Solutions',6,'Monthly','AMTX','0','0',NULL,NULL),
(80,'Walburg Travel Center',NULL,NULL,NULL,'$2y$10$.9UIlGyCTlZrYq35lmv5yuhuuAje6oW66OM0Noh6zKQVV8Wrp7o7.',NULL,'2024-08-01 03:51:56','2025-02-19 09:17:47',NULL,'JYKM Walburg Travel Center LLC','JYKM Walburg Travel Center LLC','4610 N Interstate 35','Georgetown','TX','78626','512-751-7372','Mushtaq',NULL,'mushtaqali@sbcglobal.net',NULL,'89064','Petro-Tank Solutions',6,'Monthly','AMTX','0','0',NULL,NULL),
(81,'Berry Creek Food Mart',NULL,NULL,NULL,'$2y$10$uly7vvrQJVVPawKvwCKn8e4qQG.o5IJWcHncIsZjKMwjNkQLOs0yq',NULL,'2024-08-01 03:52:51','2025-02-24 11:14:40',NULL,'J S Golden INC','RELATIVE GOLDEN INC','301 SH-195 Ste 105','Georgetown','TX','78633','512-415-0206','Mehdi',NULL,'alimehdi_1@yahoo.com',NULL,'83654','Petro-Tank Solutions',6,'Monthly','AMTX','0','0',NULL,NULL),
(82,'Berry Creek Food Store',NULL,NULL,NULL,'$2y$10$Va7Vsz6Dv4DsQIm8DKOcReOpaLJnyg75QviCussKvtY0jIaCRzcZK',NULL,'2024-08-01 03:53:43','2025-02-24 11:17:06',NULL,'Rma Star Investment LLC','AROSH GOLDEN INC','30713 Chi Chi Dr','Georgetown','TX','78628','512-415-0206','Mehdi',NULL,'alimehdi_1@yahoo.com',NULL,'84830','Petro-Tank Solutions',6,'Monthly','AMTX','0','0',NULL,NULL),
(83,'City Market & Grill','suncitypllc@gmail.com',NULL,NULL,'$2y$10$w/QlyzL5KhZUYhyVvCWpLu82m8OAblFNz0UmYwHw8xn0y5UimURRS',NULL,'2024-08-01 03:54:32','2025-02-24 14:36:33',NULL,'Suncity Partners LLC','Suncity Partners LLC','440 Del Webb Blvd Ste 200','Georgetown','TX','78633','512-228-8728','Alizain Ali',NULL,NULL,NULL,'70055','Petro-Tank Solutions',6,'Monthly','AMTX','0','0',NULL,NULL),
(84,'William Mart',NULL,NULL,NULL,'$2y$10$DHcZKtzu5tQC3JF3MT7UE.nBYje7Rb7xQ7XHJjw.lUFhMvHtvhfXK',NULL,'2024-08-01 03:55:22','2025-02-19 09:19:21',NULL,'ALYCO INC','ALYCO INC','2403 Williams Dr','Georgetown','TX','78628','512-751-7372','Mushtaq',NULL,'mushtaqali@sbcglobal.net',NULL,'7160','Petro-Tank Solutions',6,'Monthly','AMTX','0','0',NULL,NULL),
(85,'Copper Ridge Market','crm00@verizon.net','512-909-1523',NULL,'$2y$10$b/9YcdDGcs.g35SYIddunO7nQEhhfx8QTm4tOLCTWw2pL.kj/N26K',NULL,'2024-08-01 03:56:05','2025-03-03 09:29:11',NULL,'HYLAND STORES INC','HYLAND STORES INC','7500 W State Highway 29','Georgetown','TX','78628','512-775-7821','Ashraf',NULL,'saif.marediya73@gmail.com',NULL,'80112','Petro-Tank Solutions',6,'Monthly','AMTX','0','0',NULL,NULL),
(86,'Jiffy Mart 2',NULL,'(512) 863-7766',NULL,'$2y$10$SkB.7HNAbaP2/AOvJTgHOO922PMVEpF4FrALFbabfv8K7ITrRS8z2',NULL,'2024-08-01 03:57:00','2025-01-16 15:00:23',NULL,'Hwy 2243 Grocery, Inc.','Hwy 2243 Grocery, Inc.','2200 S Austin Ave','Georgetown','TX','78626','512-506-1102','Ali Razaque',NULL,'alirazaque@hotmail.com',NULL,'16750','Petro-Tank Solutions',6,'Monthly','AMTX','0','0',NULL,NULL),
(87,'Snax Basket','nsretail786@gmail.com','512-930-1451',NULL,'$2y$10$B..ATQ1BJkbDhMnP3iWi9el8b4/uj9.OZ.5QeHesHvxiMIbrfRPmC',NULL,'2024-08-01 03:57:42','2025-02-18 13:47:17',NULL,'Ns Retail Inc','Ns Retail Inc','1911 S Austin Ave','Georgetown','TX','78626','512-545-0336','Navroz',NULL,NULL,NULL,'43676','Petro-Tank Solutions',6,'Monthly','AMTX','0','0',NULL,NULL),
(88,'Jiffy Mart 6','jiffymart6@yahoo.com','512-919-9380',NULL,'$2y$10$rXx7M451N8BbUr4.O2O4rOnCaVdR34MipJy8MyH1r9L.4KKgd/Feq',NULL,'2024-08-01 03:58:23','2025-01-16 15:02:33',NULL,'CHURCHES HILL GROCERY, INC.','CHURCHES HILL GROCERY, INC.','2850 E University Ave','Georgetown','TX','78626','(512) 825-2169','Mubarak',NULL,NULL,NULL,'69511','Petro-Tank Solutions',6,'Monthly','AMTX','0','0',NULL,NULL),
(89,'Food Basket 8','foodbasket8@yahoo.com','512-919-9380',NULL,'$2y$10$UqLnR2gLwM.PHUFlV.ho7.CBntSbjYXrt4k6PctVofNIN.PQnPw0i',NULL,'2024-08-01 03:59:00','2025-02-25 09:22:26',NULL,'Persepolis Developers LLC','M&R Umatiya Business LLC','3600 E University Ave','Georgetown','TX','78626','512-825-2169','Mubarak',NULL,NULL,NULL,'89188','Petro-Tank Solutions',6,'Monthly','AMTX','0','0',NULL,NULL),
(90,'Country Corner Food Mart','countrycornerfm@gmail.com',NULL,NULL,'$2y$10$dUWEFeY6cc31C7a3as8hhO3sit4uNZi.oVPel.Hcj.5.cQFaGiZHu',NULL,'2024-08-01 03:59:43','2025-02-24 14:55:56',NULL,'JZ.C.C. INC','PEERMOHAMMAD, JAFFAR','5510 Highway 29 E','Georgetown','TX','78626','512-762-3426','Zulfikar',NULL,NULL,NULL,'49521','Petro-Tank Solutions',6,'Monthly','AMTX','0','0',NULL,NULL),
(95,'Test Sub 1',NULL,NULL,NULL,'$2y$10$uZGz/XVyLZnORNGwyP.l9u7mZQRlLmuuBjbIVKv/kh6bxWrkmRJOG',NULL,'2024-08-17 10:33:48','2024-08-26 02:41:11',NULL,NULL,NULL,NULL,'','','',NULL,NULL,NULL,NULL,NULL,'#tstsub1','Petro-Tank Solutions',6,'Annual',NULL,'0','0',NULL,'yes'),
(96,'LBB Store Tx , Houston','lbbhouston1@gmail.com',NULL,NULL,'$2y$10$FEObeHoGwy3tISmRcfPzzOmMDmOeEmNeiGKiWYy52yU7dp.yI3hHW',NULL,'2024-08-17 15:00:53','2024-08-29 03:15:49',NULL,'LBB Store Tx , Houston',NULL,'LBB Store Tx , Houston  # X','','','',NULL,NULL,NULL,NULL,NULL,'1111','AMTS',6,'Monthly',NULL,'1','0',NULL,'yes'),
(97,'Valley Mart #15',NULL,NULL,NULL,'$2y$10$u0Nwg4H5a1ljKbY3H8QpaOuCNaP6/Tnm1zij3YTgJqF4NCCtyrYOa',NULL,'2024-08-21 03:35:33','2025-01-02 02:40:30',NULL,NULL,NULL,'1009 E Honda Ave, Devine, TX 78016','','','',NULL,NULL,NULL,NULL,NULL,NULL,'Petro-Tank Solutions',6,'Monthly',NULL,'0','0',NULL,'yes'),
(98,'Kyle Food Mart','kylefood2021@gmail.com','512-504-3101',NULL,'$2y$10$6Vhp.U1lsHaeFH25jOr9HeHdPB8MoJ4qCp6jZDnfq.Z6PU3shNi3G',NULL,'2024-08-22 06:09:03','2025-01-16 15:39:43',NULL,'Skyline Store LLC','PRASLA, HAJRATALI','1203 N Old Highway 81','Kyle','TX','78640','281-948-8071','Firdous Maredia',NULL,NULL,NULL,'51274','Petro-Tank Solutions',6,'Monthly','AMTX','0','0',NULL,NULL),
(99,'dsa',NULL,NULL,NULL,'$2y$10$qX6ppvZAXlv4x1hl0TwnZeTU4uQ7ncGPGTrooC1NAvsJ6/o0Jm8pi',NULL,'2024-08-22 11:25:51','2024-08-25 04:56:11',NULL,NULL,NULL,NULL,'','','',NULL,NULL,NULL,NULL,NULL,NULL,'Petro-Tank Solutions',6,'Monthly',NULL,'0','0',NULL,'yes'),
(100,'Valley Mart #12 2',NULL,NULL,NULL,'$2y$10$y7NWgq6dbqWxNx9QttDf5OSHLBs9g7SP6fJBbv539NGD8gRF4I.Pm',NULL,'2024-08-23 03:59:10','2024-09-08 11:47:22',NULL,NULL,NULL,'111 N IH-35 Frontage Rd, Pearsall, TX 78061','','','',NULL,NULL,NULL,NULL,NULL,'67420','Petro-Tank Solutions',6,'Monthly',NULL,'0','0',NULL,NULL),
(101,'ds',NULL,NULL,NULL,'$2y$10$o7WJ1SiFyMWtseB4X5joLeuStSHOKW0KNLJRytsn/j.VoJuWzgjYa',NULL,'2024-08-23 04:56:49','2024-08-25 04:56:05',NULL,'a',NULL,NULL,'','','',NULL,NULL,NULL,NULL,NULL,NULL,'Petro-Tank Solutions',6,'Monthly',NULL,'0','0',NULL,'yes'),
(102,'test additional store',NULL,NULL,NULL,'$2y$10$4JcbTHZlZfLDOGnBpp.TMOUOWDVxNXlA5PbdV41LmPnGOeEmRdZwe',NULL,'2024-08-23 11:53:54','2024-12-13 03:53:39',NULL,NULL,NULL,NULL,'','','',NULL,NULL,NULL,NULL,NULL,'52864','AMTS',6,'Annual',NULL,'0','0',NULL,'yes'),
(103,'test additional store2',NULL,NULL,NULL,'$2y$10$F7xiU61brStshd9ufRVno.SxynOpJGMKpAwN/nxYzW3/JOhkmMgey',NULL,'2024-08-23 11:57:59','2024-12-13 03:53:37',NULL,NULL,NULL,NULL,'','','',NULL,NULL,NULL,NULL,NULL,'95684','AMTS',6,'Monthly',NULL,'0','0',NULL,'yes'),
(104,'test additional store3',NULL,NULL,NULL,'$2y$10$Shq7fhmhwQYmeoT2wJZJ2OCQW0wVed3unC6u7BRru9HovpodSsL6C',NULL,'2024-08-23 11:58:24','2024-12-13 03:53:34',NULL,'da',NULL,NULL,'','','',NULL,NULL,NULL,NULL,NULL,NULL,'AMTS',6,'Monthly',NULL,'0','0',NULL,'yes'),
(105,'test3',NULL,NULL,NULL,'$2y$10$eXK6hQXUlj5AYi9.CZ.NSex5F6JbOUf9tYE400sSucNmWOjbmQo2G',NULL,'2024-08-23 12:21:24','2024-12-13 03:53:23',NULL,NULL,NULL,NULL,'','','',NULL,NULL,NULL,NULL,NULL,NULL,'AMTS',6,'Monthly',NULL,'0','0',NULL,'yes'),
(106,'test4',NULL,NULL,NULL,'$2y$10$47DdDVxFYEfcYgZD.NmvgOzhWQ6PQBVSQoBUYGnd2i1YIPgjFOjHG',NULL,'2024-08-23 12:21:42','2024-12-13 03:53:18',NULL,NULL,NULL,NULL,'','','',NULL,NULL,NULL,NULL,NULL,NULL,'AMTS',6,'Monthly',NULL,'0','0',NULL,'yes'),
(107,'tst5',NULL,NULL,NULL,'$2y$10$Bjhv.nhruR8GTjlQkSwyBeUjhakGRY3LGrgcM40cC0dPvDmY.G42q',NULL,'2024-08-23 12:25:45','2024-12-10 17:07:20',NULL,NULL,NULL,NULL,'','','',NULL,NULL,NULL,NULL,NULL,NULL,'AMTS',6,'Monthly',NULL,'0','0',NULL,'yes'),
(108,'Fac ID 13648','Dmvm13648@graceamg.com','+1832-878-9182',NULL,'$2y$10$QpZEUBk6s7rmQ7G5wQ6dZeBORwdTgFbqfm/T/hXCY5Rh8LrG77XgC',NULL,'2024-08-28 10:36:50','2025-02-21 20:15:59',NULL,NULL,NULL,'2401 Del Rio Blvd, Eagle Pass, TX 78852','','','','832-878-9182','Sadiq Ali',NULL,'Dmvm@graceamg.com',NULL,'13648','Petro-Tank Solutions',6,'Monthly',NULL,'0','0',NULL,'yes'),
(109,'Hills Country Food Mart','hcfm15@gmail.com',NULL,NULL,'$2y$10$SlGisccTaBiwNonnBYNmrO7gB1IquTFg2waowStYdehO7lMcnA5h.',NULL,'2024-09-05 01:32:22','2025-03-03 09:20:35',NULL,'HCFM, Inc.','HCFM, Inc.','302 N Water St','Burnet','TX','78611','512-297-0199','Aziz Mehsania',NULL,'azizmahesaniya@gmail.com',NULL,'10966','Petro-Tank Solutions',6,'Monthly','AMTX','0','0',NULL,NULL),
(110,'Fastway Food','fastwayfood@gmail.com','512-756-8586',NULL,'$2y$10$3r3XMJesScLfYsfKBHCAruOM7vBsogtCnY8BKdrCBULF56keOtGUO',NULL,'2024-09-05 01:56:29','2025-02-25 09:14:41',NULL,'WANAPUN, ARANYA','KRINZA INC','1015 E Polk St','Burnet','TX','78611','512-663-5749','Zul Prasla',NULL,NULL,NULL,'68027','Petro-Tank Solutions',6,'Monthly','AMTX','0','0',NULL,NULL),
(111,'test n123',NULL,NULL,NULL,'$2y$10$34mXQ6OzArzN/CJzsgFEGudefU/LBU8Fv3ISjS8tZfyw6P3r6mJIa',NULL,'2024-09-06 03:03:52','2024-12-13 03:53:31',NULL,NULL,NULL,NULL,'','','',NULL,NULL,NULL,NULL,NULL,'6495','AMTS',6,'Monthly',NULL,'0','0',NULL,'yes'),
(112,'test123',NULL,NULL,NULL,'$2y$10$N7Pwht82o4lN3HKN8c1KmeRa8SclCKgsTzc1JmUjyPEvGTHzH.0rG',NULL,'2024-09-06 03:11:19','2024-12-13 03:53:26',NULL,NULL,NULL,NULL,'','','',NULL,NULL,NULL,NULL,NULL,'12345','AMTS',6,'Monthly',NULL,'0','0',NULL,'yes'),
(113,'test 12346',NULL,NULL,NULL,'$2y$10$3O6vJ8wTMj5ld8LhU/gFxuAUzwJvQWSgEwAF7MzQAFFRDU.lruWn6',NULL,'2024-09-06 03:40:27','2024-12-13 03:52:50',NULL,NULL,NULL,NULL,'','','',NULL,NULL,NULL,NULL,NULL,'12346','AMTS',6,'Monthly',NULL,'0','0',NULL,'yes'),
(114,'test 12347',NULL,NULL,NULL,'$2y$10$EBZXo/cUWxSPa8L32oVxue8QjcuDuqDfNNPaoeoBY6ZCyXhpiLg8C',NULL,'2024-09-06 03:52:20','2024-12-13 03:53:04',NULL,NULL,NULL,NULL,'','','',NULL,NULL,NULL,NULL,NULL,'12347','AMTS',6,'Monthly',NULL,'0','0',NULL,'yes'),
(115,'test 12348',NULL,NULL,NULL,'$2y$10$CuINMZVfVfaDvTs5TWyxdON2r5ianaAR8qrO4AEwlr0gPuVFHsK6S',NULL,'2024-09-06 03:57:21','2024-12-13 03:53:50',NULL,NULL,NULL,NULL,'','','',NULL,NULL,NULL,NULL,NULL,'test 12348','AMTS',6,'Monthly',NULL,'0','0',NULL,'yes'),
(116,'test 12349',NULL,NULL,NULL,'$2y$10$30l103T9ZyZOt3m73ykLpu.CkLP2MeX/4L8YzrQvD/X9o.U0ATS/2',NULL,'2024-09-06 04:01:04','2024-12-13 03:53:47',NULL,NULL,NULL,NULL,'','','',NULL,NULL,NULL,NULL,NULL,'12349','AMTS',6,'Monthly',NULL,'0','0',NULL,'yes'),
(117,'test 12350',NULL,NULL,NULL,'$2y$10$sajuE0.Zu08hZOlDQ5YwK.N8yt6rct2a9JA2Zl5wDLWPhx5ZfRoqe',NULL,'2024-09-06 04:01:59','2024-12-13 03:53:44',NULL,NULL,NULL,NULL,'','','',NULL,NULL,NULL,NULL,NULL,'12350','AMTS',6,'Monthly',NULL,'0','0',NULL,'yes'),
(118,'Double K Drive In','dblk205@gmail.com','512-297-0199',NULL,'$2y$10$O.Dgxx30D.YzVRMW.0JIlOf09wnMLv8ccKCOQDiwuXANlAIW9UK3C',NULL,'2024-09-07 02:33:28','2025-02-24 15:14:49',NULL,'AIJ Enterprises INC','IAS ENTERPRISES INC','205 N Franklin St','Holland','TX','76534','512-496-6502','Imran Dhuka',NULL,NULL,NULL,'34621','Petro-Tank Solutions',6,'Monthly','AMTX','0','0',NULL,NULL),
(119,'Super Stop',NULL,'830-742-8555',NULL,'$2y$10$AR82O0a3Rd8fpGUoiLuh6ONa6VxfqOH.Zs0feAwqQXeAfFf1tfMfG',NULL,'2024-09-16 22:42:13','2025-02-20 15:17:41',NULL,'281 Star Retail Inc','281 Star Retail Inc','16111 N. Highway 16','Poteet','TX','78065','210-544-4319',NULL,NULL,'monica@petroleumdist.com',NULL,'22088','Petro-Tank Solutions',6,'Monthly','AMTX','0','0',NULL,NULL),
(120,'Speedy Travel Center',NULL,NULL,NULL,'$2y$10$6eTla7TMA6gSoDKOO4qjKu.o.3s7MC7HeDjLK8KQi/7AEp89VfGDi',NULL,'2024-09-16 22:44:41','2025-02-20 15:19:04',NULL,'BARNHART RETAIL INC','BARNHART RETAIL INC','595 Reagan St','Barnhart','TX','76930',NULL,NULL,NULL,'monica@petroleumdist.com',NULL,'86425','Petro-Tank Solutions',6,'Monthly','AMTX','0','0',NULL,NULL),
(121,'Catarina One Stop','permits@petroleumdist.com',NULL,NULL,'$2y$10$uqUt2MbOQPYNxI16kpQZRORIw7chQNBpEG45yvNtJRc8hwIeLHnYq','WhoxO9OlIuUc9MAXXxpMEPQmUHpIpxEuI0qPYX6w35poghD3B2Ib6PrDfnm0','2024-09-16 22:46:39','2025-02-24 14:21:53',NULL,'Golden SA Properties LLC','CATARINA RETAIL INC','19682 S US Highway 83','Catarina','TX','78836',NULL,NULL,NULL,'monica@petroleumdist.com',NULL,'85071','Petro-Tank Solutions',6,'Monthly','AMTX','0','0',NULL,NULL),
(122,'JRS Drive Thru',NULL,NULL,NULL,'$2y$10$01YCkobrA6eClVmCXSpob./wVbL63KKh38H1awQKATB95de9MtA1S',NULL,'2024-09-16 22:48:25','2025-02-20 15:20:50',NULL,'BIG WELLS RETAIL INC','BIG WELLS RETAIL INC','1710 Grand Ave','Big Wells','TX','78830',NULL,NULL,NULL,'monica@petroleumdist.com',NULL,'78482','Petro-Tank Solutions',6,'Monthly','AMTX','0','0',NULL,NULL),
(123,'Fuel America Truck Stop',NULL,NULL,NULL,'$2y$10$ZUJojk7ijpoNB0y5NJipkOPOea84YRAsj8nr0hKhoWzVt/Xb8MuiW',NULL,'2024-09-16 22:50:32','2025-02-20 15:24:07',NULL,'Laredo Holdings, LLC','Laredo Holdings, LLC','23183 IH 35','Encinal','TX','78019',NULL,NULL,NULL,'monica@petroleumdist.com',NULL,'90729','Petro-Tank Solutions',6,'Monthly','AMTX','0','0',NULL,NULL),
(124,'Pump N Shop 36',NULL,NULL,NULL,'$2y$10$Oa.FZcoVgpdV43z5rvdGj.lnoPmQG9WEUp7east2lo95pWm3w/qh6',NULL,'2024-09-16 22:54:22','2025-02-20 15:25:14',NULL,'Fenwick Retail LLC','Fenwick Retail LLC','920 Fenwick Dr','Laredo','TX','78041',NULL,NULL,NULL,'monica@petroleumdist.com',NULL,'85333','Petro-Tank Solutions',6,'Monthly','AMTX','0','0',NULL,NULL),
(125,'Quick N Easy Beverage Barn',NULL,NULL,NULL,'$2y$10$c2Zoxo18GDIuk0Be/wYPG.EcS5LBSubdbDIdNlr8hXKo0iboC0k/G',NULL,'2024-09-16 22:58:20','2025-02-20 15:26:25',NULL,'LA FAMILIA RETAIL INC','LA FAMILIA RETAIL INC','813 Avenue H','Poteet','TX','78065',NULL,NULL,NULL,'monica@petroleumdist.com',NULL,'36490','Petro-Tank Solutions',6,'Monthly','AMTX','0','0',NULL,NULL),
(126,'Lucky Spot',NULL,NULL,NULL,'$2y$10$kB0cJaOPNpZm2dYf0R99f.IrBT/9cwBIKYRBJBBlhRu7f.uoUKpeS',NULL,'2024-09-16 23:00:10','2025-02-20 15:27:45',NULL,'Lucky Spots Ventures LLC','Lucky Spots Ventures LLC','4301 Fredericksburg San Antonio, TX 78201','San Antonio','TX','78201',NULL,NULL,NULL,'monica@petroleumdist.com',NULL,'39469','Petro-Tank Solutions',6,'Monthly','AMTX','0','0',NULL,NULL),
(127,'Mickeys 14','mickeys4826@yahoo.com',NULL,NULL,'$2y$10$SBhrFzjU8oDkZHmyjeM9kOr0gOeIXiXCO8bdNXdb81UOWZU7.pjYi',NULL,'2024-09-25 17:31:05','2024-12-06 16:10:45',NULL,'Telal Development LLC',NULL,'4826 Stagecoach Rd Killeen, TX 76542','','','','512-919-6348','Parvez',NULL,NULL,NULL,'85225','Petro-Tank Solutions',6,'Monthly','PTS','0','0',NULL,NULL),
(128,'11 Star Express',NULL,NULL,NULL,'$2y$10$bjRkQZzJfdKpR12XwVlNoOAh.E.S0JMa/pOcO9xXoLe33Xpy53aji',NULL,'2024-09-25 17:38:32','2025-02-21 08:14:22',NULL,'ABAZA, MOSTAFA F','11 STARS INC','3263 Roosevelt Ave','San Antonio','TX','78214','210-825-0437','Irfan Butt',NULL,'miab222@yahoo.com',NULL,'39290','Petro-Tank Solutions',6,'Monthly','PTS','0','0',NULL,NULL),
(129,'290 Xpress','290xpress.manor@gmail.com',NULL,NULL,'$2y$10$4nT1SRnbXgTdkeKXoUblKuGhfoM9u0Gs1j9phUHcVfSYAvDs7d9Fi',NULL,'2024-09-25 17:41:39','2025-02-24 10:43:15',NULL,'12305 Eintrage LLC','ZEIF BUSINESS INC','12305 Eintrage Dr','Manor','TX','78653','512-999-6185','Shaukat',NULL,'shaukatsunesara@yahoo.com',NULL,'87903','Petro-Tank Solutions',6,'Monthly','AMTX','0','0',NULL,NULL),
(130,'71 Hill','71hillretail@gmail.com',NULL,NULL,'$2y$10$lCUbHO/93UlcNse.mYYorOm53SxcBqrBoNkbbLzqVonRA2pIT9Wgm',NULL,'2024-09-25 17:46:58','2025-02-24 10:44:04',NULL,'Slumar Properties LLC','Slumar Properties LLC','8624 W Highway 71','Austin','TX','78735','281-857-4419','Rizwan Maknojiya',NULL,'rrmaknojiya@gmail.com',NULL,'91874','Petro-Tank Solutions',6,'Monthly','AMTX','0','0',NULL,NULL),
(131,'A-Z Food Mart',NULL,NULL,NULL,'$2y$10$hhgUzAR/c/muYr41Z9RZ5upzn7i5Mh2QsRlXHQLbfoIWX8X/qX.qS',NULL,'2024-09-25 17:55:12','2025-02-24 10:45:13',NULL,'ZRS Management LLC','Z R S MANAGEMENT L L C','4003 E Southcross Blvd','San Antonio','TX','78222','210-289-5637','Shahab Butt',NULL,'shahab.butt@hotmail.com',NULL,'17060','Petro-Tank Solutions',6,'Monthly','AMTX','0','0',NULL,NULL),
(132,'Aim Mart','aimmarttx@gmail.com',NULL,NULL,'$2y$10$SLiyRsF0ct.izpUYM1Z5B.UtybMUThV5XfFdhimBle4572bBZAEFK',NULL,'2024-09-25 17:59:25','2025-02-24 10:42:11',NULL,'Aim Business LLC','Aim Business LLC','865 E State Highway 71','Bastrop','TX','78602','832-495-6653','Aziz Prasla',NULL,NULL,NULL,'92137','Petro-Tank Solutions',6,'Monthly','AMTX','0','0',NULL,NULL),
(133,'Airport Xpress Market','airportxpressmarket@gmail.com',NULL,NULL,'$2y$10$U.Jpn3WmzN.RAonCXnfKMuZtUTU5.Zd8YckcjO347Oa4lzAkHcMOu',NULL,'2024-09-25 18:02:11','2025-02-24 10:46:26',NULL,'Hashoo Enterprises INC','JALAL & SONS ENTERPRISES INC','2777 Highway 71 E','Del Valle','TX','78617','512-584-4005','Danish',NULL,'nzmanasiya@yahoo.com',NULL,'25535','Petro-Tank Solutions',6,'Monthly','AMTX','0','0',NULL,NULL),
(134,'All Star Grocery','rnsinc01@gmail.com',NULL,NULL,'$2y$10$oE0xaekf9zt5dLLXClxz2.J60Bue6pZ9vj2dvj6bnALJ5td991W5.',NULL,'2024-09-25 18:07:40','2025-02-24 10:41:26',NULL,'R.N.S Investment INC','R.N.S Investment INC','5303 Nuckols Crossing Rd','Austin','TX','78744','512-783-9756','Gopal',NULL,NULL,NULL,'74354','Petro-Tank Solutions',6,'Monthly','AMTX','0','0',NULL,NULL),
(135,'All Star Grocery 1','dnsinc01@gmail.com',NULL,NULL,'$2y$10$yPQ9YKduLYzxaR5x74dS2es130Qw75JwIsAT8o2kUfltq4DJpq0Fe',NULL,'2024-09-25 18:09:17','2025-02-24 10:48:17',NULL,'DNS INC','DNS INC','4619 S Congress Ave','Austin','TX','78745','512-844-0846','Sultan Momin',NULL,NULL,NULL,'10998','Petro-Tank Solutions',6,'Monthly','AMTX','0','0',NULL,NULL),
(136,'All Star Grocery 3','teristore03@gmail.com',NULL,NULL,'$2y$10$XM6mULz3TkQpL5pQp7x4mulleMVc/RjXPaBxiUmDrTqpBtt70Q/IW',NULL,'2024-09-25 18:10:54','2025-02-24 10:49:12',NULL,'Terry Project LLC','TERI GROCERIES LP','4600 Teri Rd','Austin','TX','78744','512-909-7787','Ahsan Qazi',NULL,NULL,NULL,'11004','Petro-Tank Solutions',6,'Monthly','AMTX','0','0',NULL,NULL),
(137,'Around The Corner Store','aroundthecorner11@yahoo.com',NULL,NULL,'$2y$10$GRfJ7j6rqQOr.xdbTb8D3.2bj2FA5VRPtm3wLXby6FebfV1uy/fga',NULL,'2024-09-25 18:13:06','2025-02-24 10:50:42',NULL,'Goldensprings Investment INC','GOLDENSPRINGS INVESTMENT INC','2321 W North Loop Blvd','Austin','TX','78756','512-850-2702','Abidali Dhuka',NULL,NULL,NULL,'39563','Petro-Tank Solutions',6,'Monthly','AMTX','0','0',NULL,NULL),
(138,'Ash Grocery',NULL,NULL,NULL,'$2y$10$1RbK7DyGPgxfyj1HXq6a.uAmRt8potoaz2jfivkUCOIO8QVw/3dXa',NULL,'2024-09-25 18:15:32','2025-02-24 10:52:19',NULL,'HERITAGE OAKS GAS STATION LLC','PALLY 2 ENTERPRISES INC','1522 State Highway 21 W','Cedar Creek','TX','78612','512-366-0156','Mohammad Dadani',NULL,'ab_dadani@live.com',NULL,'78637','Petro-Tank Solutions',6,'Monthly','AMTX','0','0',NULL,NULL),
(139,'Aurora Store 103','aurorastore103@gmail.com',NULL,NULL,'$2y$10$wY7DDAHXVfQhAmlaN0g4TeRV/8Ic8bVRv.fMzObQroCI4WpQP2NIi',NULL,'2024-09-25 18:21:34','2025-02-24 10:53:18',NULL,'Highway 30 Property, LLC','Srm Operating, LLC','5015 Highway 30','Anderson','TX','77830','713-972-2491','Rizwan',NULL,NULL,NULL,'41403','Petro-Tank Solutions',6,'Monthly','AMTX','0','0',NULL,NULL),
(140,'B & C Convenience Food',NULL,NULL,NULL,'$2y$10$rkIyCavh1CkxKUqEU3ClA.cIYddx6u5KUqoRBVo/F1nvjPQrWJxk6',NULL,'2024-10-10 21:37:42','2025-02-24 10:55:09',NULL,'Max INC','RAINA FOOD MART INC','1600 N Roy Reynolds Dr','Killeen','TX','76543','832-212-3331','Sarfaraz',NULL,'rainafoodmart@gmail.com',NULL,'79304','Petro-Tank Solutions',6,'Monthly','AMTX','0','0',NULL,NULL),
(141,'Roadstar 27','roadstarbandera@gmail.com',NULL,NULL,'$2y$10$ev740xXx15YpkcouK2cksugpqUCgwsolxdQLcgRrccLwrlt4fq1Ua',NULL,'2024-10-10 21:40:55','2024-10-10 21:40:55',NULL,'9445 Bandera LLC',NULL,'9445 Bandera Rd San Antonio, TX 78250','','','','512-584-4005','Danish Manasiya',NULL,'danishmanasiya@hotmail.com',NULL,'26099','Petro-Tank Solutions',6,'Monthly',NULL,'0','0',NULL,NULL),
(142,'Bandera Stop','uempire2001@yahoo.com',NULL,NULL,'$2y$10$MLYJTT4ca51DLGs6cd1b..8NlnJPj/qqiMHuvTeYwFJSBM7giEZOO',NULL,'2024-10-10 21:44:32','2025-02-24 10:56:31',NULL,'Esshal Enterprises INC','BANDERA SHELL LLC','5902 Bandera Rd','San Antonio','TX','78238','512-552-8123','Karim',NULL,'karimbhai2000@yahoo.com',NULL,'26071','Petro-Tank Solutions',6,'Monthly','AMTX','0','0',NULL,NULL),
(143,'Be ur Mart','karediabusiness@gmail.com',NULL,NULL,'$2y$10$XCjF1kXCvu51bn1pCzXIv.WpYTnthMkd7wuW.u5wlctPBrCNS9KhK',NULL,'2024-10-11 14:21:27','2025-02-24 10:58:00',NULL,'Sadaf Moshin LLC','Sadaf Moshin LLC','1624 W Waco Dr','Waco','TX','76701','405-650-7525','Daya',NULL,NULL,NULL,'18846','Petro-Tank Solutions',6,'Monthly','AMTX','0','0',NULL,NULL),
(144,'Beatniks Market','beatniksmarket@yahoo.com','713-384-6180',NULL,'$2y$10$t9mmdBuJ/w0D7cO546oPZuK.H0MjbTY09GRnl.tvSFClgVCpyrsMm',NULL,'2024-10-11 14:25:18','2025-02-24 11:00:13',NULL,'SLB Quality INC','Manchaca Business Inc','4415 Menchaca Rd','Austin','TX','78745','512-888-1371','Ali',NULL,NULL,NULL,'45198','Petro-Tank Solutions',6,'Monthly','AMTX','0','0',NULL,NULL),
(145,'Beer Geek','info@beergeekofaustin.com',NULL,NULL,'$2y$10$dieGCx7WXYVpixfFMwc6oe/TqQt0hufvR5CWsmZWrqnDiwq/jSvgK',NULL,'2024-10-11 14:27:22','2025-02-24 11:02:09',NULL,'Friends Real Estate INC','Fm 1636 Inc','2051 W FM 1626','Manchaca','TX','78652','512-716-9450','Aziz',NULL,NULL,NULL,'90273','Petro-Tank Solutions',6,'Monthly','AMTX','0','0',NULL,NULL),
(146,'Belton Mini Mart','beltonminimart@gmail.com',NULL,NULL,'$2y$10$Em602/xCiID0uHLLqKLxWecajBoCWBFBRbbIxQYQdTk3i4nB34sQW',NULL,'2024-10-11 14:34:37','2025-02-24 11:12:52',NULL,'Belton Mini Mart Enterprises INC','Belton Mini Mart Enterprises Inc','608 E Central Ave','Belton','TX','76513','512-909-6840','Akbar',NULL,'planetgllc@gmail.com',NULL,'20752','Petro-Tank Solutions',6,'Monthly','AMTX','0','0',NULL,NULL),
(147,'Big Bucket','praslasameer77@yahoo.com','832-964-6201',NULL,'$2y$10$XdANfzL2LpA45QkM4B4qguN9hxphhdWQU0LX3Fa9Zb02HUc6VTwae',NULL,'2024-10-11 14:41:07','2025-02-24 11:22:10',NULL,'Gogo Lakeline, Incorporated','GoGo Lakeline, Incorporated','2219 S Lakeline Blvd','Cedar Park','TX','78613','409-466-4800','Karim',NULL,'Salimmomin75@yahoo.com',NULL,'87986','Petro-Tank Solutions',6,'Monthly','AMTX','0','0',NULL,NULL),
(148,'Big Bucket 3','brodielane8906@yahoo.com',NULL,NULL,'$2y$10$wjOmwi/azd0bMnvYrNyso.zSVKxdv9rG487nxgZT42BEqXpEhIm0e',NULL,'2024-10-11 14:43:09','2025-02-24 11:24:42',NULL,'Brodie Lane Business Inc','Brodie Lane Business Inc','8906 Brodie Ln','Austin','TX','78748','512-986-0067','Esmatullah Barati',NULL,NULL,NULL,'88650','Petro-Tank Solutions',6,'Monthly','AMTX','0','0',NULL,NULL),
(149,'Big Bucket 4','Palmvalley3250@yahoo.com',NULL,NULL,'$2y$10$yrBT4rVyyn6MN9EUflnU0ePC3uac2GirxDPu0efvp.Aw1JeV2MrzG',NULL,'2024-10-11 14:45:34','2025-03-11 13:01:49',NULL,'Palm Valley Business Inc','Palm Valley Business Inc','3250 E Palm Valley Blvd','Round Rock','TX','78665','512-800-2178','Sukran',NULL,NULL,NULL,'78899','Petro-Tank Solutions',6,'Monthly','AMTX','0','0',NULL,NULL),
(150,'Big D Food Mart','bigdfoodmart@gmail.com','346-681-9009',NULL,'$2y$10$SuLiXxz.mxTaT9rk0Gzz5uuVy5E0PYHktaKeBDWz7OebEPnPHo.PS',NULL,'2024-10-11 14:49:40','2025-03-07 13:55:53',NULL,'MARBLE STAR INC','MARBLE STAR INC','1606 FM 1431','Marble Falls','TX','78654','281-235-5663','Ayub Maredia',NULL,'ayubmaredia@gmail.com',NULL,'1377','Petro-Tank Solutions',6,'Monthly','AMTX','0','0',NULL,NULL),
(151,'Big Daddys','krsd502@gmail.com',NULL,NULL,'$2y$10$g7KtCPMZJnz3MZMa2dKwv.G.ZoIvegD8xex3U1hPeekgM94jtLwRi',NULL,'2024-10-11 14:51:35','2025-02-24 11:33:32',NULL,'KRSD ENTERPRISES INC','KRSD ENTERPRISES INC','502 W Main St','Johnson City','TX','78636','512-203-9828','Shankar Barai',NULL,NULL,NULL,'54386','Petro-Tank Solutions',6,'Monthly','AMTX','0','1',NULL,NULL),
(152,'Bread Basket',NULL,NULL,NULL,'$2y$10$Tifk2GA.W2ilRGoHAEZEbuTzSEJQqLIyd9JK6XRg6KmUtTVksVP2.',NULL,'2024-10-11 14:53:38','2025-02-24 11:35:39',NULL,'HNG LLC','HNG LLC','1706 N Park St','Brenham','TX','77833','979-777-3855','Muhammad Ahsan',NULL,'ahsanjangda@yahoo.com',NULL,'87372','Petro-Tank Solutions',6,'Monthly','AMTX','0','0',NULL,NULL),
(153,'Brodie Market','salimmomin75@yahoo.com',NULL,NULL,'$2y$10$brtXhisDO/RBgbtAaGKwdeIIz8igISXnPaOqvz/fPR9jI85EJqHPO',NULL,'2024-10-11 14:57:44','2025-02-24 12:30:09',NULL,'Leezu Golden, Inc.','Leezu Golden, Inc.','7612 Brodie Ln','Austin','TX','78745','512-888-1371','Afis',NULL,'praslasameer77@yahoo.com',NULL,'36526','Petro-Tank Solutions',6,'Monthly','AMTX','0','0',NULL,NULL),
(154,'Brush Country Food Mart','karedia6511@gmail.com',NULL,NULL,'$2y$10$/QP2s1Lnfn//0q/C0ZD4zeGl1WjJd854.CmaVFnvm20SDi0mEOHPS',NULL,'2024-10-11 15:00:58','2025-02-24 12:43:43',NULL,'Karedia Corporation','Karedia Corporation','6511 Brush Country Rd','Austin','TX','78749','512-293-9768','Moshin Karedia',NULL,NULL,NULL,'70333','Petro-Tank Solutions',6,'Monthly','AMTX','0','0',NULL,NULL),
(155,'Bubbles','bubblesforthood@gmail.com','737-343-3575',NULL,'$2y$10$U723jDyuTvaBCR/5zGVbh.5ThPrBAzO0zyELhk.EooYWLbPBgrq2m',NULL,'2024-10-11 15:05:12','2025-02-24 12:51:42',NULL,'Kokariya LLC','Kokariya LLC','620 S Fort Hood St','Killeen','TX','76541','512-751-7372','Mushtaq',NULL,NULL,NULL,'44926','Petro-Tank Solutions',6,'Monthly','AMTX','0','0',NULL,NULL),
(156,'Buddies Market at MLK','buddiesmlk@gmail.com','512-375-0039',NULL,'$2y$10$XaZEzZW9omHjV7nljs28d.sOwB4w6tS.h2fmRVkibJ.JE5R6Dee8.',NULL,'2024-10-11 15:08:57','2025-02-24 13:23:48',NULL,'Mashja LLC','Sidhpuree Family Biz LLC','4509 E Martin Luther King Jr Blvd','Austin','TX','78721','512-775-6924','Taufiq',NULL,'Sambil786@gmail.com',NULL,'58254','Petro-Tank Solutions',6,'Monthly','AMTX','0','0',NULL,NULL),
(157,'Buttercup Chevron','buttercup14815@gmail.com','512-909-6176',NULL,'$2y$10$CEee.vkMtrs7wDlht0Of5.YpnXAXA.ZxlVP3ceNHrL3G6tPqTkGsy',NULL,'2024-10-11 15:10:55','2025-02-24 13:25:47',NULL,'Dessau Road, LLC','BUTTERCUP INVESTMENTS INC.','14815 Dessau Rd','Pflugerville','TX','78660','512-586-9655','Amin',NULL,NULL,NULL,'86882','Petro-Tank Solutions',6,'Monthly','AMTX','0','0',NULL,NULL),
(158,'Cannon Food Mart','cannonfoodmart110@yahoo.com','512-363-2414',NULL,'$2y$10$YzoYVhKDxD/vfI5/D8Lrp.wyVA8wuEn.KXiXhhm.EPPjnPkKV8NY.',NULL,'2024-10-11 15:44:24','2025-02-24 14:14:41',NULL,'CANNON MART INC','CANNON MART INC','1719 E William Cannon Dr','Austin','TX','78744','512-924-2630','Lahejat',NULL,'15124413634@efaxsend.com',NULL,'11313','Petro-Tank Solutions',6,'Monthly','AMTX','0','1',NULL,NULL),
(159,'Capital Food Stop 2',NULL,NULL,NULL,'$2y$10$rrq4qH7w9ubQgZuCv1fZweXi3aexQ.mVxJXlP8S2eyza55d50umF.',NULL,'2024-10-11 15:46:22','2025-02-24 14:18:25',NULL,'RUBY BROTHERS LP','RUBY BROTHERS LP','8201 N Lamar Blvd','Austin','TX','78753','512-716-9450','Aziz',NULL,'azizmakno70@gmail.com',NULL,'36623','Petro-Tank Solutions',6,'Monthly','AMTX','0','0',NULL,NULL),
(160,'Carters Grocery','cartersgrocery1@hotmail.com',NULL,NULL,'$2y$10$ovuOg/kHXgNtxcnxLo8Zze8UOUBfYHT/3twQWKJ7pZ7v1rtuuSN4m',NULL,'2024-10-11 15:47:54','2025-02-24 14:20:39',NULL,'Akcm Business Ventures LLC','Akcm Business Ventures LLC','1301 N Avenue C','Elgin','TX','78621','832-964-5500','Vijay Patel',NULL,NULL,NULL,'459','Petro-Tank Solutions',6,'Monthly','AMTX','0','0',NULL,NULL),
(161,'Cedar Creek Country Store','cedarcreek786@gmail.com',NULL,NULL,'$2y$10$WwcogP93TU5yBrNPO./qe.CzMMO5Jm27c2PIKZRA2EA..w6QXVxP.',NULL,'2024-10-11 15:50:33','2025-02-24 14:29:16',NULL,'CEDAR CREEK BUSINESS GROUP LLC','CEDAR CREEK BUSINESS GROUP LLC','1196 State Highway 21 W','Cedar Creek','TX','78612','713-366-2725','Mubarak',NULL,'marsprollc@gmail.com',NULL,'36113','Petro-Tank Solutions',6,'Monthly','AMTX','0','0',NULL,NULL),
(162,'Champs Food Mart','champsfoodmart@gmail.com',NULL,NULL,'$2y$10$Nr8A6p82DLn2YZEN42Xuc.T6q8mIgWuH8aPeH2ucrz96vpb64h5e.',NULL,'2024-10-11 15:52:25','2025-02-24 14:31:20',NULL,'ACCORD ENTERPRISES INC','ACCORD ENTERPRISES INC','2433 S Pleasant Valley Rd','Austin','TX','78741','512-423-4359','Karim',NULL,NULL,NULL,'78943','Petro-Tank Solutions',6,'Monthly','AMTX','0','0',NULL,NULL),
(163,'Chevron Food Mart','rznenterprisesinc@gmail.com',NULL,NULL,'$2y$10$xfejJXYzCnMr.h/c31Hz3.FZFzyGgee6xXLtQwSzgPavKlvEkpc7u',NULL,'2024-10-11 15:54:01','2025-02-24 14:32:50',NULL,'RZN ENTERPRISES INC','RZN ENTERPRISES INC','1700 W Anderson Ln','Austin','TX','78757','512-775-1196','Amirali',NULL,NULL,NULL,'14325','Petro-Tank Solutions',6,'Monthly','AMTX','0','0',NULL,NULL),
(164,'Circle 786 Chevron','circle786store@gmail.com',NULL,NULL,'$2y$10$563L4VvPjEPRRALr2YsRWOt46I.GXBybBPVNnYSaexc3zqh8SbWa6',NULL,'2024-10-11 15:57:30','2025-03-04 09:07:03',NULL,'SRASS INVESTMENTS INC','SRASS INVESTMENTS INC','7400 Leafy Hollow Ct','Live Oak','TX','78233','512-775-1856','Rafiq',NULL,'rick_momin@yahoo.com',NULL,'5947','Petro-Tank Solutions',6,'Monthly','AMTX','0','0',NULL,NULL),
(165,'Country Boy Food Mart','saladocstore@gmail.com','512-924-2630',NULL,'$2y$10$oZQpdy25le5EcHBdj.T7cOhRNPySEFJXJTKbSxKTEAwJbOcnHuR9m',NULL,'2024-10-11 16:09:04','2025-02-24 14:53:40',NULL,'Salado C Store Inc','Salado C Store Inc','1208 N Robertson Rd','Salado','TX','76571','281-917-0101','Ramiz Prasla',NULL,NULL,NULL,'18864','Petro-Tank Solutions',6,'Monthly','AMTX','0','0',NULL,NULL),
(166,'Del Valle Market','delvallemrkt@gmail.com','512-228-6025',NULL,'$2y$10$y2blXs4EZywBtgCQXA4QfuKK9P1rYPbiihwIdYYSObec2THRiurJu',NULL,'2024-10-11 20:20:56','2025-02-24 15:02:51',NULL,'Diamondsprings Investments INC','Del Valle Market, LLC','3132 Hwy 71 E','Del Valle','TX','78617','512-206-6884','Anif',NULL,NULL,NULL,'92125','Petro-Tank Solutions',6,'Monthly','AMTX','0','0',NULL,NULL),
(167,'Dessau Mini Mart','dessauminimart@gmail.com',NULL,NULL,'$2y$10$79VSVP4FLZvo/C3LZW/A5utyEchhErMuVFOkN2P2fieIkaCWmKWXW',NULL,'2024-10-11 20:23:07','2025-02-24 15:04:41',NULL,'RYAN BUSINESS INC','RYAN BUSINESS INC','12915 Dessau Rd','Austin','TX','78754','512-909-6840','Akbar',NULL,NULL,NULL,'69801','Petro-Tank Solutions',6,'Monthly','AMTX','0','0',NULL,NULL),
(168,'Dessau Quick Stop','dessauqs@gmail.com','512-888-7014',NULL,'$2y$10$4hq9SbRuHXvwB4tFWpWVGe2JufbSsnlrslqpE8z.mE1pbuDG6COlW',NULL,'2024-10-11 20:25:22','2025-02-24 15:06:22',NULL,'Riaz INC','Riaz Inc','9406 Dessau Rd','Austin','TX','78754','512-299-8932','Anif Momin',NULL,NULL,NULL,'7163','Petro-Tank Solutions',6,'Monthly','AMTX','0','0',NULL,NULL),
(169,'Dons Short stop','donstop@sbcglobal.net',NULL,NULL,'$2y$10$1ej5DxlGPTWxx5bI.xNpb.r.QwtYHS8VzLmL3dl12.FpLAJAs/HEy',NULL,'2024-10-11 20:30:29','2025-02-24 15:10:03',NULL,'EVERBRITE ENTERPRISES INC','EVERBRITE ENTERPRISES INC','13900 Immanuel Rd','Pflugerville','TX','78660','512-663-5749','Zulfiqar',NULL,NULL,NULL,'11327','Petro-Tank Solutions',6,'Monthly','AMTX','0','0',NULL,NULL),
(170,'Dripping Springs Food Mart',NULL,NULL,NULL,'$2y$10$Y9GMjyDjc1bxOGxs6Ca1Iu9GAVjeGAL99Lv7IrcBw7ljGFQa696l6',NULL,'2024-10-11 20:34:39','2025-02-24 15:18:30',NULL,'Shukar INC','SHUKAR INC','601 W Highway 290','Dripping Springs','TX','78620','512-299-5404','Samir',NULL,'samirmomin36@gmail.com',NULL,'2535','Petro-Tank Solutions',6,'Monthly','AMTX','0','0',NULL,NULL),
(171,'Duval Market','duvalmkt@gmail.com',NULL,NULL,'$2y$10$rNAvv.4dErpGwG2.XQ0a7.TvXZSZpXqA9LvMVgMxTWonSEDP5qsbm',NULL,'2024-10-11 20:36:41','2025-02-24 15:25:20',NULL,'ZEALOUS INVESTMENT INC','ZEALOUS INVESTMENT INC','500 E 51st St','Austin','TX','78751','512-971-7408','Ali',NULL,NULL,NULL,'39562','Petro-Tank Solutions',6,'Monthly','AMTX','0','0',NULL,NULL),
(172,'Elgin Food Mart 1','elginquickmart@gmail.com',NULL,NULL,'$2y$10$sWdU/qOeVjmqREj8VCk7auLWCMzZFi/hV0oPSK8fD32cRJXKPmgA.',NULL,'2024-10-11 20:41:27','2025-02-24 15:59:21',NULL,'PROJECT BURNET, LLC','ABU BUSINESS GROUP, INC','13717 County Line Rd','Elgin','TX','78621','832-310-6380',NULL,NULL,NULL,NULL,'79204','Petro-Tank Solutions',6,'Monthly','AMTX','0','0',NULL,NULL),
(173,'Elgin Travel Center','elgintravelcenter290@gmail.com','832-964-7079',NULL,'$2y$10$ruGLyVnFnAxCQzyU6h3j8.VqpIPNUZD7vlxtXTOccdo4fRZ0VA.sK',NULL,'2024-10-11 20:45:29','2025-02-24 16:00:59',NULL,'JYKM Elgin Travel Center LLC','Anan Ventures LLC','962 Highway 290 E','Elgin','TX','78621','512-751-7372','Mushtaq',NULL,'mushtaqali@sbcglobal.net',NULL,'69010','Petro-Tank Solutions',6,'Monthly','AMTX','0','0',NULL,NULL),
(174,'Express Food Mart','express.crosspark@gmail.com',NULL,NULL,'$2y$10$r19TSiH7DQ2j3Xs1EyMvVOdTRfg92ky9ZnTnkdo5.GZkESSdtsX7u',NULL,'2024-10-11 20:47:40','2025-02-24 16:04:04',NULL,'W&C Investments LLC','Guddes, Inc','8201 Cross Park Dr Ste B','Austin','TX','78754','404-384-8928','Farhad Momin',NULL,NULL,NULL,'77955','Petro-Tank Solutions',6,'Monthly','AMTX','0','0',NULL,NULL),
(175,'Exxon Express Market',NULL,NULL,NULL,'$2y$10$omoGA7bUUj7EcVuJo2aPiOaXtzMNY42uyftS5BrRzrfloxr04Xtou',NULL,'2024-10-11 20:49:39','2025-02-24 16:05:38',NULL,'JYKM Union INC','JYKM UNION INC','505 N Harvey Mitchell Pkwy','Bryan','TX','77807','Mushtaq','Mushtaq',NULL,'mushtaqali@sbcglobal.net',NULL,'73484','Petro-Tank Solutions',6,'Monthly','AMTX','0','0',NULL,NULL),
(176,'EZ Shop 3','ezshop33@gmail.com',NULL,NULL,'$2y$10$p8pThcuK4dha3ihk1c5DNOQdL6FasFPV27AInGM9IKjqwj86gMfPu',NULL,'2024-10-11 20:51:55','2025-02-24 15:35:32',NULL,'RODRIGUEZ, ANTONIO R','RAKIN ENTERPRISES INC','1130 New Laredo Hwy','San Antonio','TX','78211','832-715-8360','Naushad',NULL,'ezin3703@gmail.com',NULL,'20793','Petro-Tank Solutions',6,'Monthly','AMTX','0','0',NULL,NULL),
(177,'EZ Stop','ezstop401@gmail.com',NULL,NULL,'$2y$10$XImRH18Ogz2vHdO0OJyYruHFtuF5jZZo1fN/iZ7c2tg8aZSydKK/6',NULL,'2024-10-11 20:54:16','2025-02-24 15:57:19',NULL,'KZM Family Biz LLC','KZM Family Biz LLC','401 E Adams Ave','Temple','TX','76501','832-586-2311','Joheb',NULL,NULL,NULL,'71095','Petro-Tank Solutions',6,'Monthly','AMTX','0','0',NULL,NULL),
(178,'Suncoast Food Mart',NULL,NULL,NULL,'$2y$10$OYoTGKRPZKTsymFbcmEHWu3aEPwPc0iEWCuSzkwBC8.fE/LWTiQGi',NULL,'2024-10-21 15:51:29','2024-10-21 15:51:29',NULL,'San Pedro Business INC',NULL,'6614 San Pedro Ave, San Antonio, TX 78216','','','','832-788-0496','Amin',NULL,'anazarali786@yahoo.com',NULL,'10256','Petro-Tank Solutions',6,'Monthly',NULL,'0','0',NULL,NULL),
(179,'Market at Avery Park','averyparkmarket@gmail.com',NULL,NULL,'$2y$10$BAoIuFr/r24WqPBA5uGRwO/94LSH3DFyapUa787IhXxM89by0M3DG',NULL,'2024-10-21 16:24:18','2024-10-21 16:24:18',NULL,'Three Stars Investment INC',NULL,'2211 State Highway 46 S, New Braunfels, TX 78130','','','','Karim: 512-947-5898','Shin Maknojia: 512-775-5815',NULL,NULL,NULL,'90913','Petro-Tank Solutions',6,'Monthly',NULL,'0','0',NULL,NULL),
(180,'Bluebonnet Petroleum/Berries','Berriesbrenham@gmail.com','409-466-1276',NULL,'$2y$10$Mh3XTTaGrBo.kXN.NxD98u1/EoKMlPlWCr3zJi4hNatTpiWH6BnLC',NULL,'2024-10-22 16:54:24','2025-02-20 15:11:57',NULL,'Bluebonnet Petroleum INC','Bluebonnet Petroleum INC','4181 Highway 36 N','Brenham','TX','77833','832-276-0061','Alvin',NULL,NULL,NULL,'41576','Petro-Tank Solutions',6,'Monthly','AMTX','0','0',NULL,NULL),
(181,'Longhorn Market','longhornmarket704@gmail.com','512-293-4600',NULL,'$2y$10$xH3zr0tXFX37JQ.IueykhOVwka08mRU/uXDO.ID.O8zGo7vtARn.a',NULL,'2024-10-23 16:06:43','2025-03-03 09:36:26',NULL,'Texas Alpha Investments, L.P.','Longhorn Retail LLC','704 E Saint Johns Ave','Austin','TX','78752','832-931-1021','Mohsin',NULL,'m.mohsin1984@hotmail.com',NULL,'39557','Petro-Tank Solutions',6,'Monthly','AMTX','0','0',NULL,NULL),
(182,'Highland Market','highlandmarketaustin@gmail.com',NULL,NULL,'$2y$10$5/5vGLCl6rjimuYDvjcMhuQt/hiqysOINhGxUvnq0bU.Zbecv5KrW',NULL,'2024-10-28 17:25:46','2025-01-16 14:32:53',NULL,'Raz Grocery INC',NULL,'4511 Airport Blvd Austin, TX 78751',NULL,NULL,NULL,'512-694-6513','Rahim Dhuka',NULL,'rdhuka@gmail.com',NULL,'7171','Petro-Tank Solutions',6,'Monthly','AMTX','0','0',NULL,NULL),
(183,'Capital Food Mart','capitalfoodmart@gmail.com','512-339-2964',NULL,'$2y$10$xDCgLFWGc0MqBdt4HUMD9uL7JizUg9tlYBeW/9eN6ahiJTaxyI4FG',NULL,'2024-10-28 17:32:42','2025-02-19 09:29:26',NULL,'SHAHEEN RETAIL COMPANY INC','SHAHEEN RETAIL COMPANY INC','8911 N Lamar Blvd','Austin','TX','78753','512-576-1895','Ruknuddin Mahesania',NULL,NULL,NULL,'14336','Petro-Tank Solutions',6,'Monthly','AMTX','0','0',NULL,NULL),
(184,'Mundo Latino','mundolamar4@gmail.com',NULL,NULL,'$2y$10$f3ovwIphYthLnk3TwhxfHuDvRCFAUE4bduwBYZDTGHh2twgp5Rex2',NULL,'2024-11-11 15:00:27','2025-03-03 09:32:44',NULL,'Won Young America, Inc','Opeqa Business LLC','11100 N Lamar Blvd','Austin','TX','78753','512-293-0118','Parvez Karovalia',NULL,'pp_momin@yahoo.com',NULL,'10901','Petro-Tank Solutions',6,'Monthly','AMTX','0','0',NULL,NULL),
(185,'BIG BEARS EXPRESS','bigbearsexpress.walden@gmail.com',NULL,NULL,'$2y$10$81Dq7YGFwk7so6EGymFcQOOhmKcdm08ZGGetiNpOwJgmDT9fxjG12',NULL,'2024-12-06 16:23:40','2024-12-06 23:30:37',NULL,'UNITED WALDEN INVESTMENTS, LLC','Amin M','15450 WALDEN RD MONTGOMERY, TX 77356','','','','713-992-1616','Amin M',NULL,'bigbearsexpress.walden@gmail.com',NULL,'88764','AMTS',6,'Monthly','AMTX','0','0',NULL,NULL),
(186,'CREIGHTON Market','creighton12411@gmail.com','7139921616',NULL,'$2y$10$OHPPz/p2QK2deKpdRu0cROJHfshGvUtFDFMUaMut3YfcG4Da3KYAW',NULL,'2024-12-07 04:17:13','2025-01-14 09:56:32',NULL,'Creighton business inc','Amin M','12411 FM 1314 Rd','Conroe','TX','77302','7139921616','Amin m',NULL,'Creighton12411@gmail.com',NULL,'88270','AMTS',6,'Monthly','AMTX','0','0',NULL,NULL),
(187,'1488 Shell','shell_1488@hotmail.com','713-264-1661',NULL,'$2y$10$t39CerXN/yjj5L2JdjLgRu3qcvO59RF.4pVo0Aj010Fu1wc8wxnme',NULL,'2024-12-07 22:29:19','2025-02-21 08:12:55',NULL,'HEMPSTEAD FOOD MART INC','HEMPSTEAD FOOD MART INC','1945 FM 1488 Rd','HEMPSTEAD','TX','77445','713-264-1661','Abee',NULL,'shell_1488@hotmail.com',NULL,'75775','AMTS',6,'Monthly','AMTX','0','0',NULL,NULL),
(188,'149 Exxon','149exxon@gmail.com',NULL,NULL,'$2y$10$qKHEQddcI9e.mDJLb3S.Qe7/k8LMkfRqyP6Iv4ESlnkyh8jIYHxM2',NULL,'2024-12-07 22:42:20','2024-12-07 22:42:20',NULL,NULL,'149 exxon','40655 FM 149 RD Magnolia TX 77354','','','','2818980283','Shams',NULL,'149exxon@gmail.com',NULL,'76170','AMTS',6,'Monthly','AMTX','0','0',NULL,NULL),
(189,'24 EXPRESS','jrsexpressstore@gmail.com',NULL,NULL,'$2y$10$QaYKeIvJTI9y6DNrbr32heaJ1bIJs/5ynPCoOlIjgomGFbhAHGbA.',NULL,'2024-12-10 17:03:04','2024-12-10 17:03:04',NULL,NULL,'24 EXPRESS','7241 Monroe Rd, Houston TX 77061','','','','832-863-4904','Said Dhuka',NULL,'jrsexpressstore@gmail.com',NULL,'87992','AMTS',6,'Monthly','AMTX','0','0',NULL,NULL),
(190,'Murad Samnani','Amts.murad@gmail.com',NULL,NULL,'$2y$10$e7PVwtiKrAJjU/yZxlja4ON81ysw4uKuNZJXPqkCFna8FxFqxlmxi',NULL,'2024-12-11 06:08:14','2025-01-10 14:48:20',NULL,NULL,NULL,NULL,'','','',NULL,NULL,NULL,NULL,NULL,NULL,NULL,2,NULL,'AMTX','1','0',NULL,'yes'),
(191,'2978 Express','2978.express@gmail.com',NULL,NULL,'$2y$10$osEyMXHQoV8XiNhCjI5HKucA8580jPk652Af/DL0z.ttU5igXfk8q',NULL,'2024-12-11 21:17:01','2024-12-11 21:17:01',NULL,NULL,'2978 Express','31007 FM 2978, Magnolia, TX 77354',NULL,NULL,NULL,'832-264-0217','Firdous',NULL,'ali.firdous1224@gmail.com',NULL,'87308','AMTS',6,'Monthly','AMTX','0','0',NULL,NULL),
(192,'3 STAR FOOD MART','threestarfreeport@yahoo.com',NULL,NULL,'$2y$10$TkkL/.4/7Q61sk2trznfuu1jgqcUodxTxZpRYMroVmbYCeD5CTq7S',NULL,'2024-12-11 21:18:43','2024-12-11 21:18:43',NULL,NULL,'3 STAR FOOD MART','1024 W. Broad St, Freeport, TX 77541',NULL,NULL,NULL,'832-607-2352','ABID',NULL,'abidmanesiya@yahoo.com',NULL,'33600','AMTS',6,'Monthly','AMTX','0','0',NULL,NULL),
(193,'A & A FOOD MART','aafm8621@gmail.com',NULL,NULL,'$2y$10$3NzTmTTU76b.Hi30QcFExuOJNzuCiqY1kDdunVlAJsH/fK6QHej/K',NULL,'2024-12-11 21:20:37','2024-12-11 21:20:37',NULL,NULL,'A & A FOOD MART','8621 Westheimer Rd, Houston, TX 77063',NULL,NULL,NULL,'832-466-2769','Mahedi',NULL,'mnm2769@gmail.com',NULL,'60803','AMTS',6,'Monthly','AMTX','0','0',NULL,NULL),
(194,'A & Z FOOD MART','yanifoodmart@gmail.com',NULL,NULL,'$2y$10$VMCR07xoAngiegc4kf2yQOZ1.xNovIQDhfPVGl3WVWGFSb.jTM6xK',NULL,'2024-12-11 21:22:02','2024-12-11 21:22:02',NULL,NULL,'A & Z FOOD MART','620 FM 1959, Houston, TX 77034',NULL,NULL,NULL,'832-480-8477','Gulzar',NULL,'yanifoodmart@gmail.com',NULL,'42885','AMTS',6,'Monthly','AMTX','0','0',NULL,NULL),
(195,'A&A STOP & SHOP','makarcolastorellc@gmail.com',NULL,NULL,'$2y$10$mroDKyqywWlJ4XTcjvNZTe1L.oDyh8/venBR9DNsjDRK/z.QwZ6D6',NULL,'2024-12-11 21:23:42','2024-12-11 21:23:42',NULL,NULL,'A&A STOP & SHOP','14818 HWY 6, Arcola, TX 77583',NULL,NULL,NULL,'832-274-1659','Anil Mohammad',NULL,'makarcolastorellc@gmail.com',NULL,'66064','AMTS',6,'Monthly','AMTX','0','0',NULL,NULL),
(196,'AIRLINE VALERO','10110airline@gmail.com',NULL,NULL,'$2y$10$FsHN9YDjEJoX00w4gTnklObIhUQZiYD/4exkYRNbPux3ZtekVkvz.',NULL,'2024-12-11 21:26:14','2024-12-11 21:26:14',NULL,NULL,'AIRLINE VALERO','10110 Airline Dr, Houston Tx 77037',NULL,NULL,NULL,'832-757-2876','Moshin',NULL,'Airlinevalero@gmail.com',NULL,'90354','AMTS',6,'Monthly','AMTX','0','0',NULL,NULL),
(197,'AIRPORT BUZZY BEE','nizarprasla@sbcglobal.net',NULL,NULL,'$2y$10$N.magi2oydm49/KzKf0JpenVe2BU8gpjZlrdMGv8elWoJ24wilrK.',NULL,'2024-12-11 21:27:50','2024-12-11 21:27:50',NULL,NULL,'AIRPORT BUZZY BEE','5415 W. Airport Blvd, Houston, TX 77035',NULL,NULL,NULL,'571-201-1857','Shezad',NULL,'shezadprasla@gmail.com',NULL,'20484','AMTS',6,'Monthly','AMTX','0','0',NULL,NULL),
(198,'AJ MINI MART','ajaymcab@gmail.com',NULL,NULL,'$2y$10$EIltQrD8CRBczIvFDLulSub9wz1HM0ItTecp.688U3jHIMhtotqKe',NULL,'2024-12-11 21:28:56','2024-12-11 21:28:56',NULL,NULL,'AJ MINI MART','4717 State Highway 35 S, Palacios, TX 77465',NULL,NULL,NULL,'361-972-3131','Ajay',NULL,'ajaymcab@gmail.com',NULL,'47029','AMTS',6,'Monthly','AMTX','0','0',NULL,NULL),
(199,'ALCO FUEL','alcofuelgears@gmail.com',NULL,NULL,'$2y$10$YO2nbFivIZRRemxF4fuir.s4uPCxepFCRzhYEiFfbgxP7iJI7de5O',NULL,'2024-12-11 21:30:29','2024-12-11 21:30:29',NULL,NULL,'ALCO FUEL','1955 Gears Rd, Houston TX, 77067',NULL,NULL,NULL,'832-633-3504','Navved',NULL,'alcofuelgears@gmail.com',NULL,'69320','AMTS',6,'Monthly','AMTX','0','0',NULL,NULL),
(200,'ALDINE BENDER FOOD MART','tajdin23@yahoo.com',NULL,NULL,'$2y$10$5fEAHwkE3RojOD5WpChHcutqYyG5DUlw4GaXgxKICi4qVubMi72tC',NULL,'2024-12-11 21:32:30','2024-12-11 21:32:30',NULL,NULL,'ALDINE BENDER FOOD MART','5102 Aldine Bender Dr, Houston, TX 77032',NULL,NULL,NULL,'832-310-3434','Tajjdin',NULL,'tajdin23@yahoo.com',NULL,'83426','AMTS',6,'Monthly','AMTX','0','0',NULL,NULL),
(201,'ALL IN ONE FOOD STORE','aios3606@gmail.com',NULL,NULL,'$2y$10$FpjZm/yq8xBFWUyXxHofBOrSzaZn/FHJmpdqQF0uO5kRp6gSlKb8K',NULL,'2024-12-11 21:34:33','2024-12-11 21:34:33',NULL,NULL,'ALL IN ONE FOOD STORE','3606 Irvington Blvd, Houston, TX 77009',NULL,NULL,NULL,'832-654-1014','Hajarat Momin',NULL,'aios3606@gmail.com',NULL,'32247','AMTS',6,'Monthly','AMTX','0','0',NULL,NULL),
(202,'ALL SEASON FOOD STORE','wilsonbusinessinc607@gmail.com',NULL,NULL,'$2y$10$4Grz9qUKh9OcSJYObPB0teLKGgnDYOFbsw2uq2tfpJLCSrBaOnQE6',NULL,'2024-12-11 21:37:00','2024-12-11 21:37:00',NULL,NULL,'ALL SEASON FOOD STORE','607 Wilson Rd, Humble, TX 77338',NULL,NULL,NULL,'832-776-6671','Alem',NULL,'wilsonbusinessinc607@gmail.com',NULL,'77183','AMTS',6,'Monthly','AMTX','0','0',NULL,NULL),
(203,'ALLENDALE FOOD MART','allendalefoodmart@gmail.com',NULL,NULL,'$2y$10$NhmjljPcUBjvCIH7r7oETO3b45h9PtVDUwf0gHZ4tDkkwvXBT/Qam',NULL,'2024-12-11 21:38:16','2024-12-11 21:38:16',NULL,NULL,'ALLENDALE FOOD MART','5602 Allendale Rd, Houston, TX 77017',NULL,NULL,NULL,'713-503-1202','Sadik',NULL,'allendalefoodmart@gmail.com',NULL,'45095','AMTS',6,'Monthly','AMTX','0','0',NULL,NULL),
(204,'ALMEDA FOOD & FUEL','pareshshethia@hotmail.com',NULL,NULL,'$2y$10$qKESHr0jcFA0spmOZZdY6evKYOBNCI2J00G0USGjgSDSeO7E9l8Wu',NULL,'2024-12-11 21:41:42','2024-12-11 21:41:42',NULL,NULL,'ALMEDA FOOD & FUEL','7500 Almeda Rd, Houston, TX 77054',NULL,NULL,NULL,'908-343-4748','Paresh',NULL,'pareshshethia@hotmail.com',NULL,'69987','AMTS',6,'Monthly','AMTX','0','0',NULL,NULL),
(205,'ALMEDA FOOD MART','almedamart@yahoo.com',NULL,NULL,'$2y$10$3vND2Py9cDN2mWwQmUGaw.Y3UzObzBLiFj3P6g3.wCOvRS/Dv4/QW',NULL,'2024-12-11 21:42:53','2024-12-11 21:42:53',NULL,NULL,'ALMEDA FOOD MART','10722 Kingspoint Rd, Houston TX 77075',NULL,NULL,NULL,'832-293-7630','Sohail',NULL,'almedamart@yahoo.com',NULL,'74160','AMTS',6,'Monthly','AMTX','0','0',NULL,NULL),
(206,'ALMEDA FOOD STORE','arzan4720@gmail.com',NULL,NULL,'$2y$10$jFbk5IVUa6ZMcy3ppOnQieAMeg8BmTmruA4GTCjAove68VjIcoyc6',NULL,'2024-12-11 22:10:47','2024-12-11 22:10:47',NULL,NULL,'ALMEDA FOOD STORE','4720 Almeda Genoa, Houston, TX 77048',NULL,NULL,NULL,'713-991-2270','Allaudin',NULL,'arzan4720@gmail.com',NULL,'70335','AMTS',6,'Monthly','AMTX','0','0',NULL,NULL),
(207,'ALVIN PANTRY','alvinpantry@gmail.com',NULL,NULL,'$2y$10$zu7GhXQGJSIe/sE8gcvhK.RGIoAklbAdLuJoIpSjhKeK02vViOHJG',NULL,'2024-12-11 22:12:09','2024-12-11 22:12:09',NULL,NULL,'ALVIN PANTRY','19387 Highway 35, Alvin, TX 77511',NULL,NULL,NULL,'832-633-3504','Navved',NULL,'alvinpantry@gmail.com',NULL,'43362','AMTS',6,'Monthly','AMTX','0','0',NULL,NULL),
(208,'AMIGO','amigomart3@gmail.com',NULL,NULL,'$2y$10$IACl.dVbwwcyJiCKLgHdhuksDIKOEzw9kbmKkV7SXsAUkp4KgozEe',NULL,'2024-12-13 18:26:53','2024-12-13 18:26:53',NULL,NULL,'AMIGO','6665 S Braeswood Blvd, Houston TX 77096',NULL,NULL,NULL,'832-419-5915','Niyaz',NULL,'amigomart3@gmail.com',NULL,'23096','AMTS',6,'Monthly','AMTX','0','0',NULL,NULL),
(209,'AMIGO','Amigomart7@gmail.com',NULL,NULL,'$2y$10$K90y9edaiiYWvPYkNJ3zGeqfceX8UJfmuvo8ikiFp2dZbRtLNyka6',NULL,'2024-12-13 18:28:04','2024-12-13 18:28:04',NULL,NULL,'AMIGO','5712 W Sam Houston PKWY N, Houston TX 77041',NULL,NULL,NULL,'832-661-6642','Tofiq Momin',NULL,'Amigomart7@gmail.com',NULL,'92145','AMTS',6,'Monthly','AMTX','0','0',NULL,NULL),
(210,'AMIGO FOOD MART','amigofoodmart@ymail.com',NULL,NULL,'$2y$10$ZkjGSLCcR4Rqv58oQ8JH4OGXpqcuXmTNj181em6IyZNlATFYR9pjm',NULL,'2024-12-13 18:29:30','2024-12-13 18:29:30',NULL,NULL,'AMIGO FOOD MART','18135 Telge Rd, Cypress Tx 77429',NULL,NULL,NULL,'936-668-8593','Rizwan',NULL,'amigofoodmart@ymail.com',NULL,'25254','AMTS',6,'Monthly','AMTX','0','0',NULL,NULL),
(211,'AMIGO MART','amigomart4@gmail.com',NULL,NULL,'$2y$10$xXY2ZlK9RQAGEixy9idQ4e4H04Dpv9Fte8q3RZWnRrb7o5RDNLaRm',NULL,'2024-12-13 18:30:41','2024-12-13 18:30:41',NULL,NULL,'AMIGO MART','929 Federal Rd, Houston, TX 77015',NULL,NULL,NULL,'832-283-8355','Shoheb',NULL,'amigomart4@gmail.com',NULL,'40188','AMTS',6,'Monthly','AMTX','0','0',NULL,NULL),
(212,'AMIGO MART','amigomart2@gmail.com',NULL,NULL,'$2y$10$YViXhxtspIHoOn5XdViB1uXhkB10pTAYfR9EM/VPcVQQR5DXqI7kC',NULL,'2024-12-13 20:01:08','2024-12-13 20:01:08',NULL,NULL,'AMIGO MART','5410 Chimney Rock Rd, Houston, TX 77081',NULL,NULL,NULL,'713-661-6434','Niyaz',NULL,'amigomart2@gmail.com',NULL,'17905','AMTS',6,'Monthly','AMTX','0','0',NULL,NULL),
(213,'AMIGO MART','amigomart6@gmail.com',NULL,NULL,'$2y$10$zSDG5dXwog8fqdTa3CurH.NyfQxhuV14Sj8wx2af40ZaeFvnDTFZm',NULL,'2024-12-13 20:02:36','2024-12-13 20:02:36',NULL,NULL,'AMIGO MART','6223 Richmond Ave, Houston TX 77057',NULL,NULL,NULL,'832-419-5915','Niyaz',NULL,'niyazkaredia@gmail.com',NULL,'91698','AMTS',6,'Monthly','AMTX','0','0',NULL,NULL),
(214,'AMIGO MART','amigomart1@gmail.com',NULL,NULL,'$2y$10$/zT7gpP76jre62vNkcSyiOYaD0H7KfH6LbmkoYWncPZYWkm1s2KdG',NULL,'2024-12-13 20:03:46','2024-12-13 20:03:46',NULL,NULL,'AMIGO MART','829 McCarty St, Houston, TX 77029',NULL,NULL,NULL,'832-274-8467','KARIM',NULL,'amigomart1@gmail.com',NULL,'47400','AMTS',6,'Monthly','AMTX','0','0',NULL,NULL),
(215,'AMIGOS COUNTRY CORNER','amigoflatoniatx@gmail.com',NULL,NULL,'$2y$10$gfbawzAr8W8loLt1KYmYSuA6UzSc3gCxfUGSleMUq90OBh6cZgG/G',NULL,'2024-12-13 20:05:03','2024-12-13 20:05:03',NULL,NULL,'AMIGOS COUNTRY CORNER','1415 FM 609, FLATONIA TX 78941',NULL,NULL,NULL,'936-314-3363','Yasiru',NULL,'amigoflatoniatx@gmail.com',NULL,'88366','AMTS',6,'Monthly','AMTX','0','0',NULL,NULL),
(216,'AMIGOS FOOD MART','Zulmo71@yahoo.com',NULL,NULL,'$2y$10$59cuoDs74uybw/IH2nfVlun0VB4unzwjZNJKthVMOxK43KTQJO8Yq',NULL,'2024-12-13 20:06:35','2024-12-13 20:06:35',NULL,NULL,'AMIGOS FOOD MART','100 N 2nd St, Alvin, TX 77511',NULL,NULL,NULL,'832-455-3938','Zulfikar',NULL,'Zulmo71@yahoo.com',NULL,'50024','AMTS',6,'Monthly','AMTX','0','0',NULL,NULL),
(217,'AMIGOS FOOD MART','imali1981@gmail.com',NULL,NULL,'$2y$10$nbAp3BS0quZS6sobTHjys.lFQ8aG64xZY8DX7nkUu9ZF2jZxgzDUS',NULL,'2024-12-13 20:09:14','2024-12-13 20:09:14',NULL,NULL,'AMIGOS FOOD MART','9405 Longpoint Road, Houston, TX 77055',NULL,NULL,NULL,'832-573-3743','Imran',NULL,'imali1981@gmail.com',NULL,'36603','AMTS',6,'Monthly','AMTX','0','0',NULL,NULL),
(218,'ANDERSON MARKET','anderson4735@gmail.com',NULL,NULL,'$2y$10$YqhN9PWtFs.1OCpU3xrdjejzh8./y85kDqf1gy8brn79kJ1OuEu.G',NULL,'2024-12-13 20:11:31','2024-12-13 20:11:31',NULL,NULL,'ANDERSON MARKET','4735 Anderson Rd, Houston, TX 77053',NULL,NULL,NULL,'832-746-8404','Karim',NULL,'houston5811@gmail.com',NULL,'5495','AMTS',6,'Monthly','AMTX','0','0',NULL,NULL),
(219,'ANGELS GAS & GROCERY 3','deeghosh930@gmail.com',NULL,NULL,'$2y$10$5fa31y6ohYBHS8OxWFV1LeX4h4lh6/I1RYnla2eDFCAj4lXL4ahkK',NULL,'2024-12-13 20:12:38','2024-12-13 20:12:38',NULL,NULL,'ANGELS GAS & GROCERY 3','7119 Bayway Drive, Baytown, TX 77520',NULL,NULL,NULL,'832-283-3456','Deepak',NULL,'deeghosh930@gmail.com',NULL,'31929','AMTS',6,'Monthly','AMTX','0','0',NULL,NULL),
(220,'ANGELS GAS & GROCERY 5','Valeroangels5@gmail.com',NULL,NULL,'$2y$10$sYf9pVnqBCWidNDtxbKcNu/v57zMNzeflxnkWAhEckLWOFsN51b.K',NULL,'2024-12-13 20:29:47','2024-12-13 20:29:47',NULL,NULL,'ANGELS GAS & GROCERY 5','2928 FM 565 N, Mont Belvieu, TX 77580',NULL,NULL,NULL,'281-576-2322','Shabuddin',NULL,'zahirkhawaja@gmail.com',NULL,'45486','AMTS',6,'Monthly','AMTX','0','0',NULL,NULL),
(221,'ANGELS GAS & GROCERY 7','angelsgas128@gmail.com',NULL,NULL,'$2y$10$6a8hWtcNeqE6EsrmvnmUuObI3tMS0LE5nU.MdyxBqOLoJ.MPVZMJy',NULL,'2024-12-13 20:30:55','2024-12-13 20:30:55',NULL,NULL,'ANGELS GAS & GROCERY 7','128 S. Main, Highlands, TX 77562',NULL,NULL,NULL,'713-456-0524','Mustaq',NULL,'musthaq.momin@yahoo.com',NULL,'56570','AMTS',6,'Monthly','AMTX','0','0',NULL,NULL),
(222,'ANTOINE CHEVRON','metro5747@gmail.com',NULL,NULL,'$2y$10$KEayQChiRHkm71BfB08Rg.c46KmKibMjKapkAXGUZVTB6K0mIGcs2',NULL,'2024-12-13 20:31:54','2024-12-13 20:31:54',NULL,NULL,'ANTOINE CHEVRON','5747 Antoine Dr, Houston, TX 77091',NULL,NULL,NULL,'832-712-2100','Saneel',NULL,'metro5747@gmail.com',NULL,'74381','AMTS',6,'Monthly','AMTX','0','0',NULL,NULL),
(223,'AZ FOOD MART','azfoodmart1756@yahoo.com',NULL,NULL,'$2y$10$yHY/Y2GTGO1vMHNXTwhQ.u1o8Sr1dPjfNY8BahThDxbL.51.9C7Cu',NULL,'2024-12-13 20:32:54','2024-12-13 20:32:54',NULL,NULL,'AZ FOOD MART','1756 WESTHEIMER RD, Houston, TX 77098',NULL,NULL,NULL,'281-788-7014','SHAHID',NULL,'azfoodmart1756@yahoo.com',NULL,'49655','AMTS',6,'Monthly','AMTX','0','0',NULL,NULL),
(224,'AZLE GROCERY MART & DELI','azledeli2424@gmail.com',NULL,NULL,'$2y$10$MBlIdTrbkaYibFB.GnLdgO.Y6hux/KNxxtuKzkb9TL2eFvFwkGcEG',NULL,'2024-12-13 20:33:49','2025-01-13 16:36:14',NULL,NULL,'AZLE GROCERY MART & DELI','2424 Azle Ave','Forthworth','Texas','76106','405-510-8531','Amin',NULL,'azledeli2424@gmail.com',NULL,'26337','AMTS',6,'Monthly','AMTX','0','0',NULL,NULL),
(225,'Zippys Food Mart','joshllc5201@gmail.com',NULL,NULL,'$2y$10$pGpApqf7oNMe9tz3bllmXe.KZqbea/t9JGYbC.DpNRqa2nxGP3cii',NULL,'2024-12-31 21:13:31','2025-02-19 09:20:46',NULL,'Draco Convenience LLC','Josh Business LLC','5201 Trimmier Rd','Killeen','TX','76542','512-300-9897','Zaherali Prasla',NULL,'jackprasla@gmail.com',NULL,'86024','Petro-Tank Solutions',6,'Monthly','AMTX','0','0',NULL,NULL),
(226,'S Mart','Anirinc2013@gmail.com',NULL,NULL,'$2y$10$CcS4f1MKoXIv6h6g9d/Dq.h4h9nlfWMw2KenoW/rw7SeLvw0ol1wK',NULL,'2024-12-31 21:16:01','2025-03-03 16:29:54',NULL,'Anir Inc','Anir Inc','2202 W Business 190','Copperas Cove','TX','76522','512-299-8932','Anif Momin',NULL,'mominanif@gmail.com',NULL,'86078','Petro-Tank Solutions',6,'Monthly','AMTX','0','0',NULL,NULL),
(378,'Fillin Station Express',NULL,NULL,NULL,'$2y$10$a.KjQr8S2Fks5AJJoBV0Re1UHwqIqwbDtGvE2bvCydc1xOU2f690e',NULL,'2024-07-29 10:52:09','2025-01-02 02:38:11',NULL,NULL,NULL,'201 N Front St, Fall City, TX 78113',NULL,NULL,NULL,'210-857-7234',NULL,NULL,NULL,NULL,NULL,'Petro-Tank Solutions',6,'Monthly',NULL,'0','0',NULL,'yes'),
(397,'Valley Mart #15',NULL,NULL,NULL,'$2y$10$u0Nwg4H5a1ljKbY3H8QpaOuCNaP6/Tnm1zij3YTgJqF4NCCtyrYOa',NULL,'2024-08-21 08:35:33','2025-01-02 02:40:38',NULL,NULL,NULL,'1009 E Honda Ave, Devine, TX 78016',NULL,NULL,NULL,NULL,NULL,NULL,NULL,NULL,NULL,'Petro-Tank Solutions',6,'Monthly',NULL,'0','0',NULL,'yes'),
(399,'dsa',NULL,NULL,NULL,'$2y$10$qX6ppvZAXlv4x1hl0TwnZeTU4uQ7ncGPGTrooC1NAvsJ6/o0Jm8pi',NULL,'2024-08-22 16:25:51','2024-08-25 09:56:11',NULL,NULL,NULL,NULL,NULL,NULL,NULL,NULL,NULL,NULL,NULL,NULL,NULL,'Petro-Tank Solutions',6,'Monthly',NULL,'0','0',NULL,'yes'),
(401,'ds',NULL,NULL,NULL,'$2y$10$o7WJ1SiFyMWtseB4X5joLeuStSHOKW0KNLJRytsn/j.VoJuWzgjYa',NULL,'2024-08-23 09:56:49','2024-08-25 09:56:05',NULL,'a',NULL,NULL,NULL,NULL,NULL,NULL,NULL,NULL,NULL,NULL,NULL,'Petro-Tank Solutions',6,'Monthly',NULL,'0','0',NULL,'yes'),
(404,'test additional store3',NULL,NULL,NULL,'$2y$10$Shq7fhmhwQYmeoT2wJZJ2OCQW0wVed3unC6u7BRru9HovpodSsL6C',NULL,'2024-08-23 16:58:24','2025-01-14 09:52:48',NULL,'da',NULL,NULL,NULL,NULL,NULL,NULL,NULL,NULL,NULL,NULL,NULL,'AMTS',6,'Monthly',NULL,'0','0',NULL,'yes'),
(405,'test3',NULL,NULL,NULL,'$2y$10$eXK6hQXUlj5AYi9.CZ.NSex5F6JbOUf9tYE400sSucNmWOjbmQo2G',NULL,'2024-08-23 17:21:24','2025-01-14 09:52:38',NULL,NULL,NULL,NULL,NULL,NULL,NULL,NULL,NULL,NULL,NULL,NULL,NULL,'AMTS',6,'Monthly',NULL,'0','0',NULL,'yes'),
(406,'test4',NULL,NULL,NULL,'$2y$10$47DdDVxFYEfcYgZD.NmvgOzhWQ6PQBVSQoBUYGnd2i1YIPgjFOjHG',NULL,'2024-08-23 17:21:42','2025-01-14 09:52:36',NULL,NULL,NULL,NULL,NULL,NULL,NULL,NULL,NULL,NULL,NULL,NULL,NULL,'AMTS',6,'Monthly',NULL,'0','0',NULL,'yes'),
(407,'tst5',NULL,NULL,NULL,'$2y$10$Bjhv.nhruR8GTjlQkSwyBeUjhakGRY3LGrgcM40cC0dPvDmY.G42q',NULL,'2024-08-23 17:25:45','2025-01-14 09:52:32',NULL,NULL,NULL,NULL,NULL,NULL,NULL,NULL,NULL,NULL,NULL,NULL,NULL,'AMTS',6,'Monthly',NULL,'0','0',NULL,'yes'),
(438,'29 Express',NULL,NULL,NULL,'$2y$10$1RbK7DyGPgxfyj1HXq6a.uAmRt8potoaz2jfivkUCOIO8QVw/3dXa',NULL,'2024-09-25 23:15:32','2025-02-24 10:22:03',NULL,'SSD GEORGETOWN INVESTMENTS LLC','Barnee Enterprise Inc','1508 Dessau Ridge Ln Ste 102','Austin','TX','78754','512-363-9117','Barkat Momin',NULL,'munasifmaredia@gmail.com',NULL,'93096','Petro-Tank Solutions',6,'Monthly','AMTX','0','0',NULL,NULL),
(440,'Gyasi Tippens','Gyasi.PTS@gmail.com',NULL,NULL,'$2y$10$8i8FJ0Oo9E8LvIBjYt/AN.8am.MavECiuKLyv9NZpU2/20swpOt5y',NULL,'2024-12-01 13:28:01','2024-12-20 12:41:44',NULL,NULL,NULL,NULL,NULL,NULL,NULL,NULL,NULL,NULL,NULL,NULL,NULL,NULL,1,NULL,'PTS','1','0',NULL,'yes'),
(441,'new tech 10nw','fieldtech3@amtstx.com',NULL,NULL,'$2y$10$ZEbzA2nd2w.uggvTCqKIy.//iBrWzVhv3XxFJns51XCvCDvy.wAyW',NULL,'2024-12-01 20:45:25','2025-01-10 22:18:37',7,NULL,NULL,NULL,NULL,NULL,NULL,NULL,NULL,NULL,NULL,NULL,NULL,NULL,5,NULL,'AMTX','1','0',NULL,'yes'),
(444,'Murad test','murad.amts@gmail.com',NULL,NULL,'$2y$10$jxMul6YS9zIibytXOE//vOAu0NR1asfz41mfwA3Z.hGbvWEu29xeq',NULL,'2024-12-14 09:51:17','2025-01-14 09:53:33',NULL,NULL,'Best mart','111 main st','Dallas','Tx','77406','8324747015','Murad',NULL,'Murad.amts@gmail.com',NULL,'111111','AMTS',6,'Monthly','AMTX','0','1',NULL,'yes'),
(445,'Quicks 103',NULL,NULL,NULL,'$2y$10$60W.ypv8kbD.qPfKe2xuLeUoos8QvMg953/ySms1CMT9dp6cgDuTO',NULL,'2024-12-18 09:09:44','2025-03-03 09:58:57',NULL,'Three Star Heritage, LP','Three Star Heritage, LP','15540 S US Hwy 181','San Antonio','TX','78223',NULL,NULL,NULL,'monica@petroleumdist.com',NULL,'32238','Petro-Tank Solutions',6,'Monthly','AMTX','0','1',NULL,NULL),
(446,'Rodeo Travel Center 2','rodeotravelcenter@gmail.com',NULL,NULL,'$2y$10$8eyAsRuijQQlXXn1yc5g4eapDsRvRJMZFI/rJAuWWqDZN44jn1FuS',NULL,'2024-12-18 09:20:29','2025-02-18 13:21:24',NULL,'Rodeo Retail LLC','Rodeo Retail LLC','109963 IH 37','Pleasanton','TX','78064','726-206-6086','Sunil',NULL,NULL,NULL,'93182','Petro-Tank Solutions',6,'Monthly','AMTX','0','0',NULL,NULL),
(447,'Saraa Maredia','PTS.Saraa@gmail.com',NULL,NULL,'$2y$10$EU/JeAE0nRYEgAsiSuLy4.G3L7unIOMdDEomlov.gFWN3CL3YDSN2','khNP0dvPFSqAtVwDItdr9VLddAr2vKYyHk4bS4CeKJldW1t9Ii9PW0lQwImT','2024-12-25 09:50:03','2025-03-30 18:46:36',NULL,NULL,NULL,NULL,NULL,NULL,NULL,NULL,NULL,NULL,NULL,NULL,NULL,NULL,3,NULL,'PTS','1','0',NULL,NULL),
(448,'Anil Momin','PTS.Anil@gmail.com',NULL,NULL,'$2y$10$R2aRNa4t8JnT7AxGjyHJ6eVtdeHc2Zpz0iuKxoRyLEZOGROt.N57W',NULL,'2024-12-25 10:04:41','2024-12-25 10:04:41',NULL,NULL,NULL,NULL,NULL,NULL,NULL,NULL,NULL,NULL,NULL,NULL,NULL,NULL,4,NULL,'PTS','1','0',NULL,NULL),
(449,'McMahan Country Store','mcmahan786@gmail.com','512-398-2187',NULL,'$2y$10$DmWSpYmHXnR.gscrnJ0KeenyITr3lSKMVU4DEhR4Th2mOXbu2dQda',NULL,'2024-12-25 10:16:19','2025-03-03 09:36:57',NULL,'Z.L. Marfas, LLC','Z.L. Marfas, LLC','13318 FM 86','Dale','TX','78616','(713)366-2725','Mubarak',NULL,'Zlmarfas@gmail.com',NULL,'73339','Petro-Tank Solutions',6,'Monthly','AMTX','0','0',NULL,NULL),
(450,'Dale Corner',NULL,NULL,NULL,'$2y$10$99Sl4cAbFaHIJyi2MvsO8O.WMxQAZUZGYGgJAnkRc9N.2YY5fQuHm',NULL,'2024-12-25 10:17:38','2025-02-20 14:57:55',NULL,'DALE CORNER STORE LLC','DALE CORNER STORE LLC','1349 FM 1854','Dale','TX','78616','512-947-4151','Mubeen Anwer',NULL,'mobeenmohdva@hotmail.com',NULL,'73787','Petro-Tank Solutions',6,'Monthly','AMTX','0','0',NULL,NULL),
(451,'Red Rock Food Mart','redrockfoodmart@gmail.com','512 321-2512',NULL,'$2y$10$XeC0lel1r1AP1vm0lyydnuvpWjS3lZxJAFe9Hpj3tijHnn8pP414G',NULL,'2024-12-25 10:19:02','2025-02-18 13:18:04',NULL,'G & RAZI INVESTMENT INC','G & RAZI INVESTMENT INC','2396 FM 20','Red Rock','TX','78662','832-859-2499','Akbar',NULL,NULL,NULL,'70254','Petro-Tank Solutions',6,'Monthly','AMTX','0','0',NULL,NULL),
(453,'Super Highway Truck Stop',NULL,'713-304-9308',NULL,'$2y$10$f9O7klDqACGFCjrMnES1suw.z0xHpTJvaNgaB08H4Mvrp44w4HJ8G',NULL,'2024-12-25 10:22:20','2025-03-03 10:02:45',NULL,'Ab & F Investment LLC','Super Hwy Truck Stop LLC','1273 State Highway 71','Bastrop','TX','78602','512-366-0156','Mohammad A Dadani',NULL,'ab_dadani@live.com',NULL,'71311','Petro-Tank Solutions',6,'Monthly','AMTX','0','0',NULL,NULL),
(454,'Hwy 95 Market and Deli',NULL,NULL,NULL,'$2y$10$C0bdyPV9SzEIndeoJDdaPODrj41LlpVIE2GJM/mG/YDuDjp5m5gF2',NULL,'2024-12-25 10:30:40','2025-03-03 14:17:34',NULL,'CAMP SWIFT OPERATION LLC','CAMP SWIFT OPERATION LLC','1692 N State Highway 95','Bastrop','TX','78602','512-366-0156','Mohammad A Dadani',NULL,'ab_dadani@live.com',NULL,'83671','Petro-Tank Solutions',6,'Monthly','AMTX','0','0',NULL,NULL),
(455,'Fresh-N-Up','freshnup847@gmail.com','512-332-0044',NULL,'$2y$10$6.fi8W0656aSs.h7Et2QgOrzVHzC7iCuBHcacyBAAN3Uw7kNuSJDG',NULL,'2024-12-25 10:32:57','2025-02-25 09:32:41',NULL,'ARAA INVESTMENT, INC.','Aj Diamond Inc','847 N State Highway 95','Bastrop','TX','78602','512-775-7581','Nizar',NULL,NULL,NULL,'58846','Petro-Tank Solutions',6,'Monthly','AMTX','0','0',NULL,NULL),
(456,'Lakeline Grocery','lakelinegrocery@gmail.com','512-733-9613',NULL,'$2y$10$hjK84vvrBUbjino1UP2EqOvoLmPjQNVkFIXt2cecxCZpFEpJWnePC',NULL,'2024-12-25 10:35:22','2025-01-16 16:04:22',NULL,'NJ SARDINIA INC','NJ SARDINIA INC','419 FM 1441','Bastrop','TX','78602','512-775-7581','Nizar',NULL,NULL,NULL,'63445','Petro-Tank Solutions',6,'Monthly','AMTX','0','0',NULL,NULL),
(457,'Jimmys Food N Gas',NULL,'512-577-7452',NULL,'$2y$10$oxx9Y.KfWi3CjUItxg25keEb4w8V6wEHUxAHHasR4uv8gLMulseSS',NULL,'2024-12-25 10:37:54','2025-01-16 15:05:58',NULL,'FOUR SEASONS C STORE GROUP LLC','FOUR SEASONS C STORE GROUP LLC','1501 NE Loop 230','Smithville','TX','78957','512-577-7452','Imtiaz Maknojia',NULL,'isudruddin@yahoo.com',NULL,'77399','Petro-Tank Solutions',6,'Monthly','AMTX','0','0',NULL,NULL),
(458,'Smithville Stop','smithwillstop@gmail.com','512-360-4267',NULL,'$2y$10$OOr23zQndMamiy0s6wY.C.9fEoTpthWW057/D3GpT0jUDEFh0s5ta',NULL,'2024-12-25 10:39:18','2025-03-03 09:17:12',NULL,'Nomee Enterprises Inc','Nomee Enterprises Inc','247 Highway 71 E','Smithville','TX','78957','512-417-9926','Nizar Manasiya',NULL,'Nzmanasiya@yahoo.com',NULL,'70816','Petro-Tank Solutions',6,'Monthly','AMTX','0','0',NULL,NULL),
(459,'Columbus Travel Center','touchtouch590@yahoo.com','979-733-0896',NULL,'$2y$10$/Qt6ePDHPPmGYQkIX6T7KuktLVemzejJhlmxYNu/3FhfH83KoaBd.',NULL,'2024-12-25 10:42:15','2025-02-18 13:20:01',NULL,'Thaitouch LLC','Thaitouch LLC','4800 IH 10 E','Alleyton (Columbus Exit 698)','TX','78935','626-374-6666','Thai Touch',NULL,NULL,NULL,'36209','Petro-Tank Solutions',6,'Monthly','AMTX','0','0',NULL,NULL),
(460,'Tyler Shaeffer','PTS.TYLER@GMAIL.COM','(830) 310-0409',NULL,'$2y$10$GHxbP4VGzzLGFPFJXGVCiOejbIzpLd0UbGv/zdoh9TyxZ5bOUsBfa',NULL,'2024-12-31 08:55:05','2025-03-01 19:48:33',9,NULL,NULL,NULL,NULL,NULL,NULL,NULL,NULL,NULL,NULL,NULL,NULL,NULL,5,NULL,'PTS','1','0',NULL,NULL),
(461,'Star Mart 11',NULL,NULL,NULL,'$2y$10$wx4Oz7vpTYdXOZbmsGxJq.hXkLJZXgNSvLXPLYUfXQfzVdOMlOu9O',NULL,'2025-01-06 17:19:03','2025-01-06 17:19:03',NULL,'James Robert Group LLC','Elevenking INC','1310 W Stan Schlueter Loop # A100','Killeen','Texas','76549',NULL,NULL,NULL,NULL,NULL,'86207','Petro-Tank Solutions',6,'Monthly','AMTX','0','0',NULL,NULL),
(462,'Murad Samnani','Murad@envirsol.net','+18324747015',NULL,'$2y$10$6Rq.FuPaZOJRr55kMBJdPuZbCjc5QHONWzyl24.2RH7uhkoUTGgja','0bVbFhtpuCAb6cFg48oUVpdloDZMZoTmwYa3JrxhSAQwPkhpIgKVLAWNhEgL','2025-01-10 14:51:52','2025-04-10 13:24:07',NULL,NULL,NULL,NULL,NULL,NULL,NULL,NULL,NULL,NULL,NULL,NULL,NULL,NULL,1,NULL,'AMTX','1','0',NULL,NULL),
(463,'PrimeSpot 32','PS32REDBLUFF@PRIMESPOTFUEL.COM','8328348305',NULL,'$2y$10$rsfhAPBjZDVGqHYyL5T5leF1HF3rxGZcZGdlaU1C1.CCjuNNGfSwW',NULL,'2025-01-10 15:04:35','2025-01-10 15:23:55',NULL,'AA RED BLUFF VENTURES LLC','Primespot 32','1621 Red Bluff RD','Pasadena','TX','77506','8328348305','Zaher',NULL,'PS32REDBLUFF@PRIMESPOTFUEL.COM',NULL,'35152','AMTS',6,'Monthly','AMTX','1','0',NULL,NULL),
(464,'Step In Grocery','stepin458@gmail.com','512-767-8783',NULL,'$2y$10$pC2keRLlCU96U5UwTKoMSezCMHsoZ5/eEMqlRjDH4mP0wk8pjsm1m',NULL,'2025-01-13 13:39:41','2025-02-18 14:05:27',NULL,'Step In Grocery INC','Step In Grocery INC','7309 Cameron Rd Ste 100','Austin','TX','78752','512-548-6443','Hakim',NULL,NULL,NULL,'36122','Petro-Tank Solutions',6,'Monthly','AMTX','0','0',NULL,NULL),
(465,'B F TERRY FOOD MART','citystar2310@gmail.com',NULL,NULL,'$2y$10$0pWPmxcJ4dl6I57QqvH.D.sLF3b0gWXNWIEwVQfyLmY1lU/H9h6Si',NULL,'2025-01-13 16:33:59','2025-01-13 16:33:59',NULL,NULL,'B F TERRY FOOD MART','2406 B F Terry  Blvd','Rosenberg','Texas','77471','512-363-3241','Farhan',NULL,'citystar2310@gmail.com',NULL,'88833','AMTS',6,'Monthly','AMTX','0','0',NULL,NULL),
(466,'BACLIFF GROCERY & DELI','bacliffgrocery@gmail.com',NULL,NULL,'$2y$10$xDoIaNfsAnBiawGKP0kBw.ieOgPw/e2aU0P1YRGCcM2cY0wROwspm',NULL,'2025-01-13 16:38:44','2025-01-13 16:38:44',NULL,NULL,'BACLIFF GROCERY & DELI','545 B Grand Ave,','Bacliff','Texas','77518','281-772-0154','Rajab',NULL,'bacliffgrocery@gmail.com',NULL,'70112','AMTS',6,'Monthly','AMTX','0','0',NULL,NULL),
(467,'BAKER RD C STORE','Bakerlane01@outlook.com',NULL,NULL,'$2y$10$gSoIlhfywsjksyMVBIzKIuDMC79zITnvY4DQa9EvXOsFP51tItfH.',NULL,'2025-01-13 16:40:22','2025-01-13 16:40:22',NULL,NULL,'BAKER RD C STORE','2121 W Baker Rd','Baytown','Texas','77521','832-572-8431','Saim Mahmood',NULL,'Bakerlane01@outlook.com',NULL,'86212','AMTS',6,'Monthly','AMTX','0','0',NULL,NULL),
(468,'BAR T TRAVEL CENTER','601bartstore@gmail.com',NULL,NULL,'$2y$10$51iw0NJ2W/SbeO1ngWaPQOkcqQNNd0lMqMvtPB7DQBLM.plSVpbDW',NULL,'2025-01-13 16:44:35','2025-01-13 16:44:35',NULL,NULL,'BAR T TRAVEL CENTER','601 State Highway 75 N','Huntsville','Texas','77320','832 660 8742','Sam Maredia',NULL,'601bartstore@gmail.com',NULL,'84049','AMTS',6,'Monthly','AMTX','0','0',NULL,NULL),
(469,'Salman momin','salman@amtstx.com',NULL,NULL,'$2y$10$DXmmDctu.0I7Mum.Mxj65OktiApAM2Rjay3aNMNFuJKAPAMmmVlZC',NULL,'2025-01-13 19:03:24','2025-01-13 19:03:24',NULL,NULL,NULL,NULL,NULL,NULL,NULL,NULL,NULL,NULL,NULL,NULL,NULL,NULL,4,NULL,'AMTX','1','0',NULL,NULL),
(470,'BLALOCK FOOD MART','blalockfoodmart@gmail.com','+18324951978',NULL,'$2y$10$YzYjJO2qq6GaTs6TEO0opeM.IE68w/kFq9o6wYdru6XKA.CqL8JZi',NULL,'2025-01-14 09:17:54','2025-01-14 09:17:54',NULL,'SONESRA ENTERPRISE INC','SONESRA ENTERPRISE INC','3102 Blalock Rd','Houston','TX','77080','824951978','Nizar',NULL,'blalockfoodmart@gmail.com',NULL,'20457','AMTS',6,'Monthly','AMTX','0','1',NULL,NULL),
(471,'CHECK POINT 111','nasirissa@yahoo.com','+1832-466-3004',NULL,'$2y$10$v/HDmmJH/5QuxvLonAT6aeKlgmUKUwxk7MLzr2nRoeRQ/Agh5AY7W',NULL,'2025-01-14 09:22:30','2025-01-14 09:22:30',NULL,'Perry Business, Inc','Perry Business, Inc','9660 Fallbrook dr','Houston','TX','77064','832-466-3004','Nasir Issa',NULL,'nasirissa@yahoo.com',NULL,'91794','AMTS',6,'Monthly','AMTX','0','0',NULL,NULL),
(472,'CORNER FOOD STORE','hajaratmomin@gmail.com','+1832-654-1014',NULL,'$2y$10$kzD/tYomtCCaySsJgR2CUubH84oOK9YGRHfPQ4uCCrMOoIWc6NIp2',NULL,'2025-01-14 09:25:03','2025-01-14 09:25:03',NULL,'HAJARAT CORPORATION','HAJARAT CORPORATION','8789 HAMMERLY BLVD','Houston','TX','77080','832-654-1014','Hajarat Momin',NULL,'hajaratmomin@gmail.com',NULL,'36599','AMTS',6,'Monthly','AMTX','0','0',NULL,NULL),
(473,'GALAXY MART','ajmaknojia@yahoo.com','+18324616838',NULL,'$2y$10$JP48LD0Ocd.dTB3CBOcj7eOGqy6TlcxEjwmAXV.Cxj0A79EUXra8O',NULL,'2025-01-14 09:27:13','2025-01-14 09:27:13',NULL,'A Z & Sons, Inc','A Z & Sons, Inc','7410 Fairbanks N Houston Rd','Houston','TX','77040','8324616838','Amir Maknojia',NULL,'ajmaknojia@yahoo.com',NULL,'65137','AMTS',6,'Monthly','AMTX','0','1',NULL,NULL),
(474,'GESSNER 1 STOP SHOP','anjushah77@yahoo.com','+16825975307',NULL,'$2y$10$8mCqo3b0/yyXCzlog9ud/OZ5sByq5/MoQ2DhQJQLss94nxfa8Fype',NULL,'2025-01-14 09:29:39','2025-01-14 09:29:39',NULL,'HIRA GOLD PROPERTIES LLC','Hira ( Diamond) Properties LLC','8110 N Sam Houston Pkwy W','Houston','TX','77064','6825975307','Anju Shah',NULL,'anjushah77@yahoo.com',NULL,'76060','AMTS',6,'Monthly','AMTX','0','0',NULL,NULL),
(475,'LITTLE BUDDY 290','littlebuddy290@gmail.com','+18322286323',NULL,'$2y$10$EixTd1B6y3bPsBpgzU1xQ.URgDORFVdkNHunQthVqZqMxbqVIgTYO',NULL,'2025-01-14 09:31:53','2025-01-14 09:31:53',NULL,'DIAMOND SHAMROCK','ARSTON INVESTMENTS LLC','7402 FAIRBANKS N HOUSTON RD','Houston','TX','77040','8322286323','Krishna',NULL,'littlebuddy290@gmail.com',NULL,'5435','AMTS',6,'Monthly','AMTX','0','1',NULL,NULL),
(476,'NEW PETRO PARK FOOD AND FUEL','petropark123@outlook.com','+1631-639-9528',NULL,'$2y$10$AY9RjfUpD8IYsIGZv1bEkeY4rSwW6gIBH62DvQfF3jlE5DeZ0huim',NULL,'2025-01-14 09:33:30','2025-01-14 09:33:30',NULL,'11519 W LITTLE YORK INC','11519 W LITTLE YORK INC','11519 W Little York Rd','Houston','TX','77041','631-639-9528','Sultan',NULL,'petropark123@outlook.com',NULL,'75375','AMTS',6,'Monthly','AMTX','0','0',NULL,NULL),
(477,'NEW QUIK N EASY','sukhvirgs@yahoo.com','+1832-372-0364',NULL,'$2y$10$S.H36p1W.3idNgImNWe5nuhFqbakSHKjVDalnJgOcQ2IiKU/wYE2.',NULL,'2025-01-14 09:35:24','2025-01-14 09:35:24',NULL,'B K SINGH ENTERPRISES INC','B K SINGH ENTERPRISES INC','8360 WINDFERN RD','Houston','TX','77040',NULL,'Singh sukhvirgs',NULL,'sukhvirgs@yahoo.com',NULL,'44588','AMTS',6,'Monthly','AMTX','0','1',NULL,NULL),
(478,'SAM MART 6','sammart3@gmail.com','+1713-885-4425',NULL,'$2y$10$9SKokQIQj/q16ySL1dY3re60.FPcTduE5JsrQMQRXL8fhMEjPzD6C',NULL,'2025-01-14 09:38:14','2025-01-14 09:38:14',NULL,'BRIGHT STAR BUSINESS INC','BRIGHT STAR BUSINESS INC','1518 Brittmoore Rd','Houston','TX','77043','713-885-4425','Sohail',NULL,'sammart3@gmail.com',NULL,'38712','AMTS',6,'Monthly','AMTX','0','1',NULL,NULL),
(479,'STOP N IN','d_anish@hotmail.com','+1832-573-3536',NULL,'$2y$10$g7C5hd5v5QL4OubmVWTXvu30Itz6WW7dFYOrD9ED4.N7/YBdBxFdS',NULL,'2025-01-14 09:42:48','2025-01-14 09:42:48',NULL,'R N N A ENTERPRISES INC','R N N A ENTERPRISES INC','1900 Blalock Rd','Houston','TX','77080','832-573-3536','Anish',NULL,'d_anish@hotmail.com',NULL,'55597','AMTS',6,'Monthly','AMTX','0','0',NULL,NULL),
(480,'SAMS MART 4',NULL,'+17138854425',NULL,'$2y$10$ku1fLO8Xxco.gXOYgJ8k6u6RKhTfmpeobGMqRn1ebOgPuKO.n4Pqm',NULL,'2025-01-14 10:12:17','2025-02-25 10:58:08',NULL,'BRIGHT STAR BUSINESS INC','BRIGHT STAR BUSINESS INC','10902 Shadow wood dr','Houston','TX','77043','713-885-4425','Sohail',NULL,'sammart3@gmail.com',NULL,'34037','AMTS',6,'Monthly','AMTX','0','0',NULL,NULL),
(481,'BELTWAY EXPRESS','hetpartners@hotmail.com','+1832-692-4844',NULL,'$2y$10$4whI9mArNfsEQoaaAeInJe9AknTRQA6sTA0bIJ4wxirzK2b82zLhW',NULL,'2025-01-15 09:28:11','2025-01-15 09:28:11',NULL,'Het Partners 1 LLC','Het Partners 1 LLC','2449 E Sam Houston Pkwy S','Pasadena','Texas','77503','832-692-4844','Rahim',NULL,'hetpartners@hotmail.com',NULL,'61706','AMTS',6,'Monthly','AMTX','0','0',NULL,NULL),
(482,'PRIMETIME 2','primetime77505@gmail.com','+1281-991-1644',NULL,'$2y$10$djnTLCUw63kEMKjV9cO5WunifYczqiqP.r9qJvnSlzHLu1kiSgf2a',NULL,'2025-01-15 09:38:43','2025-01-15 09:38:43',NULL,'PRESTON BUSINESS INC','ELDRIDGE INC','5145 Preston Ave','Pasadena','Texas','77505','832-512-2273','Ahsaan',NULL,'primetime77505@gmail.com',NULL,'84717','AMTS',6,'Monthly','AMTX','0','0',NULL,NULL),
(483,'KIRBY PRIMETIME','kirbyprimetime@gmail.com','+1832-276-2934',NULL,'$2y$10$HHsYkVjuxuECaTeUgWIYZ.d3SVAd.MkEJPYM6svO0hiANHAyiAEr2',NULL,'2025-01-15 09:41:19','2025-01-15 09:41:19',NULL,'Kirby Express, Inc','Kirby Express, Inc','12703 Kirby Dr STE B','HOUSTON','Texas','77047','832-276-2934','Alluaddin',NULL,'kirbyprimetime@gmail.com',NULL,'87776','AMTS',6,'Monthly','AMTX','0','0',NULL,NULL),
(484,'BARNEYS COUNTRY STORE','barneyscstore@att.net','+1936-436-0020',NULL,'$2y$10$YciNcpr.r4v9RyZCfkNapesmZIHv6HKX01xKcI5CXJuZUm262P0eu',NULL,'2025-01-15 09:57:52','2025-01-15 09:57:52',NULL,'HUNTSVILLE HOLDING LLC','HUNTSVILLE HOLDING LLC','1746 SH 75 N','Huntsville','Texas','77320','832-788-1712','Zulfikar',NULL,'barneyscstore@att.net',NULL,'36347','AMTS',6,'Monthly','AMTX','0','0',NULL,NULL),
(485,'BAYTOWN CHEVRON','btchevron@gmail.com','281-420-2828',NULL,'$2y$10$nQ.7nUb0evwxOLz.CQAnReSQU0IyDrUDggt6NIEpt857lxfEiRASO',NULL,'2025-01-15 09:59:41','2025-01-15 10:00:49',NULL,'MOONLIGHT STAR INC','MOONLIGHT STAR INC','2911 N. Alexander Dr','Baytown','Texas','77520','409-434-8060','Saleem',NULL,'btchevron@gmail.com',NULL,'76114','AMTS',6,'Monthly','AMTX','0','0',NULL,NULL),
(486,'BELLFORT FOOD MART','Bellfortfoodmart@gmail.com','+1512-775-3873',NULL,'$2y$10$.SeTjHkqNUD.TkH6b2bWEe1S6JTJfOlAzYHc97K0IPP2peKwEMaPO',NULL,'2025-01-15 10:04:53','2025-01-15 10:04:53',NULL,'H&M 786 Business LLC','H&M 786 Business LLC','9708 W Bellfort Ave','Houston','Texas','77031','512-775-3873','Vahab',NULL,'Bellfortfoodmart@gmail.com',NULL,'88714','AMTS',6,'Monthly','AMTX','0','0',NULL,NULL),
(487,'BELLVILLE SHELL FOOD COURT','southeastoil@aol.com','+1346-333-8818',NULL,'$2y$10$B3Qt28ItXHsaZxVYgk0ZFeRegx2UWyXmQUjrXc29GedHyeACfvEga',NULL,'2025-01-15 10:11:39','2025-01-15 10:11:39',NULL,'BELLVILLE SHELL INC','BELLVILLE SHELL INC','800 west main street','Bellville','Texas','77418','713-540-6071','Naznin Sultana',NULL,'nsultana@southeastoil.com',NULL,'70157','AMTS',6,'Monthly','AMTX','0','0',NULL,NULL),
(488,'BELLVILLE SHELL FOOD COURT 2','gasstation109@gmail.com','+1713-540-6071',NULL,'$2y$10$RN.UkYGCsHJPtvw6tQjyiectuvrArJW06RKROTA/gvGCPpwSeRZTK',NULL,'2025-01-15 10:14:37','2025-01-15 10:14:37',NULL,'DNR BUSINESS INC','DNR BUSINESS INC','1216 S Front St','Bellville','Texas','77418','346-333-8818','Naznin Sultana',NULL,'nsultana@southeastoil.com',NULL,'36860','AMTS',6,'Monthly','AMTX','0','0',NULL,NULL),
(489,'BERRY FOOD MART','hinur143@gmail.com','+1682-552-0213',NULL,'$2y$10$ZlaBQ74JPSD1bR0xXAXB2..E9Fho4lLWu3r7Yoeh2E2DOqyCuWvTG',NULL,'2025-01-15 10:28:03','2025-01-15 10:28:03',NULL,'Z & H Capital Inc','Z & H Capital Inc','3300 E. Berry St','Fort Worth','Texas','76105','682-552-0213','Amir',NULL,'hinur143@gmail.com',NULL,'72268','AMTS',6,'Monthly','AMTX','0','0',NULL,NULL),
(490,'BEST MINI MART','harshadgohel1960@gmail.com','+1713-392-4937',NULL,'$2y$10$3FAS0brRvLehS8hWQhkZremVOhE92ngUCt8Th79USWTxtFAKErg7a',NULL,'2025-01-15 10:54:47','2025-01-15 10:54:47',NULL,'Radhika Enterprise, Inc','Radhika Enterprise, Inc','20203 Katy Fwy','Katy','Texas','77450','832-228-1271','Harry',NULL,'harshadgohel1960@gmail.com',NULL,'39757','AMTS',6,'Monthly','AMTX','0','0',NULL,NULL),
(491,'Fast N Fuel','fastnfuel@gmail.com',NULL,NULL,'$2y$10$hDQHtTtrTzViZ6l8qD9TEOFwFeowvpv6molQC4p/2FRgRjBhXauyG',NULL,'2025-01-15 12:59:22','2025-03-03 09:21:01',NULL,'Aria Maknojia LLC','Aria Maknojia LLC','4420 University Blvd','Round Rock','Texas','78665','512-995-9198','Abid Prasla',NULL,'Abidprasala18@gmail.com',NULL,'92669','Petro-Tank Solutions',6,'Monthly','AMTX','0','0',NULL,NULL),
(492,'Fast N Fuel 2','fastnfuel2@gmail.com',NULL,NULL,'$2y$10$ufaOevXHP.2oqsqFciwGI.iaaGi7/dNsz6M4qh92UhWdXy9FO1VpG',NULL,'2025-01-15 13:01:52','2025-01-15 13:01:52',NULL,'Micro 290 LLC','Ashaz Jiva LLC','2509 S Bell Blvd','Cedar Park','Texas','78613','832-493-3461','Abid',NULL,'munasifmaredia@gmail.com',NULL,'39567','Petro-Tank Solutions',6,'Monthly','AMTX','0','0',NULL,NULL),
(493,'First Market','firstmarket7814@gmail.com',NULL,NULL,'$2y$10$TyClPSrtVOT.7OSgS1u4geNr3k8l73YW6KMfWWifBKYUEosahv3wO',NULL,'2025-01-15 13:04:13','2025-01-15 13:04:13',NULL,'RISING JAD RE INC','RISING JAD INC','7814 S 1st St','Austin','TX','78745','512-971-7408','Ali',NULL,NULL,NULL,'7145','Petro-Tank Solutions',6,'Monthly','AMTX','0','0',NULL,NULL),
(494,'First Stop',NULL,NULL,NULL,'$2y$10$UT3oDDJUE.t09qo/V8HW5uBPVr0.45WUm0wm2/Z7zoQTZdYkx2KyO',NULL,'2025-01-15 13:06:07','2025-01-15 13:06:07',NULL,'Aliam Enterprises LLC','Aliam Enterprises LLC','2553 E Houston St','San Antonio','Texas','78202','210-559-0387','Ahmed',NULL,'ahmed_lok@yahoo.com',NULL,'39463','Petro-Tank Solutions',6,'Monthly','AMTX','0','0',NULL,NULL),
(495,'Fizola Market','fizolamarket@yahoo.com','+1512-986-7178',NULL,'$2y$10$NZt6mJGco1jHxmmzSHo4kOwXuvtqMN865bsbIjM6778ULpi1ZsxzK',NULL,'2025-01-15 13:08:15','2025-01-15 13:08:15',NULL,'786 BUSINESS INC','786 BUSINESS INC','700 N Vista Ridge Blvd','Cedar park','Texas','78613','512-698-7280','Mehdi Umatiya',NULL,NULL,NULL,'87529','Petro-Tank Solutions',6,'Monthly','AMTX','0','0',NULL,NULL),
(496,'Food Basket 4','Foodbasketfour@gmail.com',NULL,NULL,'$2y$10$OXm.dcB2fvPLczBUtz0eL.D0DvgdH0Qh/EhD2ez6Th6h5f/p7doRO',NULL,'2025-01-15 13:11:14','2025-01-15 13:11:14',NULL,'SUNOCO RETAIL LLC','Austin Boon Enterprises #4, Inc.','4148 FM 725','New Braunfels','Texas','78130','281-975-9206','Murtaza Ali',NULL,NULL,NULL,'71451','Petro-Tank Solutions',6,'Monthly','AMTX','0','0',NULL,NULL),
(497,'Food Basket 6','foodbasket6@yahoo.com',NULL,NULL,'$2y$10$QerF2MvNggnOa6xCBoFjteviHGn6Okyxaxmgr.ol5xBkG3nOLauCq',NULL,'2025-01-15 13:13:53','2025-01-15 13:13:53',NULL,'SPRINGWOODS RETAIL LLC','RIAZ & NASH ENTERPRISE INC','13201 Pond Springs Rd','Austin','Texas','78729','512-825-2169','Mubarak Bhandhari',NULL,'mkumatiya@yahoo.com',NULL,'36107','Petro-Tank Solutions',6,'Monthly','AMTX','0','0',NULL,NULL),
(498,'Food Bucket 1','foodbucket1@yahoo.com','+1832-359-0534',NULL,'$2y$10$gq/BPlWXv0lfE09JqMztxOCvCSrBwf/.jsmeH/LES4pMhieZFyAqi',NULL,'2025-01-15 13:16:59','2025-01-15 13:16:59',NULL,'Blaze Re Holdings, LLC','Brenham Retail LLC','2145 Highway 290 W','Brenham','Texas','77833','512-203-4514','Aaijaj Badarpura',NULL,'aaijajb@gmail.com',NULL,'74209','Petro-Tank Solutions',6,'Monthly','AMTX','0','0',NULL,NULL),
(499,'Food Bucket 2','foodbucket2@yahoo.com','+1832-359-0534',NULL,'$2y$10$6/uKCw5KqZDoc5q0JIkUwORULMrqBmiehBME/JbLCKGuBJRKO7QXm',NULL,'2025-01-15 13:19:20','2025-01-15 13:19:20',NULL,'Blaze Re Holdings, LLC','Brenham Retail LLC','2150 Highway 290 W','Brenham','Texas','77833','512-203-4514','Aaijaj Badarpura',NULL,'aaijajb@gmail.com',NULL,'15919','Petro-Tank Solutions',6,'Monthly','AMTX','0','0',NULL,NULL),
(500,'Food Bucket','foodbucket2020@gmail.com','+1512-923-2878',NULL,'$2y$10$4lI6eGrrdBmKrcKeiZ9FmuKttFNJ2vk.CL1NbIk6EK72DvN1OijoG',NULL,'2025-01-15 13:22:07','2025-03-03 09:43:41',NULL,'Tierra Maya Inc','Jrar Business Inc','2400 Burleson Rd','Austin','Texas','78741','512-850-1678','Riyaz',NULL,'Riyaz_manesiya@yahoo.com',NULL,'18891','Petro-Tank Solutions',6,'Monthly','AMTX','0','0',NULL,NULL),
(501,'Food Bucket 2 (Super Mart)','2foodbucket@gmail.com','+1(512)285-3675',NULL,'$2y$10$0CG1SAsjlzqhvy.xLIXV0e3d78PlbGxLuhQLKc3vEddYYi8CCPage',NULL,'2025-01-15 13:25:42','2025-03-03 09:43:14',NULL,'Spr Business LLC','Spr Business LLC','15501 Highway 290 E','Elgin','Texas','78621','512-850-1678','Riyaz Bhai',NULL,'Riyaz_manesiya@yahoo.com',NULL,'843','Petro-Tank Solutions',6,'Monthly','AMTX','0','0',NULL,NULL),
(502,'Highway 31 Shop & Stop (Food Hub)','foodhub1738@gmail.com',NULL,NULL,'$2y$10$G1QncwOEKDgiT3BrgSnEkezHwva72hfLY1LzuH9laVarGz0FXof1W',NULL,'2025-01-15 13:36:27','2025-01-15 13:36:27',NULL,'HWY 31 INVESTMENT GROUP LLC','HWY 31 INVESTMENT GROUP LLC','1738 State Highway 31','Mount Calm','Texas','76673','512-501-0846','Naushad Momin',NULL,NULL,NULL,'86192','Petro-Tank Solutions',6,'Monthly','AMTX','0','0',NULL,NULL),
(503,'Food N More 2','foodnmore2@yahoo.com','+1512-335-1655',NULL,'$2y$10$GkPMlg1flSRCCbT5LgirbeeUVJOJYV.sgxYSQ2OcW7cF3YMZFr4IS',NULL,'2025-01-15 13:38:20','2025-01-15 13:38:20',NULL,'Highness Aga Diamond Jubilee, LLC','Jk & Ss Rr 620 Group, LLC','10505 N Ranch Road 620','Austin','Texas','78726','512-809-6898','Mehndi',NULL,NULL,NULL,'74102','Petro-Tank Solutions',6,'Monthly','AMTX','0','0',NULL,NULL),
(504,'Food Xpress','foodxpresskilleen@gmail.com','+1210-739-9937',NULL,'$2y$10$vgYbnojjWBHD4jtpE8YDnOVdGwAMlDu6BW0QkTyHSY8i175V01KNS',NULL,'2025-01-15 13:40:31','2025-01-15 13:40:31',NULL,'Killeen Retail Investment Inc','Killeen Retail Investment Inc','1109 S Fort Hood St','Killeen','Texas','76542','281-917-0101','Ramiz Prasla',NULL,NULL,NULL,'36972','Petro-Tank Solutions',6,'Monthly','AMTX','0','0',NULL,NULL),
(505,'Foodies Corner 5','parknsak@gmail.com','+1512-299-8495',NULL,'$2y$10$kK5XhS0krgZThAW1fcRQNu8wi1NvPoPIRXxd0kSqwumH6M9YbF0Ma',NULL,'2025-01-15 13:42:30','2025-01-15 13:42:30',NULL,'WHITESTONE BUSINESS, INC.','WHITESTONE BUSINESS, INC.','1405 W Whitestone Blvd','Cedar Park','Texas','78613','512-299-8495','Karim',NULL,'zkarim786@yahoo.com',NULL,'55347','Petro-Tank Solutions',6,'Monthly','AMTX','0','0',NULL,NULL),
(506,'Friends Food Mart',NULL,'+1210-431-4889',NULL,'$2y$10$.OCDtafdh8DNaBOofX7GH.X4JhY9cKb/KDur8kTiXtu9LmygV2CYu',NULL,'2025-01-15 13:44:30','2025-01-15 13:44:30',NULL,'GOLD FOOD, INC.','GOLD FOOD, INC.','351 Historic Old Hwy 90','San Antonio','Texas','78237','210-589-2152','Zulfikar',NULL,'zul110@yahoo.com',NULL,'7110','Petro-Tank Solutions',6,'Monthly','AMTX','0','0',NULL,NULL),
(507,'FuelPort 2','fuelport2@gmail.com','+1832-715-8360',NULL,'$2y$10$UTSMB17RFBvvNluJg1vtXutVD4CCM5pGiXQvCRQk7UvZIywqHFRmu',NULL,'2025-01-15 13:47:15','2025-03-03 09:38:41',NULL,'Potranco Business LLC','Potranco Business LLC','10102 Potranco Rd','San Antonio','Texas','78251','210-388-3092','Ali',NULL,'Alih26513@gmail.com',NULL,'77685','Petro-Tank Solutions',6,'Monthly','AMTX','0','0',NULL,NULL),
(508,'CANAL FOOD STOP','seashore7655@yahoo.com','832-618-2927',NULL,'$2y$10$Tq10RjViChjNyCqNWdqtFOtJTxC7yNtK5PhMRpo9nEyngrnOKrDhu',NULL,'2025-01-15 13:51:37','2025-01-15 13:55:19',NULL,'RANS JOINT LLC','RANS JOINT LLC','3326 Canal St Ste A','Houston','TX','77003','713-222-0973','Ali',NULL,'sudip.pandey2050@gmail.com',NULL,'77533','AMTS',6,'Monthly','AMTX','0','0',NULL,NULL),
(509,'CHECK FUEL','zulali5911@yahoo.com','+1281-489-0709',NULL,'$2y$10$3ml2nhYunGRuR.xOHpZEFeJde0t9QskQeLmhPlQHAOj3UwQqo9rda',NULL,'2025-01-15 13:57:27','2025-01-15 13:57:27',NULL,'Hasora Enterprise, Inc','Hasora Enterprise, Inc','19310 Highway 6','Manvel','TX','77578','832-561-6737','Anis',NULL,'anis6737@gmail.com',NULL,'32255','AMTS',6,'Monthly','AMTX','0','0',NULL,NULL),
(510,'CHECK FUEL 2','checkfuel411@gmail.com',NULL,NULL,'$2y$10$YWNuOZk7gtDMGwCMSNWuguTpzR9qx.9mA1nU.DFj00HGL9RQZxodG',NULL,'2025-01-15 13:59:31','2025-01-15 13:59:31',NULL,'New Canino Markets Inc','New Canino Markets Inc','411 W Canino Rd','Houston','TX','77037','281-793-2159','Sadik Mak',NULL,'express4302@gmail.com',NULL,'92938','AMTS',6,'Monthly','AMTX','0','0',NULL,NULL),
(511,'CHECK POINT 107','STEPNGO53RD@GMAIL.COM',NULL,NULL,'$2y$10$v7cG7oDFzzD2AcrT7VBIVeCJpg/YslVzHfTIq1QwXQQgTirWTrcX2',NULL,'2025-01-15 14:01:33','2025-01-15 14:01:33',NULL,'Noroz Enterprises, Inc','Noroz Enterprises, Inc','2427 53RD ST','Galveston','TX','77551','281-948-2722','Zulfikar',NULL,NULL,NULL,'35242','AMTS',6,'Monthly','AMTX','0','0',NULL,NULL),
(512,'D J FOOD STORE','djfoodstore@yahoo.com','832-202-4243',NULL,'$2y$10$jWCMhFjhm6.EzIHtxZyyoOOM2OZPeEXRod7RjsdtY7L59sSb3LPf.',NULL,'2025-01-15 14:03:27','2025-01-15 15:20:59',NULL,'Nepal Enterprises, LLC.','Nepal Enterprises, LLC.','13203 Veterans Memorial','Houston','TX','77014','218-444-5820','Ali',NULL,'nasirissa@yahoo.com',NULL,'49707','AMTS',6,'Monthly','AMTX','0','0',NULL,NULL),
(513,'CHECKPOINT 26','admin@avbusinessinc.com','+1832-373-0515',NULL,'$2y$10$K/FlP5oHNXc0ZOS9gNubQ.fGrIEZoWTWRMzN9.H0yPUhs.bEImYZW',NULL,'2025-01-15 14:06:14','2025-01-15 14:06:14',NULL,'1202 Redbluff C-Store LLC','1202 Redbluff C-Store LLC','1202 Red Bluff Rd','Pasadena','TX','77506','832-692-6184','Abdul Aziz Virani',NULL,NULL,NULL,'33112','AMTS',6,'Monthly','AMTX','0','0',NULL,NULL),
(514,'CHECKPOINT FOOD MART','petroonellc@gmail.com','+1832-532-7214',NULL,'$2y$10$BCW/kDgsPyxb80RlDmrCFe8sSl9nAPipBexKQBG7r2zF72fQgEITO',NULL,'2025-01-15 14:08:34','2025-01-15 14:08:34',NULL,'Plaza Diamond Jubilee LLC','Petro One LLC','13820 Fm 1464 Rd','Richmond','TX','77407','281-773-3488','Badru',NULL,NULL,NULL,'91366','AMTS',6,'Monthly','AMTX','0','0',NULL,NULL),
(515,'CHEVRON 6','fm359359@gmail.com','+1832-359-5851',NULL,'$2y$10$QTQ038SpEagV4/mg.07TsOD.lmSGWEr6ORKR7QyEu4wEe3393uclq',NULL,'2025-01-15 14:10:56','2025-01-15 14:10:56',NULL,'A.A.G. Texas, Inc','F M 359 Brookshire Realty LLC','1603 Highway 6 S','Houston','TX','77077','713-933-5337','Fazal',NULL,'288express@gmail.com',NULL,'29298','AMTS',6,'Monthly','AMTX','0','0',NULL,NULL),
(516,'CHEVRON FOOD MART','chevron290cypress@yahoo.com',NULL,NULL,'$2y$10$iel0vwnSpBGH/SY/wsN/W.9q2PUH4yJQpkNr7R1vaFtq8JCb4NH6W',NULL,'2025-01-15 14:13:19','2025-01-15 14:13:19',NULL,'SAYLI ENTERPRISES, L.L.C.','INSA ENTERPRISES, L.L.C.','16714 Huffmeister Rd','Cypress','TX','77429','832-455-0861','Imran',NULL,NULL,NULL,'85687','AMTS',6,'Monthly','AMTX','0','0',NULL,NULL),
(517,'CHEVRON MINI MART 5','ashialwis@gmail.com','+1281-890-0181',NULL,'$2y$10$lNa3mxRCN4hCmdsWEsMLNOuHFIJmC4pbWTnKyydFmwMZrVnTyHYzO',NULL,'2025-01-15 14:15:47','2025-01-15 14:15:47',NULL,'ASMITA INC','ASMITA INC','11005 Grant Rd','Cypress','TX','77429','832-531-3127','Samir',NULL,'karedia_samir@yahoo.com',NULL,'28539','AMTS',6,'Monthly','AMTX','0','0',NULL,NULL),
(518,'CIRCLE A',NULL,NULL,NULL,'$2y$10$OvCE6jiCI6Wl.56gMe/MSubYDzxt5rFAQmjo.whSyj9MVBdFvzVgu',NULL,'2025-01-15 14:18:31','2025-01-15 14:18:31',NULL,'Z & H Business Venture, Inc','Z & H Business Venture, Inc','1701 S Belt Line Rd','Grand Prairie','TX','75051','682-552-0213','Amir',NULL,'hinur143@gmail.com',NULL,'38758','AMTS',6,'Monthly','AMTX','0','0',NULL,NULL),
(519,'CIRCLE S GROCERY','circlesgrocery@gmail.com','+1281-356-6130',NULL,'$2y$10$OiZvBqad/iVS4UaI/2lmHO.AdZpIJ1RNbVEUkIXbXWtIfWEsPGHC2',NULL,'2025-01-15 14:21:11','2025-01-15 14:21:11',NULL,'TR BUSINESS, LLC','TR BUSINESS, LLC','29910 Dobbin Hufsmith Rd','Magnolia','TX','77354','832-366-7099','Samir',NULL,NULL,NULL,'3224','AMTS',6,'Monthly','AMTX','0','0',NULL,NULL),
(520,'CITGO FOOD MART','Citgo6000@yahoo.com','+1713-732-0040',NULL,'$2y$10$PtcFzuZkDZ4MdYd2lppDD.rLHX8dG6Zz67L/rQKrCB5w03HbWGXxa',NULL,'2025-01-15 14:23:08','2025-01-15 14:23:08',NULL,'J & Z C-STORE INC','J & Z C-STORE INC','6000 Antoine Dr','Houston','TX','77091','832-641-1086','Naushad',NULL,NULL,NULL,'17924','AMTS',6,'Monthly','AMTX','0','0',NULL,NULL),
(521,'CITGO GAS GROCERY','Citgo12300@gmail.com',NULL,NULL,'$2y$10$cVjbbvUllu55Zm71I737w.05IZA53Ksuc4M2ldqzjPlyJfh8UzB9e',NULL,'2025-01-15 14:24:58','2025-01-15 14:24:58',NULL,'Silver Crescent Investments, Inc','Silver Crescent Investments, Inc','12300 Bissonnet St','Houston','TX','77099','832-643-7869','Zulfikar',NULL,NULL,NULL,'56410','AMTS',6,'Monthly','AMTX','0','0',NULL,NULL),
(522,'CITY FRESH','cityfreshfoodmart101@gmail.com','+1979-201-0514',NULL,'$2y$10$9LgUQIfvDLPq1HAku9bP8.mQfqCvUKTFLTBHie0I9rCeQaOTq5pJO',NULL,'2025-01-15 14:26:57','2025-01-15 14:26:57',NULL,'Clute Enterprises LLC','Clute Enterprises LLC','101 E Main St','Clute','TX','77531','832-270-1710','Sohil',NULL,NULL,NULL,'35279','AMTS',6,'Monthly','AMTX','0','0',NULL,NULL),
(523,'CITY FRESH 2',NULL,'+1832-270-1710',NULL,'$2y$10$VWOl/22LvBiQYr8dyrnWYeSJWmsimdNZvC0OJOCgLqi3lzi2tnIii',NULL,'2025-01-15 14:30:48','2025-01-15 14:30:48',NULL,'1922 West Investment LLC','1922 West Investment LLC','1922 W 4th st','Freeport','TX','77541','979-201-0514','Imtiaz',NULL,'cityfreshfoodmart101@gmail.com',NULL,'35278','AMTS',6,'Monthly','AMTX','0','0',NULL,NULL),
(524,'CITY FUEL EXPRESS',NULL,'+1214-609-8317',NULL,'$2y$10$pw919gV0yy3ZBCbuRj9zIOatBy/K1GMzTQvATRWpfpX8bNfrbsZXG',NULL,'2025-01-15 14:33:15','2025-01-15 14:33:15',NULL,'BROADWAY FORTUNE INC','BROADWAY FORTUNE INC','7205 S Broadway Ave','Tyler','TX','75703','469-438-9585','Pranish',NULL,'pranishpoudel90@gmail.com',NULL,'87029','AMTS',6,'Monthly','AMTX','0','0',NULL,NULL),
(525,'CJS ONE STOP','cjs1stop@yahoo.com',NULL,NULL,'$2y$10$cw2rb.8gStIyCpFbtX6p1ecL0lNB4C6Gb4Q0SBqKpSSNsmTSw6tYG',NULL,'2025-01-15 14:34:49','2025-01-15 14:34:49',NULL,'Conroe C-Store, Inc','Conroe C-Store, Inc','16915 FM 1314 Rd','Conroe','TX','77302','832-610-9359',NULL,NULL,NULL,NULL,'30597','AMTS',6,'Monthly','AMTX','0','0',NULL,NULL),
(526,'CLUTE FOOD MART','clutefoodmart101@gmail.com','+1409-434-8060',NULL,'$2y$10$0xqWhoe8NjoLkBL7p./zU.z5dFVuKf3gRs8Gz9578eGNdY5hdEyb.',NULL,'2025-01-15 14:37:48','2025-01-15 14:37:48',NULL,'Rw Retail Business LLC','Rw Retail Business LLC','101 Brazosport Blvd S','Clute','TX','77531','281-777-1278','Rafik',NULL,NULL,NULL,'35267','AMTS',6,'Monthly','AMTX','0','0',NULL,NULL),
(527,'COJUMATLAN INTERNATIONAL','valero.cic@gmail.com','+1832-813-0047',NULL,'$2y$10$l0V8s/az/kCWOXsHeV0fJugwAWEXfGVjinVYZM59Ae.6FLPUHXszu',NULL,'2025-01-15 14:39:54','2025-01-15 14:39:54',NULL,'COJUMATLAN INTERNATIONAL CORPORATION','COJUMATLAN INTERNATIONAL CORPORATION','1511 Rayford Rd','Spring','TX','77386','713-517-2046','Jorge',NULL,'lic.jorgemorales@gmail.com',NULL,'79724','AMTS',6,'Monthly','AMTX','0','0',NULL,NULL),
(528,'COLLEGE FOOD STORE','1CFS2370@GMAIL.COM','+1832-264-0217',NULL,'$2y$10$jaHdoh4vKUQ2Osl7Q.XJY.DiIRXJjlf2GuYxc22Q8yS0vN.ih4mBG',NULL,'2025-01-15 14:44:34','2025-01-15 14:44:34',NULL,'ZOEY THORNE INCORPORATED','ZOEY THORNE INCORPORATED','2370 WW Thorne Blvd','Houston','TX','77073','832-264-0217','Firdous Ali',NULL,NULL,NULL,'86666','AMTS',6,'Monthly','AMTX','0','0',NULL,NULL),
(529,'CONOCO GAS STATION','FuelRecords@btcmstores.com',NULL,NULL,'$2y$10$Ths/hH4agqQLq3bh4/d13.dvHq2s7fGlv6jpXU0dKadToSMK8q7va',NULL,'2025-01-15 14:48:36','2025-01-15 14:48:36',NULL,'Mykawa Business, L.L.C.','Mykawa Business, L.L.C.','5822 FM 1960 Rd W','Houston','Tx','77069',NULL,'Yasir',NULL,'YMohammed@btcmstores.com',NULL,'33066','AMTS',6,'Monthly','AMTX','0','0',NULL,NULL),
(530,'CONOCO TRAVEL PLAZA','conoco14@gmail.com','+1281-576-2275',NULL,'$2y$10$YFFvUK3H/OIq6zRc8/1aReMEnIioRBY3tsD8tz.7BuHdFnH5FyIpi',NULL,'2025-01-15 14:50:44','2025-01-15 14:50:44',NULL,'Rambo Enterprise, L.L.C','Rambo Enterprise, L.L.C','10403 Interstate 10 E','Mont Belvieu','TX','77520','713-530-0786','Mohmmad',NULL,NULL,NULL,'932','AMTS',6,'Monthly','AMTX','0','0',NULL,NULL),
(531,'CORNER GROCERY','cornergrocery@gmail.com','+1281-242-4012',NULL,'$2y$10$9rFKx4T1qQ91r/5l.nS6suBlRcPScNs1mUAIkOR8oxdFiqPUvS5me',NULL,'2025-01-15 14:59:14','2025-04-10 11:12:22',NULL,'Saira Enterprises, Inc','Saira Enterprises, Inc','13406 Greenway Dr,','Sugarland','TX','77498','281-704-3137','Awaiz',NULL,NULL,NULL,'57171','AMTS',6,'Monthly','AMTX','0','1',NULL,NULL),
(532,'CORNER MARKET','YMohammed@btcmstores.com',NULL,NULL,'$2y$10$GYdsPleiGUSEqGyhZy/bLub6KN8mhgX7JAhnKpkxYIVa/o8hG3WXi',NULL,'2025-01-15 15:02:21','2025-01-15 15:02:21',NULL,'Corner Market 87, L.L.C','Corner Market 87, L.L.C','6700 Crowley Rd','Fortworth','TX','76134','309-532-5993','Ravi',NULL,'FuelRecords@btcmstores.com',NULL,'39383','AMTS',6,'Monthly','AMTX','0','0',NULL,NULL),
(533,'CORNER MARKET WALLISVILLE','sakthar@btcmstores.com',NULL,NULL,'$2y$10$rMgAK0R0Js.gpl1.PlZRTuyi7VGwrK3IYISFsG/sf6l1v5htM9zvW',NULL,'2025-01-15 15:04:12','2025-01-15 15:04:12',NULL,'Wallisville Ventures LLC','Wallisville Ventures LLC','14760 Wallisville Rd','Houston','TX','77049','313-614-1914','Yaser',NULL,NULL,NULL,'26154','AMTS',6,'Monthly','AMTX','0','0',NULL,NULL),
(534,'BESTCO FOOD MART','bestcofoodmart1@gmail.com','+1832-665-5151',NULL,'$2y$10$atO0gsnBBzXHF1zeWON/2e/Nbmv4OQyH3f5mo06OeGCOHlLCODXjy',NULL,'2025-01-15 15:06:02','2025-01-15 15:06:02',NULL,'Puri Business Inc','Puri Business Inc','9635 Spring Cypress Rd','Spring','Texas','77379','832-665-5151','Khan Mohammad',NULL,'bestcofoodmart1@gmail.com',NULL,'5447','AMTS',6,'Monthly','AMTX','0','0',NULL,NULL),
(535,'COUNTRY BOY COUNTRY STORE','Hankamerfuelservices@gmail.com','+1409-374-2222',NULL,'$2y$10$Q1iMzdIBGmVYhNuDLYLIiORV3WG0qffRtxYV0YipaZdLIjnhx9xaO',NULL,'2025-01-15 15:06:06','2025-01-15 15:06:06',NULL,'HANKAMER FUEL SERVICES LLC','HANKAMER FUEL SERVICES LLC','25777 IH 10 W','Hankamer','TX','77560','713-884-7433','Noman ali',NULL,NULL,NULL,'75708','AMTS',6,'Monthly','AMTX','0','0',NULL,NULL),
(536,'COVE COUNTRY STORE','covecountry@gmail.com',NULL,NULL,'$2y$10$hMREk6O4dZVL0JZ6fdAyGe/HDeE2RPwTu4y6.WXDSBlE0O7h6NI3C',NULL,'2025-01-15 15:07:47','2025-01-15 15:07:47',NULL,'Coventic Enterprise Inc','Coventic Enterprise Inc','6013 S FM 565 RD','Baytown','TX','77523','281-212-0359','Sam',NULL,NULL,NULL,'49985','AMTS',6,'Monthly','AMTX','0','0',NULL,NULL),
(537,'COVE MARKET','coveexpressfront@outlook.com','+1281-428-6921',NULL,'$2y$10$iVZ0SFDezRwPYs96dBGE9.isPVp4UPe8EGLy6/6QAA6ElsFHUZ1TK',NULL,'2025-01-15 15:09:18','2025-01-15 15:09:18',NULL,'Cove Market LLC','Cove Market LLC','5605 S Fm 565 Rd','Baytown','TX','77523','281-918-0258','Allauddin Momin',NULL,NULL,NULL,'92303','AMTS',6,'Monthly','AMTX','0','0',NULL,NULL),
(538,'BETTER BUDDY 12','sohil4321@yahoo.com','+1832-270-1710',NULL,'$2y$10$Qs9eO9JZyB237zkmOtQgBut/XxcDLA8hRl5Ue5eErN4ksF.a3djt2',NULL,'2025-01-15 15:09:36','2025-01-15 15:09:36',NULL,'LEMUR EXPRESS LLC','LEMUR EXPRESS LLC','14788 Highway 60','Wadsworth','Texas','77483','832-270-1710','Sohil',NULL,'sohil4321@yahoo.com',NULL,'93570','AMTS',6,'Monthly','AMTX','0','0',NULL,NULL),
(539,'BFM FOOD MART','sni5825@gmail.com','+1281-451-1165',NULL,'$2y$10$1st.uQclkZ2ruSjGAfqptuzytFEfT3L/H7sdD11Z/4kNZ/ZlwPVmS',NULL,'2025-01-15 15:11:30','2025-01-15 15:11:30',NULL,'SHREE NEELKANTH, INC.','SHREE NEELKANTH, INC.','5825 Bellaire Blvd','Houston','Texas','77081','281-451-1165','Mukesh',NULL,'sni5825@gmail.com',NULL,'35333','AMTS',6,'Monthly','AMTX','0','0',NULL,NULL),
(540,'CULLEN FOOD MART','CULLEN983@outlook.com','+1281-210-8602',NULL,'$2y$10$5D0Ekynos43fjxOBsVUkb.QJLU2GsgPnPnau.NwUjVBaGG/5u4i3e',NULL,'2025-01-15 15:13:30','2025-01-15 15:13:30',NULL,'Winter Business, Inc','Winter Business, Inc','13306 Cullen Blvd','Houston','TX','77047','407-719-2664','Aziz Meghani',NULL,'cullenchevron22@gmail.com',NULL,'73201','AMTS',6,'Monthly','AMTX','0','0',NULL,NULL),
(541,'BIC C FOOD MART','bigcfoodmart2501@gmail.com','+1832-420-4867',NULL,'$2y$10$zlaDE60iPUIcttDX/H5wLO94W.RlOFkWIW1qEc5f496IDpqE.o4im',NULL,'2025-01-15 15:14:45','2025-01-15 15:14:45',NULL,'BIC C LLC','BIC C LLC','2501 Preston Ave','Pasadena','Texas','77503','832-646-5911','Zulfikar',NULL,'zulali5911@yahoo.com',NULL,'45821','AMTS',6,'Monthly','AMTX','0','0',NULL,NULL),
(542,'CYPRESS PLAZA 3','aazmomin2019@gmail.com',NULL,NULL,'$2y$10$HuaZsn8ZZhRLfXOONHUgtOEyhhgvfh43ctrhzHKSuxfxWMchpHhDK',NULL,'2025-01-15 15:15:13','2025-01-15 15:15:13',NULL,'Aaz Momin Retail LLC','Aaz Momin Retail LLC','1610 W Park Ave','Orange','TX','77630','832-561-0084','Shahid',NULL,NULL,NULL,'20542','AMTS',6,'Monthly','AMTX','0','0',NULL,NULL),
(543,'BIG BEAR EXPRESS','830marina@gmail.com','+1713-992-1616',NULL,'$2y$10$ubbF4yHsfqrydaRgRHDgieFyLsrGxeNgs6AKuSteca0LOxSNK6/n.',NULL,'2025-01-15 15:18:48','2025-01-15 15:18:48',NULL,'NAZU ENTERPRISES, INC','NAZU ENTERPRISES, INC','12155 FM 830 Rd','Willis','Texas','77318','936-701-5167','Mansur',NULL,'saminali16@sbcglobal.net',NULL,'30611','AMTS',6,'Monthly','AMTX','0','0',NULL,NULL),
(544,'BIG DS','bigdsnome@gmail.com','+18323472561',NULL,'$2y$10$HlWgnD/DdwN8stliuyKV0.cRmuSK16t43h2p1RxF5G6Sl6jdm2GeS',NULL,'2025-01-15 15:21:42','2025-01-15 15:21:42',NULL,'LA MAREDIA INVESTMENTS NOME LLC','LA MAREDIA INVESTMENTS NOME LLC','1043 Hwy 90 E','Nome','Texas','77713','8323472561','Imtiyaz',NULL,'bigdsnome@gmail.com',NULL,'78260','AMTS',6,'Monthly','AMTX','0','0',NULL,NULL),
(545,'DEER PARK FOOD MART 101','tigertrac101@yahoo.com','+1832-715-1128',NULL,'$2y$10$B8rtNDkC7IT0hx3YBLD65uvl9Z76IP6ZVYUwQuA1Mw0VJBQdmlg5.',NULL,'2025-01-15 15:23:30','2025-01-15 15:23:30',NULL,'MUNEEF BUSINESS INC','MUNEEF BUSINESS INC','4006 Center St','Deer Park','TX','77536','(832) 776-3642',NULL,NULL,NULL,NULL,'65907','AMTS',6,'Monthly','AMTX','0','0',NULL,NULL),
(546,'BIG MART 12','AAAMANAGEMENTLLC15@GMAIL.COM','+1845-216-2408',NULL,'$2y$10$HVjFVJBy9XCSMIZ7NCUgg.CPTYiMbASPRYEBRuAgFHPwDtk5muOUy',NULL,'2025-01-15 15:24:29','2025-01-15 15:24:29',NULL,'Bm 15502 Fondren, LLC','Bm 15502 Fondren, LLC','15502 Fondren Rd','Missouri City','Texas','77489','832-242-8919','Amin Kabani',NULL,'HEMDANIASIF@GMAIL.COM',NULL,'87528','AMTS',6,'Monthly','AMTX','0','0',NULL,NULL),
(547,'DEL RIO FOOD MART','delrio65@yahoo.com',NULL,NULL,'$2y$10$7fmMRoVm16Bg7nEku5dANecfZr1lZ8gi9cvlR6G6NHTPnwl92Cvt2',NULL,'2025-01-15 15:25:24','2025-01-15 15:25:24',NULL,'Platinum Progressive Group Inc','Platinum Progressive Group Inc','3402 Old Spanish Trl','Houston','TX','77021','832-641-4295','Ali Karim',NULL,NULL,NULL,'66737','AMTS',6,'Monthly','AMTX','0','0',NULL,NULL),
(548,'DELTA FOOD STORE 2','PallfoodInc@gmail.com','+1713-774-4552',NULL,'$2y$10$gKKzMyKI2Q0gaWOAzM3NU.GybeqZTgTMCEkb.VKdTzvUpqHjlgQXe',NULL,'2025-01-15 15:27:32','2025-01-15 15:27:32',NULL,'PALL FOOD INC','PALL FOOD INC','5699 Beechnut St','Houston','TX','77096','832-606-9397','Qasam',NULL,'Qasamali53@gmail.com',NULL,'35396','AMTS',6,'Monthly','AMTX','0','0',NULL,NULL),
(549,'DIXIE FOOD MART',NULL,'+1281-484-2888',NULL,'$2y$10$b2GICJS36hpWtrpLJn.maOYcSvrHV2Be83dSPoiOzIh3rhrXZzomq',NULL,'2025-01-15 15:29:31','2025-01-15 15:29:31',NULL,'HAGG INC','HAGG INC','15309 Gulf Fwy','Houston','TX','77034','713-560-6064','Guloo',NULL,'guloo@aol.com',NULL,'75107','AMTS',6,'Monthly','AMTX','0','0',NULL,NULL),
(550,'BIG TEXAS','8220bigtexas@gmail.com','+1281-918-0651',NULL,'$2y$10$UQqyaon3PwoeJtgtc3ITb.OKbWfN.3321MfVacyoJL7TwEoC9xelO',NULL,'2025-01-15 15:30:51','2025-01-15 15:30:51',NULL,'Harzand LLC','Harzand LLC','8220 FM 3180 RD','Baytown','Texas','77523','832-755-0159','Ali',NULL,'8220bigtexas@gmail.com',NULL,'88958','AMTS',6,'Monthly','AMTX','0','0',NULL,NULL),
(551,'BK MART','amiralinmomin@gmail.com','+1281-861-4204',NULL,'$2y$10$4kkaoNdvlFBJYRP4GmFZXOi0Roy.HVsapr5PJHRX6bz6or0UQmcXC',NULL,'2025-01-15 15:33:28','2025-01-15 15:33:28',NULL,'SAGAR 786 ENTERPRISE INC','SAGAR 786 ENTERPRISE INC','19218 Clay Rd','Katy','Texas','77449','832-228-6766','Amir',NULL,'amiralinmomin@gmail.com',NULL,'84218','AMTS',6,'Monthly','AMTX','0','0',NULL,NULL),
(552,'BLACKHAWK MART','shellblackhawk330@gmail.com','+1281-412-7711',NULL,'$2y$10$/XMMQYpIjqNt/8izO9r9DuJ1Fbkfj/jINUXdlIrAH.nahlNMurHVy',NULL,'2025-01-15 15:36:06','2025-01-15 15:36:06',NULL,'Blackhawk Business, Inc','Blackhawk Business, Inc','10330 Blackhawk Blvd','Houston','Texas','77089','832-866-0706','Luthfali',NULL,'luthfali786@aol.com',NULL,'78121','AMTS',6,'Monthly','AMTX','0','0',NULL,NULL),
(553,'E-Z FOOD STORE','trifoodmart@yahoo.com','+1713-729-7559',NULL,'$2y$10$PJPBy1QIqbyQtguV80TAt.aCbzEYOFA5fdlSPxk0jwNub1cXbfsEi',NULL,'2025-01-15 15:38:36','2025-01-15 15:38:36',NULL,'MERITO BUSINESS INC','MERITO BUSINESS INC','6031 Willowbend Blvd','Houston','TX','77096','832-367-6277','Karim',NULL,'karimnali786@yahoo.com',NULL,'35381','AMTS',6,'Monthly','AMTX','0','0',NULL,NULL),
(554,'E-Z GAS & FOOD STORE','easygasangleton@gmail.com','+1979-849-0148',NULL,'$2y$10$Dfbcn47drc55qX6tp/FcmOR/vxkTAY/tFkcEmHhRG9YUIsKsmGjL2',NULL,'2025-01-15 15:41:28','2025-01-15 15:41:28',NULL,'SAIKA INCORPORATED','SAIKA INCORPORATED','2113 S velasco St','Angleton','TX','77515','832-466-8783','Sadik',NULL,'ray7902@aol.com',NULL,'66604','AMTS',6,'Monthly','AMTX','0','0',NULL,NULL),
(555,'EAGLE MART 1',NULL,'+1281-238-0102',NULL,'$2y$10$YdO9K9ycIeVhtkCNpkfA4uXjaZaIShF.kXvColrFpyHPF/CUG0vxi',NULL,'2025-01-15 15:43:38','2025-01-15 15:43:38',NULL,'AVENUE H ENTERPRISES INC','AVENUE H ENTERPRISES INC','3201 Avenue H','Rosenberg','TX','77471','713-397-6342','Nooruddin Ali',NULL,'nooruddinali786@yahoo.com',NULL,'663','AMTS',6,'Monthly','AMTX','0','0',NULL,NULL),
(556,'EAGLE MART 41',NULL,NULL,NULL,'$2y$10$bgJZrwQBUmPYcilMqyaaxeMQfYBTp8AdGGKWZWm29pV4GCKqBWwHu',NULL,'2025-01-15 15:45:18','2025-01-15 15:45:18',NULL,'Ohk Global Inc','Ohk Global Inc','6421 Bingle Rd','Houston','TX','77092','832 988 8303','Ubaid',NULL,'ubaid_921@hotmail.com',NULL,'91177','AMTS',6,'Monthly','AMTX','0','0',NULL,NULL),
(557,'ELAN 3','elan.wallistexas@gmail.com','+1979-478-6241',NULL,'$2y$10$ckCyYZKv3kCLjkNmqVMeT.Hb5mHHmzdagTfLkKx6Z4hgTIXRBp68O',NULL,'2025-01-15 15:46:44','2025-01-15 15:46:44',NULL,'EXCEL RETAIL INC','EXCEL RETAIL INC','6607 Commerce St','Wallis','TX','77485','310-977-7412','Akbar',NULL,NULL,NULL,'48206','AMTS',6,'Monthly','AMTX','0','0',NULL,NULL),
(558,'ELDRIDGE FOOD MART',NULL,'+1281-240-2517',NULL,'$2y$10$BvSAAn4CPEyUPtp427k0XOqLnu56V5HK6IkZTCs0HiOPImHH88OLK',NULL,'2025-01-15 15:48:58','2025-01-15 15:48:58',NULL,'PECAN ELDRIDGE INC','PECAN ELDRIDGE INC','1050 Eldridge Rd','Sugar Land','TX','77478','832-212-2890',NULL,NULL,'pervezmomin@msn.com',NULL,'45581','AMTS',6,'Monthly','AMTX','0','0',NULL,NULL),
(559,'ELLA QUICK MART',NULL,'+1281-931-7383',NULL,'$2y$10$ucVs09U3/CDe6W6YFLFuj.LATY2V8httF8JGbl6d59fSKko9li0yO',NULL,'2025-01-15 15:50:53','2025-01-15 15:50:53',NULL,'ZENU & NILU ENTERPRISE INC','ZENU & NILU ENTERPRISE INC','1811 W Mount Houston Rd','Houston','TX','77038','832-350-6687','Jagat',NULL,'jagath.desilvaud@gmail.com',NULL,'66023','AMTS',6,'Monthly','AMTX','0','0',NULL,NULL),
(560,'EVERYDAY','rsn3301@yahoo.com','+1713-290-1150',NULL,'$2y$10$BgvxGkUzEzH/bkxamfhMfOTPeuUKoI9m5kh4ioNE6bXhljedVhSkm',NULL,'2025-01-15 15:52:45','2025-01-15 15:52:45',NULL,'RSN ENTERPRISES INC','RSN ENTERPRISES INC','3301 Pinemont Dr','Houston','TX','77018','832-641-7142','Ike',NULL,NULL,NULL,'75602','AMTS',6,'Monthly','AMTX','0','0',NULL,NULL),
(561,'EVERYDAY PLUS MARKET','everydayplusmarket@gmail.com','+1210-723-3634',NULL,'$2y$10$p6TF1jqtCDmibtLSH9JGZug8AtMegfODWDd5PJwr1Al032B3qlXam',NULL,'2025-01-15 15:56:20','2025-01-15 15:56:20',NULL,'Tc Jester Business LLC.','Tc Jester Business LLC.','11616 T C JESTER BLVD STE 300','Houston','TX','77067','713-923-0161','Asim',NULL,'amanasiagts@gmail.com',NULL,'90446','AMTS',6,'Monthly','AMTX','0','0',NULL,NULL),
(562,'EXPRESS 146','Express146chevron@gmail.com',NULL,NULL,'$2y$10$8JQjyFFij/HvX8ax2UM12OGgs6cCJmwldtnUlSsveFAp8zi2ybcsi',NULL,'2025-01-15 15:57:52','2025-01-15 15:57:52',NULL,'S N Store Inc','S N Store Inc','4801 Highway 146','Bacliff','TX','77518','832 715 1128','Sadiq Ali Momin',NULL,NULL,NULL,'74344','AMTS',6,'Monthly','AMTX','0','0',NULL,NULL),
(563,'EXPRESS MART','expressmart10@gmail.com','+1281-313-0164',NULL,'$2y$10$fSmB3B5LYMgGzOD9AL.sv.xHqc2.J7UOwNOrrxKM5IpY7OXLnPcKC',NULL,'2025-01-15 15:59:37','2025-01-15 15:59:37',NULL,'1464 STORE, LLC','1464 STORE, LLC','12521 FM 1464 RD','Sugarland','TX','77498','832-350-4132','Nizar',NULL,NULL,NULL,'90417','AMTS',6,'Monthly','AMTX','0','0',NULL,NULL),
(564,'EXPRESS MART 6','express6w@gmail.com','+1281-272-6906',NULL,'$2y$10$aJsGMmAAIql28HUDiURIsuCAC93r6RKUO0AqzPCSj8nDCldb7Axda',NULL,'2025-01-15 16:01:30','2025-01-15 16:01:30',NULL,'SUMMER LAKE STORE, LLC','SUMMER LAKE STORE, LLC','14609 W Lake Houston Pkwy','Houston','TX','77044','281-850-6599','Noordin',NULL,NULL,NULL,'89373','AMTS',6,'Monthly','AMTX','0','0',NULL,NULL),
(565,'EXPRESS STOP 2',NULL,'+1936-347-2042',NULL,'$2y$10$k4x64PR.AZb/V9zYDoc/iu8vvFTSRN0qmSvgRBSLnGsl..g1WezwG',NULL,'2025-01-15 16:03:00','2025-01-15 16:03:00',NULL,'BRAZOS COUNTY RK GLOBAL LLC','BRAZOS COUNTY RK GLOBAL LLC','498 N George Bowers Dr','Tenaha','TX','75974','352-442-7761','Fardeen',NULL,'noorani.sameer21@gmail.com',NULL,'49734','AMTS',6,'Monthly','AMTX','0','0',NULL,NULL),
(566,'EXPRESS TRUCK STOP','ets13438@gmail.com','+1281-458-0503',NULL,'$2y$10$oQlnDIaEbQhnhUGchfSsjuXXWshypgm.XftHlL7nF54Vtvp89e8UK',NULL,'2025-01-15 16:04:59','2025-01-15 16:04:59',NULL,'COUSIN BROTHERS CORPORATION','COUSIN BROTHERS CORPORATION','13438 Beaumont Hwy','Houston','TX','77049','832-466-2769','Mehndi Maknojia',NULL,'aios3606@gmail.com',NULL,'41588','AMTS',6,'Monthly','AMTX','0','0',NULL,NULL),
(567,'Power Food Mart','powerfoodmart@yahoo.com',NULL,NULL,'$2y$10$t5DRcmrs2yAnhAmHY73FDewBsKLcnq0G.HLKifmxB1N3lAoL83pqC',NULL,'2025-01-16 13:54:52','2025-01-16 13:54:52',NULL,'Power Food Mart, Inc.','Power Food Mart, Inc.','600 N Main St','Taylor','TX','76574','512-206-6458','Imran',NULL,NULL,NULL,'45183','Petro-Tank Solutions',6,'Monthly','AMTX','0','0',NULL,NULL),
(568,'Star Maxx','Starmaxx9250@gmail.com','+18326556525',NULL,'$2y$10$Dvfs8/B/lojeB/.Khr51S.Do8ryJvT3PNE4C6rMwpcOqFFapKYfqS',NULL,'2025-01-16 14:08:06','2025-02-25 13:49:33',NULL,'Star Maxx Mykawa Business LLC','Star Maxx Mykawa Business LLC','9250 Mykawa Rd','Houston','Tx','77048','832-655-6525','Shamsher',NULL,'Starmaxx9250@gmail.com',NULL,'93604','AMTS',6,'Monthly','AMTX','0','0',NULL,NULL),
(569,'Garfield Market','garfieldmarket71@yahoo.com','+1512-584-1866',NULL,'$2y$10$na2.xkm0tGf6emnk.5XCO.2pN3v6CIuhl8qxZIEsHnWCLpMciKPxO',NULL,'2025-01-16 14:11:35','2025-01-16 14:11:35',NULL,'HUMBLE GROUP INVESTMENT, INC.','HUMBLE GROUP INVESTMENT, INC.','5300 Highway 71 E','Del Valle','TX','78617','512-584-1731','Zulfiqar',NULL,NULL,NULL,'25015','Petro-Tank Solutions',6,'Monthly','AMTX','0','0',NULL,NULL),
(570,'Garlic Creek Country Market','kssn0822@sbcglobal.net',NULL,NULL,'$2y$10$LTmcOkdtB13yREb2Zxm45e7VRm14tTDtYO5f2RcXQXPeItM1kiqF2',NULL,'2025-01-16 14:13:56','2025-01-16 14:13:56',NULL,'KKAR INVESTMENT LLC','KKAR INVESTMENT LLC','970 FM 967','Buda','TX','78610','512-351-0251','Karim',NULL,'kmaredia01@gmail.com',NULL,'86268','Petro-Tank Solutions',6,'Monthly','AMTX','0','0',NULL,NULL),
(571,'Grand Stop Food Mart','grandstopfoodmart@gmail.com','+1512-990-9260',NULL,'$2y$10$UAqAy9NxH5ZCuzSu9k0voOqMyHRQiOiJEwDCc2WJU.BpJ1UCTYVIe',NULL,'2025-01-16 14:15:45','2025-01-16 14:15:45',NULL,'INAAYA ALICIA RETAIL INC','INAAYA ALICIA RETAIL INC','1401 Grand Avenue Pkwy','Pflugerville','TX','78660','(832) 455-2038','Riyaz',NULL,NULL,NULL,'24542','Petro-Tank Solutions',6,'Monthly','AMTX','0','0',NULL,NULL),
(572,'Great Oaks Xpress','gox786@gmail.com','+1512-388-1450',NULL,'$2y$10$7VjTnR6wkXH3JU2n8b/R.OHC1JY.8UT1ZViwFSp1tlNQ49kP5AiF.',NULL,'2025-01-16 14:17:41','2025-01-16 14:17:41',NULL,'Great Oaks Xpress, Inc','Great Oaks Xpress, Inc','17303 Great Oaks Dr','Round Rock','TX','78681','512-521-2723','Asif',NULL,'ahprasla@gmail.com',NULL,'64992','Petro-Tank Solutions',6,'Monthly','AMTX','0','0',NULL,NULL),
(573,'BOLTON FOOD MART',NULL,'+1Pranish',NULL,'$2y$10$mjRhJ5M5g13qpvh.jTakguNEFtM6adTJmuYWviOjnPp39kLJd7/Au',NULL,'2025-01-16 14:18:01','2025-01-16 14:18:01',NULL,'Evergreen Properties Investment LLC','Evergreen Properties Investment LLC','755 N Bolton St','Jacksonville','TX','75766','214-609-8317','Raju',NULL,'coolmeraju.rb@gmail.com',NULL,'74604','AMTS',6,'Monthly','AMTX','0','0',NULL,NULL),
(574,'Greenway Groceries',NULL,'+1210-269-9650',NULL,'$2y$10$CSKOQTLSxO2WhlsMSEUanO3VDX3mWWjuO1fqsrBr8/0fteF38M/66',NULL,'2025-01-16 14:20:41','2025-01-16 14:20:41',NULL,'VICKY INVESTMENTS INC','VICKY INVESTMENTS INC','11050 S US Highway 181','San Antonio','TX','78223','210-269-9650','Aziz',NULL,'aaziz4518@gmail.com',NULL,'39549','Petro-Tank Solutions',6,'Monthly','AMTX','0','0',NULL,NULL),
(575,'BP FOOD MART','bpfs1314@gmail.com','+1281-354-3585',NULL,'$2y$10$VkIWwm9XJplhT29kP/hdze6/bE1I0bZqICASgpG9CfD59NNKHhQ1K',NULL,'2025-01-16 14:21:34','2025-01-16 14:21:34',NULL,'Anish & Annie Enterprises, INC','Anish & Annie Enterprises, INC','23077 FM 1314 Rd','Porter','TX','77365','832-264-0217','Firdous',NULL,'ali.firdous1224@gmail.com',NULL,'50185','AMTS',6,'Monthly','AMTX','0','0',NULL,NULL),
(576,'Hancock Mini Mart','hancockminimart210@gmail.com',NULL,NULL,'$2y$10$yMvfNFNh5HzzghvruTcpqeF/A.D.G/10Wy5cbqUGYrobablzqfj/u',NULL,'2025-01-16 14:22:15','2025-01-16 14:22:15',NULL,'Canyon Lake Retail Mgt LLC','Canyon Lake Retail Mgt LLC','18144 FM 306','Canyon Lake','TX','78133','832-877-1372','Zeeshan',NULL,NULL,NULL,'15039','Petro-Tank Solutions',6,'Monthly','AMTX','0','0',NULL,NULL),
(577,'Hearne Supermarket','hearnesupermarket2010@gmail.com','+1602-334-3384',NULL,'$2y$10$uKk17MCOX4c77eMe7EgL3eAFIWq96Fh8IgOzx5Q3qz6FuB.7q8pAi',NULL,'2025-01-16 14:24:45','2025-01-16 14:24:45',NULL,'HEARNE PROPERTY, INC.','YARANA BUSINESS, INC.','917 W Brown St','Hearne','TX','77859','281-907-2100','Moiz',NULL,NULL,NULL,'84119','Petro-Tank Solutions',6,'Monthly','AMTX','0','0',NULL,NULL),
(578,'BREAKTIME','usmanbashir1@live.com','+1281-426-3811',NULL,'$2y$10$K7602tVQLB8SP47.6GwAde9PmtD/1Y4qYlwhMjba.hIzzUZmpDM0G',NULL,'2025-01-16 14:27:03','2025-01-16 14:27:03',NULL,'Texas Stop Shop, L.L.C','Texas Stop Shop, L.L.C','2404 E. Wallisville Rd','Highlands','TX','77562','832-421-7564','Wajahat',NULL,'wajahatuni@gmail.com',NULL,'74062','AMTS',6,'Monthly','AMTX','0','0',NULL,NULL),
(579,'BREAKTIME','SRafiq@btcmstores.com',NULL,NULL,'$2y$10$tRmlwo4VEjuk0Sv/0MlQqelGtZYj.9kLj2UL4D9qkHZ5SVqwt0MxC',NULL,'2025-01-16 14:30:58','2025-01-16 14:30:58',NULL,'Woodforest Ventures, L.L.C.','Woodforest Ventures, L.L.C.','14647 Woodforest Blvd','Houston','Tx','77015','832-474-7646','Akhtar',NULL,'YMohammed@btcmstores.com',NULL,'50102','AMTS',6,'Monthly','AMTX','0','0',NULL,NULL),
(580,'Hills Country Food Mart','hillscountryfoodmart@gmail.com','+1512-417-9926',NULL,'$2y$10$.XddFA8WxQWggXNseWIZBOQdxk.POZK/K89cmDHCduaxWilWwUTIC',NULL,'2025-01-16 14:37:33','2025-01-16 14:37:33',NULL,'SPIRIT RAYS INC','SPIRIT RAYS INC','1406 S US Hwy 281','Marble Falls','TX','78654','512-417-9926','Nick Manasiya',NULL,'nzmanasiya@yahoo.com',NULL,'40925','Petro-Tank Solutions',6,'Monthly','AMTX','0','0',NULL,NULL),
(581,'BROAD MINI MART','lalani2008@gmail.com','+1832-488-5663',NULL,'$2y$10$ezBqhix/dLXfxWDBAG.fj.eAYqKaZVziTpUsWpV5L2neclfJhzBCS',NULL,'2025-01-16 14:38:55','2025-01-16 14:38:55',NULL,'Anr Enterprises Inc','Anr Enterprises Inc','3410 Broad St','Houston','TX','77087','832-549-6165','Malik',NULL,'sheralil@yahoo.com',NULL,'35214','AMTS',6,'Monthly','AMTX','0','0',NULL,NULL),
(582,'BT FOOD MART 3','unity5inc@gmail.com','+1903-644-0219',NULL,'$2y$10$VX5DzsGfDXJ3vfYy40j6uOk3MVbYzdSt2foQZdLpjFNnz3WWTzkUm',NULL,'2025-01-16 14:41:39','2025-01-16 14:41:39',NULL,'Unity 5 Inc','Unity 5 Inc','441 E Commerce St','Fairfield','TX','75840','512-736-9713','Vinod Thapa',NULL,'thapabin@gmail.com',NULL,'46809','AMTS',6,'Monthly','AMTX','0','0',NULL,NULL),
(583,'BUBBAS','bubbas.dodge@gmail.com','+1Store 936-435-0608',NULL,'$2y$10$DtWGXojQWErRN5K59x/gF.Acf.5tOLJ43w9T9dv38Sn3BZpTguIq.',NULL,'2025-01-16 14:48:47','2025-01-16 14:48:47',NULL,'DODGE ENTERPRISES, LLC','DODGE ENTERPRISES, LLC','2211 US Highway 190','Huntsville','TX','77340','281-786-0110','Barkat Momin',NULL,'znmaknojiya@gmail.com',NULL,'77921','AMTS',6,'Monthly','AMTX','0','0',NULL,NULL),
(584,'Jackpot','jackpotaustinhwy@gmail.com','+1210-674-1167',NULL,'$2y$10$mD8DJ8w4LF2uwRNjBDuZ7e4LPBrjXrU9ijnUrSrAvOvKF8FDD6Zm2',NULL,'2025-01-16 14:49:26','2025-01-16 14:49:26',NULL,'Angel Spring Investments, Inc.','Kssszm LLC','5719 Five Palms Dr','San Antonio','TX','78242','210-630-5584','Moiz Momin',NULL,'kadiwalmoez@gmail.com',NULL,'68895','Petro-Tank Solutions',6,'Monthly','AMTX','0','0',NULL,NULL),
(585,'BUNNY STOP','bunnystop12115@yahoo.com',NULL,NULL,'$2y$10$k./RlXHDP84lH6Co8edbk.thRFteYZ3f2g.YluBOJHMSyS/urVwIC',NULL,'2025-01-16 14:50:29','2025-01-16 14:50:29',NULL,'WINDFIELD LLC','WINDFIELD LLC','12115 Homestead Rd','Houston','Tx','77050','832-228-2086','Shahzad',NULL,'shazad628@yahoo.com',NULL,'86694','AMTS',6,'Monthly','AMTX','0','0',NULL,NULL),
(586,'BUNNY STOP 1','bunnystop9425@yahoo.com',NULL,NULL,'$2y$10$C3qz1cqBATiyNv.nDChr7euUXicmg7Eg6etpj9K254nebIyL5JaU6',NULL,'2025-01-16 14:52:08','2025-01-16 14:52:08',NULL,'Volco Fuel, LLC','Berry Xpress LLC','9425 Mesa Dr','Houston','TX','77028','832-228-2086','Shahzad',NULL,NULL,NULL,'26753','AMTS',6,'Monthly','AMTX','0','0',NULL,NULL),
(587,'Jarrell Texaco','jarrelltexaco12819@gmail.com','+1512-751-7372',NULL,'$2y$10$MAeN5Ry7cXWn23N9MISxROOwB5x7PYVpNt97Lsue/U.Z8V0JkDoJO',NULL,'2025-01-16 14:52:09','2025-01-16 14:52:09',NULL,'JARRELL TEXACO INC','JARRELL TEXACO INC','12819 N IH 35','Jarrell','TX','76537','512-945-9233','Vickas',NULL,'aamirrehmat226@gmail.com',NULL,'43679','Petro-Tank Solutions',6,'Monthly','AMTX','0','0',NULL,NULL),
(588,'JJ Food Mart','jjfoodmart00@gmail.com',NULL,NULL,'$2y$10$hS2YIw3z7uku14XNoTIpn./U7HxRTyP.sPTMlRnM.68i8CQonoK6a',NULL,'2025-01-16 14:54:14','2025-01-16 14:54:14',NULL,'CANDY STORES INC','CANDY STORES INC','1921 Cedar Bend Dr Ste C101','Austin','TX','78758','512-775-7821','Ashraf',NULL,NULL,NULL,'44214','Petro-Tank Solutions',6,'Monthly','AMTX','0','0',NULL,NULL),
(589,'BUY AND RIDE STORE','Bnrstore@gmail.com','+1954-471-6484',NULL,'$2y$10$FdMbrk/P0iSbulAat7P6y.6gNQ0nuVFyIbT/R3Nvxd8qE5ZG3ClhS',NULL,'2025-01-16 14:54:50','2025-01-16 14:54:50',NULL,'Vortex Business, Inc','Vortex Business, Inc','8505 Lake June Rd','Dallas','TX','75217','832-533-0420','Nazeem',NULL,NULL,NULL,'14920','AMTS',6,'Monthly','AMTX','0','0',NULL,NULL),
(590,'BUY AND RIDE STORE 3',NULL,NULL,NULL,'$2y$10$U4LB/UanFDrskSGYCDC/wuHO3DHpLBZS/Tmuv2KpZ16lfpQEMVEOy',NULL,'2025-01-16 14:56:44','2025-01-16 14:56:44',NULL,'ABRAMS BUSINESS INC','ABRAMS BUSINESS INC','615 W Abram St','Arlington','Tx','76010','832-533-0420','Nazeem',NULL,'Bnrstore@gmail.com',NULL,'39568','AMTS',6,'Monthly','AMTX','0','0',NULL,NULL),
(591,'BUY AND RIDE STORE 4',NULL,NULL,NULL,'$2y$10$K7k3J34SkTZty86dhPnBn.ipSZC5T9cT25IE7Sdm8rvceCvUpTLDK',NULL,'2025-01-16 14:58:38','2025-01-16 14:58:38',NULL,'HALTOM BUSINESS INC','HALTOM BUSINESS INC','4901 Denton Hwy','Haltom City','TX','76117','832-533-0420','Nazeem',NULL,'Bnrstore@gmail.com',NULL,'44922','AMTS',6,'Monthly','AMTX','0','0',NULL,NULL),
(592,'BUZZY BEE','buzzybee15509@gmail.com','+1989-980-2080',NULL,'$2y$10$jBtbCc9cXGpQcRzNP62uKuzgnrwXGQWzhpN35RMDF24m28Ccrs0.e',NULL,'2025-01-16 15:01:04','2025-01-16 15:01:04',NULL,'Peace Business , Inc','Peace Business , Inc','15509 S Post Oak Rd','Houston','TX','77053','713-391-6456','Nizar',NULL,'nizarprasla@sbcglobal.net',NULL,'41970','AMTS',6,'Monthly','AMTX','0','0',NULL,NULL),
(593,'BUZZY BEE 4','lakejacksonbuzzybee@gmail.com','+1281-912-8772',NULL,'$2y$10$P3mt1YRqupgGuwQM6KXaPONPP5UOKn/WaOpr0HxazwYhxEdNr7CjK',NULL,'2025-01-16 15:02:52','2025-01-16 15:02:52',NULL,'LAKE JACKSON DIAMOND LLC','LAKE JACKSON DIAMOND LLC','95 Oak Dr','Lake Jackson','TX','77566','281-818-5174','Naveed',NULL,NULL,NULL,'28560','AMTS',6,'Monthly','AMTX','0','0',NULL,NULL),
(594,'FALCON EXPRESS','firstfalconexpress@gmail.com',NULL,NULL,'$2y$10$0Izz.rh/xtORM4TqNkDF/./j4TmWjaeDPnXdeJLECP7nQssfDaBMC',NULL,'2025-01-16 15:05:18','2025-01-16 15:05:18',NULL,'First Falcon Express Inc','First Falcon Express Inc','13345 Briar Forest Dr','Houston','TX','77077','281-846-8643','Imtiaz',NULL,'imtiyaz1967@yahoo.com',NULL,'87691','AMTS',6,'Monthly','AMTX','0','0',NULL,NULL),
(595,'FAS FOOD MART','fasfood4700@gmail.com','+1713-928-3484',NULL,'$2y$10$B5oE7zhXMg3icLppV7EUKu.E08e06AJLO02ApCH9KhGyLFP1Oz.8i',NULL,'2025-01-16 15:07:09','2025-01-16 15:07:09',NULL,'BMRN INC','KAREDIA, BARKAT','4700 Navigation Blvd','Houston','TX','77011','832-643-5703','Salim',NULL,NULL,NULL,'68809','AMTS',6,'Monthly','AMTX','0','0',NULL,NULL),
(596,'FAST BREAK FOOD STORE','fastbreak1231@gmail.com','+1713-455-3493',NULL,'$2y$10$01Tgveq6nWBAFzob6wOhGueVARry25bTrDea8gp4AmcQ5c4hIyJFe',NULL,'2025-01-16 15:13:22','2025-01-16 15:13:22',NULL,'Raheela Enterprises Inc','Raheela Enterprises Inc','1231 Freeport St','Houston','TX','77015','281-691-5791','Asif',NULL,'alizasif@gmail.com',NULL,'24932','AMTS',6,'Monthly','AMTX','0','0',NULL,NULL),
(597,'FILLUP 1','ssanoorgroupLLC@gmail.com',NULL,NULL,'$2y$10$aqEyLjUOqhpGAGTPRa9pz.L64rcgDTWUZBjtDFfahopmBaQNuYD8C',NULL,'2025-01-16 15:31:39','2025-01-16 15:31:39',NULL,'SSA NOOR GROUP LLC','SSA NOOR GROUP LLC','126 Roy St','Magnolia','TX','77354','832-898-6836','Saif',NULL,NULL,NULL,'93113','AMTS',6,'Monthly','AMTX','0','0',NULL,NULL),
(598,'FIRST STOP FOOD STORE 27','firststopfoodstore@yahoo.com',NULL,NULL,'$2y$10$GKzRhDyY8JWckVeHvZnGz.UqUI43KSoF7rUaRd0ofwoIh9CwcspLu',NULL,'2025-01-16 15:35:00','2025-01-16 15:35:00',NULL,'MASTER BUSINESS INC','MASTER BUSINESS INC','3120 Highway 6','Hitchcock','TX','77563','832-488-4754','Sadik',NULL,'marediasadiq@yahoo.com',NULL,'35235','AMTS',6,'Monthly','AMTX','0','0',NULL,NULL),
(599,'FIVE STAR SHELL','dullesstore@gmail.com',NULL,NULL,'$2y$10$nVcphk8ufF.Adkpjw8fHj.yx3nTPIbZAcuFGVzgP9jiSUaZb9e5kK',NULL,'2025-01-16 15:36:39','2025-01-16 15:36:39',NULL,'Dulles Store LLC','Dulles Store LLC','4535 S Main St','Stafford','TX','77477','832 984 2310','Barkat Ali',NULL,NULL,NULL,'69144','AMTS',6,'Monthly','AMTX','0','0',NULL,NULL),
(600,'FLEMING FOOD MART',NULL,'+1713-450-1202',NULL,'$2y$10$dvPVwHP6D95sK9eyzG/GLeyC5LAcbvzfSoKP2aWIB9A64TJrr/MKi',NULL,'2025-01-16 15:38:24','2025-01-16 15:38:24',NULL,'Layal Sarosha Inc','Layal Sarosha Inc','12340 Fleming Dr','Houston','TX','77013','281-704-5406','Shaukat Momin',NULL,'svalimomin@gmail.com',NULL,'8921','AMTS',6,'Monthly','AMTX','0','0',NULL,NULL),
(601,'FOOD BASKET 5','wisdommomin1@gmail.com',NULL,NULL,'$2y$10$pN8/uzGRpvEWmCOVFkinYOhCqc3ASwartHKE9JTtLyZato53mZjAC',NULL,'2025-01-16 15:40:30','2025-01-16 15:40:30',NULL,'Wisdom Retail LLC','Wisdom Retail LLC','550 Dowlen Rd','Beaumont','TX','77706','832-561-0084','Shahidali Momin',NULL,NULL,NULL,'47867','AMTS',6,'Monthly','AMTX','0','0',NULL,NULL),
(602,'FOODWAY','foodway10949@gmail.com','+1281-575-7000',NULL,'$2y$10$KwxckC8ySC3DIXj1SpUNzemz/1vZ7WOtmWsXEcAF4h8vBSsemcbku',NULL,'2025-01-16 15:43:00','2025-01-16 15:43:00',NULL,'FIDAI BUSINESS INC','FIDAI BUSINESS INC','10949 S Sam Houston Pkwy W','Houston','TX','77031','832-277-8425','Mustaq',NULL,NULL,NULL,'73228','AMTS',6,'Monthly','AMTX','0','0',NULL,NULL),
(603,'KP Foods Mart','munirv@yahoo.com',NULL,NULL,'$2y$10$MTCcP6zl32Wg53m.la3PGOQmHB54oTdfe9oO9qLCqxEb0dfUIU4i2',NULL,'2025-01-16 15:43:08','2025-01-16 15:43:08',NULL,'Amena LLC','Amena LLC','336 Highway 290 W Ste D','Elgin','TX','78621','(917) 399 9534','Ayub Vahora',NULL,'vahora1960@yahoo.com',NULL,'45840','Petro-Tank Solutions',6,'Monthly','AMTX','0','0',NULL,NULL),
(604,'Kool Corner','koolcorner110@gmail.com',NULL,NULL,'$2y$10$muCTyhSOQ5dbbItFlYuFteFZ3c7aRUitgSy1UeUIPYBZyWMpmKCPO',NULL,'2025-01-16 15:45:06','2025-01-16 15:45:06',NULL,'NEW AGE RETAIL LLC','NEW AGE RETAIL LLC','6413 Manor Road','Austin','TX','78723','512-905-4631','Zaved',NULL,NULL,NULL,'67397','Petro-Tank Solutions',6,'Monthly','AMTX','0','0',NULL,NULL),
(605,'FRAZIER MART','frazier227@yahoo.com','+1936-441-7477',NULL,'$2y$10$5PruTczB9dC8QpB/kuJAh.BiAP4TsmcCuMWjFwo.0WDVqCyI8XeBC',NULL,'2025-01-16 15:47:01','2025-01-16 15:47:01',NULL,'MUSHKAN BUSINESS INC','MUSHKAN BUSINESS INC','227 S Frazier St','Conroe','TX','77301','832-661-4654','Shakil',NULL,NULL,NULL,'38566','AMTS',6,'Monthly','AMTX','0','0',NULL,NULL),
(606,'Knights Food Mart','knightsfoodmart@gmail.com',NULL,NULL,'$2y$10$pWE2.uUlDC162MGR4APIyOF7CZ0u0Fr.SrKsWq3RaThMBVOUPZRHS',NULL,'2025-01-16 15:49:47','2025-01-16 15:49:47',NULL,'Mountain Creek Business LLC','Mountain Creek Business LLC','700 E Fm 2410 Rd','Harker Heights','TX','76548','512-577-2241','Altaf',NULL,NULL,NULL,'86158','Petro-Tank Solutions',6,'Monthly','AMTX','0','0',NULL,NULL),
(607,'Kay\'s Convenience','kaysfoodmart@gmail.com','+1210 379 0442',NULL,'$2y$10$WwADwcs9bzaq3eb9PvDay.D8BrREt1y8OED4vpvb44qXyNyzdWonu',NULL,'2025-01-16 15:53:32','2025-01-16 15:53:32',NULL,'ARSH INVESTMENTS INC','ARSH INVESTMENTS INC','8803 Grissom Rd','San Antonio','TX','78251','210 269 9650','Aziz',NULL,'aaziz4518@gmail.com',NULL,'63696','Petro-Tank Solutions',6,'Monthly','AMTX','0','0',NULL,NULL),
(608,'FUEL EXPRESS 1','fuelexpress01@yahoo.com','+1281-991-5595',NULL,'$2y$10$ykw/wleAWCdzApmR/6lYse69h4uswRXjZ9tVMFMm7iC8y8EqBhIpO',NULL,'2025-01-16 16:03:05','2025-01-16 16:03:05',NULL,'NEELAM MARKETS INC','NEELAM MARKETS INC','5010 Red Bluff Rd','Pasadena','TX','77503','832-646-5911','Zulfiqar Ali',NULL,'zulali5911@yahoo.com',NULL,'35144','AMTS',6,'Monthly','AMTX','0','0',NULL,NULL),
(609,'FUEL EXPRESS 10','fuelexpress10@yahoo.com','281-471-7773',NULL,'$2y$10$DHZb1ORuBqQUhZYKxNd.FeJh6YQN/lofA9FFA.s8J43IqBPLnV.Ki',NULL,'2025-01-16 16:05:52','2025-01-16 16:51:35',NULL,'COBALT BUSINESS INC','COBALT BUSINESS INC','501 W. Fairmont Pkwy','La Porte','TX','77571','832-646-5911','Zulfiqar Ali',NULL,'zulali5911@yahoo.com',NULL,'70182','AMTS',6,'Monthly','AMTX','0','0',NULL,NULL),
(610,'FUEL EXPRESS 11','fuelexpress11@gmail.com','+1409-316-9531',NULL,'$2y$10$U1UF2QWijqY18460NKUBeefhAC/K1.uvaTaFMkrBWfP2uxyGCnld6',NULL,'2025-01-16 16:08:17','2025-01-16 16:08:17',NULL,'Santa Fe 646 Investment LLC','Santa Fe Store Inc','11929 Hwy 6','Santa Fe','TX','77510','832-646-5911','Zulfiqar Ali',NULL,NULL,NULL,'88745','AMTS',6,'Monthly','AMTX','0','0',NULL,NULL),
(611,'FUEL EXPRESS 13','fuelexpress13@gmail.com','+1832-419-3966',NULL,'$2y$10$3F786eugMBNirwz7UJD59ubkMn0azf.f5OnWav/5K76MqrmwfwEa2',NULL,'2025-01-16 16:09:54','2025-01-16 16:09:54',NULL,'CENTERWOOD BUSINESS INC','CENTERWOOD BUSINESS INC','11929 East Fwy','Houston','TX','77029','832-646-5911','Zulifkar',NULL,NULL,NULL,'88751','AMTS',6,'Monthly','AMTX','0','0',NULL,NULL),
(612,'FUEL EXPRESS 14',NULL,'+1737-877-5529',NULL,'$2y$10$OZQFFefxKUtAhOPfUoVypeDTifBmXBvqqRf18jkXH1JlzXwNkDebG',NULL,'2025-01-16 16:11:47','2025-01-16 16:11:47',NULL,'Nd & Son Venture LLC','Nd & Son Venture LLC','211 W Crosstimbers St','Houston','TX','77018','832-646-5911','Zulfiqar Ali',NULL,'zulali64@gmail.com',NULL,'40098','AMTS',6,'Monthly','AMTX','0','0',NULL,NULL),
(613,'Longhorn Drive In Grocery','longhorngrocery2218@gmail.com','+1512-293-4600',NULL,'$2y$10$5wk9MIphB2Wd3hLIw9BqOejT1gqCfzJYX0bKIPvhBAJPOiiiscdwy',NULL,'2025-01-16 16:12:02','2025-01-16 16:12:02',NULL,'AZRIEL INC','AZRIEL INC','2218 Holland Rd','Belton','TX','76513','512-299-8932','Anif',NULL,'mominanif@gmail.com',NULL,'18880','Petro-Tank Solutions',6,'Monthly','AMTX','0','0',NULL,NULL),
(614,'FUEL EXPRESS 77',NULL,'+1281-457-9878',NULL,'$2y$10$yL0onS4yOxbBjXWktBMtcO.Vb8C0hndPCkeBFbXG/C8i4jrB55kP.',NULL,'2025-01-16 16:13:27','2025-01-16 16:13:27',NULL,'PARVEEN BUSINESS INC','PARVEEN BUSINESS INC','638 Dell Dale St','Channelview','TX','77530','832-387-0928','Sayeed',NULL,'Smomin26@yahoo.com',NULL,'39740','AMTS',6,'Monthly','AMTX','0','0',NULL,NULL),
(615,'Lamar Food Market','10810LAMAR@GMAIL.COM','+1512-426-3771',NULL,'$2y$10$AM2QBfd6ucRBza/aj59FaOFXKBzV6CjoJllz43gXQADNDL1EwWJ/S',NULL,'2025-01-16 16:15:23','2025-03-03 09:42:36',NULL,'NKA, INC.','NKA, INC.','10810 N Lamar Blvd','Austin','TX','78753','512-426-8245','Navroz',NULL,'ajmohammad83@gmail.com',NULL,'45723','Petro-Tank Solutions',6,'Monthly','AMTX','0','0',NULL,NULL),
(616,'FUEL EXPRESS 9','express4302@gmail.com','+1713-643-0181',NULL,'$2y$10$u8.Pds19tBd4nYP4z3Js5enKP0q7ZNxmiQvnUZEP.WThkUT/dXGUC',NULL,'2025-01-16 16:15:44','2025-01-16 16:15:44',NULL,'ZSM ENTERPRISE INC','ZSM ENTERPRISE INC','4302 Telephone Rd','Houston','TX','77087','281-793-2159','Sadik',NULL,'zulali5911@yahoo.com',NULL,'35221','AMTS',6,'Monthly','AMTX','0','0',NULL,NULL),
(617,'FUEL MAXX 45',NULL,NULL,NULL,'$2y$10$JrjjK/0F/xhrwnYYAkRfn.ZIVkJaj9QLUCRwJJ.fbmd1TN5Ir8kBm',NULL,'2025-01-16 16:17:54','2025-01-16 16:17:54',NULL,'ORBIT DEVELOPMENT INC','GOLDEN FIFTY BUSINESS INC','1525 S Cherry St','Tomball','TX','77375','713-382-9006','Karim',NULL,'karimali0765@yahoo.com',NULL,'79503','AMTS',6,'Monthly','AMTX','0','0',NULL,NULL),
(618,'FUEL MAXX 52',NULL,'+1281-324-5786',NULL,'$2y$10$3KK3j3CryEDEM454R56Dp./PIIVMC396OZF7cqWa/I52Hb/zYxmeq',NULL,'2025-01-16 16:19:54','2025-01-16 16:19:54',NULL,'GOLDSTONE ENTERPRISE INC','IIFA BUSINESS INC','21615 FM 2100 Rd','Crosby','TX','77532','832-768-6174','Imran',NULL,'imrankaredia@yahoo.com',NULL,'79812','AMTS',6,'Monthly','AMTX','0','0',NULL,NULL),
(619,'FUEL MAXX 61','fm61@fuelmaxx.net','+1936-449-5505',NULL,'$2y$10$rCGCc2lUi0oXByPu6ik9f.3/LTg66NzDR99K.qKoylCglsh2C63bq',NULL,'2025-01-16 16:39:39','2025-01-16 16:39:39',NULL,'NP DEVELOPMENT INC','UMANGSE BUSINESS INC','17730 W FM 1097 Rd','Montgomery','TX','77356','281-323-5282','Sharif',NULL,NULL,NULL,'78277','AMTS',6,'Monthly','AMTX','0','0',NULL,NULL),
(620,'FUEL MAXX 65','fm65@fuelmaxx.net','+1936-445-1110',NULL,'$2y$10$eROUhWrDtThko0/hXbA6sudTliZC/ETX3VVuvcsyO9G9SzsjA/zOa',NULL,'2025-01-16 16:43:57','2025-01-16 16:50:54',NULL,'TEXAS UNITED GROUP INC','Z & K Business, Inc','16441 Highway 105 E Ste 100','Conroe','TX','77306','281-627-0413','Zulfikar Patel',NULL,'fastlanefm@fuelmaxx.net',NULL,'77652','AMTS',6,'Monthly','AMTX','0','0',NULL,NULL),
(621,'FUEL PLUS 8','fuelplus8@GMAIL.COM',NULL,NULL,'$2y$10$drhftsFIP.94QWHkLR.fe.bcADM73hl6AghZ37x3dvFlgjmtPB9TK',NULL,'2025-01-16 16:46:01','2025-01-16 16:46:01',NULL,'Fuel Plus 8 LLC','Fuel Plus 8 LLC','3415 25TH AVE N','Texas City','TX','77590','713-391-5244','Adnan',NULL,NULL,NULL,'92059','AMTS',6,'Monthly','AMTX','0','0',NULL,NULL),
(622,'FUEL RUNNER',NULL,'+1409-735-3454',NULL,'$2y$10$q5ou.4DoyqCyriOcDleRr.XrFwFfvdtD55pyus5EDeCTbpzsEhHbO',NULL,'2025-01-16 16:48:29','2025-01-16 16:48:29',NULL,'J & S BUSINESS INC','J & S BUSINESS INC','1510 Texas Ave','Bridge City','TX','77611','409-382-2604','Munira Lalani',NULL,'munira313@gmail.com',NULL,'43541','AMTS',6,'Monthly','AMTX','0','0',NULL,NULL),
(623,'ALL-FOODMART','newamigo123@hotmail.com','+1832-633-3726',NULL,'$2y$10$FrmU4ZOysduNMbfPR6NSvegxWobq.h17Wz4q8CkYa38a.bhqwQ9de',NULL,'2025-01-17 10:26:13','2025-01-17 10:26:13',NULL,'Prasna, Inc','Prasna, Inc','2123 N Thompson St','CONROE','TEXAS','77301','832-633-3726',NULL,NULL,'newamigo123@hotmail.com',NULL,'60528','AMTS',6,'Monthly','AMTX','0','0',NULL,NULL),
(624,'GAS N STUFF','gasnstuff2019@gmail.com','+1281-323-0946',NULL,'$2y$10$zKZhhTwSLGga/NnPgja1euR9igV7voP7QD2fTcJugExifVIcT6BQK',NULL,'2025-01-17 10:29:16','2025-01-17 10:29:16',NULL,'Shree Bhawani Inc','Shree Bhawani Inc','101 COMMERCIAL CIR','CONROE','TEXAS','77304','281-323-0946',NULL,NULL,'gasnstuff2019@gmail.com',NULL,'18396','AMTS',6,'Monthly','AMTX','0','0',NULL,NULL),
(625,'Quick Stop','quickstop5700@gmail.com',NULL,NULL,'$2y$10$8ZFgmMYjmRGHoVf9UueuNuHpX6cfepibnO.4GHaR49lS.5dqqG3Sm',NULL,'2025-01-20 01:47:26','2025-02-20 15:59:45',NULL,'QUALITY ENTERPRISES INC','QUALITY ENTERPRISES INC','5700 Williams Dr','Georgetown','TX','78633','512-869-4228',NULL,NULL,NULL,NULL,'47975','Petro-Tank Solutions',6,'Monthly','AMTX','0','0',NULL,NULL),
(626,'Shell Food Mart','shellculebra@gmail.com','+1210-432-2301',NULL,'$2y$10$6pF8.UyUk0vAa7L0sb9LjeH.2aQzBbTEMfiAza4T2T7MqWesERPYO',NULL,'2025-01-31 08:54:03','2025-01-31 08:54:03',NULL,'Culebra Food Inc','Culebra Food Inc','3502 Culebra Rd','San Antonio','TX','78228','409-466-1276','Rizwan',NULL,'riz.sunesara@gmail.com',NULL,'59110','Petro-Tank Solutions',6,'Monthly','AMTX','0','0',NULL,NULL),
(627,'R D FOOD MART','baywaybusiness@yahoo.com',NULL,NULL,'$2y$10$rlNGi2v1OE/E.pJREjmnmuHAv9mRnMxsNjHIuSO3FayzOH7SquvQ6',NULL,'2025-02-07 09:23:22','2025-02-07 09:23:22',NULL,'R D FOOD MART','Bayway Business, Inc.','6114 DECKER DR','BAYTOWN','TX','77520','832-681-6887','Nasru',NULL,NULL,NULL,'71334','AMTS',6,'Monthly','AMTX','0','0',NULL,NULL),
(628,'RPS DISCOUNT STORE','pkusa1@aol.com','+1281-427-7588',NULL,'$2y$10$4ls45am4u.UYzfgIcAcRROhT1jDcTU3cBMG4AZwG81aaLWZmAvWxa',NULL,'2025-02-07 09:26:12','2025-02-07 09:26:12',NULL,'RPS DISCOUNT STORE','HAJI INC','1600 N Alexander Dr','Baytown','TX','77520','832-215-7262','Shahid',NULL,NULL,NULL,'68384','AMTS',6,'Monthly','AMTX','0','0',NULL,NULL),
(629,'SHOP N GO',NULL,NULL,NULL,'$2y$10$aC32I2RUYmI5IcApfv.Jp.U874E.E0CKjHYCg3zHVhAels3.3SSRa',NULL,'2025-02-07 09:28:02','2025-02-07 09:28:02',NULL,'SHOP N GO','Mzr LLC','3101 Wisconsin St','Baytown','TX','77520','832-661-9448','Artani Ramzan',NULL,'manisaartani@yahoo.com',NULL,'35148','AMTS',6,'Monthly','AMTX','0','0',NULL,NULL),
(630,'SNAPPY MART','Snappymart2.0@gmail.com','+1832-296-1128',NULL,'$2y$10$ytEKIgqrgcTewhYmHSWUy.jGruSORQRC3oOQblH8htpv9DRaAS7lS',NULL,'2025-02-07 09:30:03','2025-02-25 12:36:58',NULL,'SNAPPY MART','Royal Star Enterprise Inc','10214 Grath Rd','Baytown','TX','77521','832-531-1984','Ayaz',NULL,'ayazmomin786@yahoo.com',NULL,'63508','AMTS',6,'Monthly','AMTX','0','0',NULL,NULL),
(631,'THE EXPRESS',NULL,'+1281-421-8050',NULL,'$2y$10$zuWg7cc2guXQZO8tW.u.6eG1f1B8nrtUsD18tdH6DB4Ak2oGDO6rK',NULL,'2025-02-07 09:31:37','2025-02-07 09:31:37',NULL,'THE EXPRESS','TEXAS MOONLIGHT, INC.','2107 W Cedar Bayou Lynchburg Rd','Baytown','TX','77521','832-488-5639','Mehboob',NULL,'mehboob918@yahoo.com',NULL,'77368','AMTS',6,'Monthly','AMTX','0','0',NULL,NULL),
(632,'HOP STOP 2','pomonaoperations@gmail.com',NULL,NULL,'$2y$10$YgBdXOOpq7/6Z0qQJSrqTO9uVMqid1jZix3xK7w72ZoW8p0yOVVk2',NULL,'2025-02-07 10:09:05','2025-02-19 10:40:55',NULL,'HOP STOP 2','Pomona Operations LLC','3401 County Road 58','Manvel','TX','77578','281-684-7739','Arif',NULL,NULL,NULL,'93299','AMTS',6,'Monthly','AMTX','0','0',NULL,NULL),
(633,'PALM EXPRESS','panomaexpress@gmail.com','+1832-607-9432',NULL,'$2y$10$aGj0YsmhbX6gLoXNLEPeNu4X/LSRPczS0Zn9ozb2pA7QlGh7F5Mha',NULL,'2025-02-07 10:10:56','2025-02-07 10:10:56',NULL,'PALM EXPRESS','Ponoma Express LLC','4322 County Road 48','Rosharon','TX','77583','832-228-0824','Rukanuddin',NULL,NULL,NULL,'92991','AMTS',6,'Monthly','AMTX','0','0',NULL,NULL),
(634,'ROADSTAR 18','cluteroadstar@gmail.com','+1979-266-9852',NULL,'$2y$10$G.VQ75VHu7fTXTcZfPPAKOw6/nj4/pJ/w2td77m67C2XvCYspvYS.',NULL,'2025-02-07 10:12:35','2025-02-07 10:12:35',NULL,'ROADSTAR 18','Daz Ventures LLC','101 Brazosport Blvd N','Clute','TX','77531','832-466-7522','Rehan',NULL,NULL,NULL,'93161','AMTS',6,'Monthly','AMTX','0','0',NULL,NULL),
(635,'SAMS MART','samsmartfreeport@yahoo.com',NULL,NULL,'$2y$10$ZNSPKF056l4TgOM0k55kuekfi2hp1xE.pCpxCv0WaB.J8iUp.snWi',NULL,'2025-02-07 10:14:27','2025-02-07 10:14:27',NULL,'SAMS MART','Sams Mart, Inc.','1219 Brazosport Blvd','Freeport','TX','77541','832-273-6682','Zulfikar',NULL,NULL,NULL,'33593','AMTS',6,'Monthly','AMTX','0','0',NULL,NULL),
(636,'SHOP N GET FOOD MART',NULL,'+1281-331-1820',NULL,'$2y$10$7z/Pn5WuSmBEQcat1Z4MnOi4hMCA0..0.7cJqP4Ugxw/EgkTHbxmy',NULL,'2025-02-07 10:16:01','2025-02-07 10:16:01',NULL,'SHOP N GET FOOD MART','RZS, L.L.C.','1517 W Sealy St','Alvin','TX','77511','832-607-9432','Rahim',NULL,'rahimali2007@yahoo.com',NULL,'56925','AMTS',6,'Monthly','AMTX','0','0',NULL,NULL),
(637,'GATORS FOOD MART','gatorsfood@gmail.com','+1281-337-6875',NULL,'$2y$10$17fmmhDxgzUGa4fKWCS8tu9xaufSBWACxhKN5rBVGYPzksm0xOqvO',NULL,'2025-02-07 10:38:42','2025-02-07 10:38:42',NULL,'GATORS FOOD MART','Bayway Investment, LLC','5301 Highway 3','Dickinson','TX','77539','832-638-5566','faisal',NULL,'zahirkhawaja@gmail.com',NULL,'71492','AMTS',6,'Monthly','AMTX','0','0',NULL,NULL),
(638,'GESSNER FOOD MART',NULL,NULL,NULL,'$2y$10$NghoLqYbGYjYBfHwwDD6n.eeLlJNeW18e9hAxGu5PIv.pm443gge2',NULL,'2025-02-07 10:41:17','2025-02-07 10:41:17',NULL,'GESSNER FOOD MART','GESSNER BUSINESSES LLC','10619 S Gessner Rd','Houston','TX','77071','832-382-6507','Madiha',NULL,'madiha@tristarpetroleum.net',NULL,'90599','AMTS',6,'Monthly','AMTX','0','0',NULL,NULL),
(639,'GET N GO FOOD MART 4',NULL,NULL,NULL,'$2y$10$n6q7037MmeYQ20.LxKjHlurLfSEFCgK4GzA0KjBrcX4ebD3Ncw8Di',NULL,'2025-02-07 10:42:58','2025-02-07 10:42:58',NULL,'GET N GO FOOD MART 4','YOAKUM INC','508 IRVINE ST','YOAKUM','TX','77995','361-208-4095','Saeed Ali',NULL,'Saeed.ali7871@yahoo.com',NULL,'28367','AMTS',6,'Monthly','AMTX','0','0',NULL,NULL),
(640,'GIDDY-UP','19062giddyup@gmail.com','+1832-616-9101',NULL,'$2y$10$nZDGSDp.U4u23Bk.Fo.7k.PR5P4VY9AmU5BRKG4JNQa.MZ7W/peXy',NULL,'2025-02-07 10:44:31','2025-02-07 10:44:31',NULL,'GIDDY-UP','YAM 1485, INC.','19062 FM 1485 Rd','New Caney','TX','77357','832-722-4481','imran',NULL,NULL,NULL,'91291','AMTS',6,'Monthly','AMTX','0','0',NULL,NULL),
(641,'GRAB N GO 2','lemurexpress2@gmail.com','+1832-270-1710',NULL,'$2y$10$4tiXOFqn0jLzVaGwwwJEDu0E4axkQo2hpebNsozipCO2s1XTNcGg2',NULL,'2025-02-07 10:45:58','2025-02-07 10:45:58',NULL,'GRAB N GO 2','AQEEL BUSINESS, INC.','7849 Highway 71','Garwood','TX','77442','979-758-9525','Mahebub',NULL,NULL,NULL,'86266','AMTS',6,'Monthly','AMTX','0','0',NULL,NULL),
(642,'GRAB N GO 4','Lemurexpress4@gmail.com','+1512-577-2546',NULL,'$2y$10$gEa3DIsXtfVdGjbjVwvR/O6OhU3AM9VfnJePa19N/VyWZLm9hO3A.',NULL,'2025-02-07 10:47:31','2025-02-07 10:47:31',NULL,'GRAB N GO 4','ELHA INC','1005 E 4th St','Halletsville','TX','77964','832-270-1710','Sam',NULL,NULL,NULL,'36864','AMTS',6,'Monthly','AMTX','0','0',NULL,NULL),
(643,'GRAB N GO 5','grab786@yahoo.com','+1832-542-1647',NULL,'$2y$10$VdfkM9QArpcBs94FLggthehkozIeUSa8XYuUIiVOUYVBek0IAfxxi',NULL,'2025-02-07 10:49:17','2025-02-07 10:49:17',NULL,'GRAB N GO 5','AEZIL BUSINESS INC','1111 Henderson Ave','Palacios','TX','77465','832-270-1710','Sam',NULL,NULL,NULL,'15881','AMTS',6,'Monthly','AMTX','0','0',NULL,NULL),
(644,'GRANT EXPRESS','grantexpress1@hotmail.com',NULL,NULL,'$2y$10$akl1Zr/T7jhTgFxC54AaN.Ju9DGhU74f3YwCddNGzTuACTEAtFKhi',NULL,'2025-02-07 10:50:59','2025-02-07 10:50:59',NULL,'GRANT EXPRESS','SHIFA & AKSSA ENTERPRISE INC','10210 Grant Rd','Houston','TX','77070','832-643-9433','Amin',NULL,'onlyaminali@gmail.com',NULL,'77450','AMTS',6,'Monthly','AMTX','0','0',NULL,NULL),
(645,'GREENS SHELL','greensshell@att.net','+1832-364-2175',NULL,'$2y$10$gzzas51Asgw8/koSME1PKuG37pEei.taCk9YQIfRCHJ8cRaCkNEk2',NULL,'2025-02-07 10:52:39','2025-02-07 10:52:39',NULL,'GREENS SHELL','TEXAS J M R, INC.','647 Greens Rd','Houston','TX','77060','832-818-1054','Jawaed',NULL,'jay.ali77@yahoo.com',NULL,'77375','AMTS',6,'Monthly','AMTX','0','0',NULL,NULL),
(646,'GUFFEYS GROCERY','guffeysburger@gmail.com','+1281-948-1477',NULL,'$2y$10$lxtQai/JKjjlSqBWsu3yieTYhYIRTBZrqrTr.oYF/T1LEySG9fHDG',NULL,'2025-02-07 10:54:36','2025-02-07 10:54:36',NULL,'GUFFEYS GROCERY','Summit Retail, Inc.','13354 Highway 60 S','Wadsworth','TX','77483','713-280-6079','Rizwan Modi',NULL,NULL,NULL,'33289','AMTS',6,'Monthly','AMTX','0','0',NULL,NULL),
(647,'HARVEST CORNER FOOD MART',NULL,'+1832-419-7816',NULL,'$2y$10$HOuUgYBk9gqzsjXlPWdE7e/s9UzWDEJ7z9AdsuSdtPjhP5ztEEHDK',NULL,'2025-02-07 11:02:43','2025-02-07 11:02:43',NULL,'HARVEST CORNER FOOD MART','Harlem C-Store LLC','5125 John Sharp Dr','Richmond','TX','77406','281-730-4109','Manish',NULL,'Manishmehdi.ali@gmail.com',NULL,'93089','AMTS',6,'Monthly','AMTX','0','0',NULL,NULL),
(648,'PHEASANT CREEK PRIME TIME','pheasantcreek3337@yahoo.com','+1281-277-3337',NULL,'$2y$10$xlp2SJ98UZqPmCkMvkrcEe6btyOPIfzQJEYHdpHb4kBB76dWAjDg2',NULL,'2025-02-07 11:04:34','2025-02-07 11:04:34',NULL,'PHEASANT CREEK PRIME TIME','PAL EXPRESS INC','17230 Old Richmond Rd','Sugar Land','TX','77478','832-867-4986','shokhat',NULL,'srmomin@gmail.com',NULL,'66975','AMTS',6,'Monthly','AMTX','0','0',NULL,NULL),
(649,'ROAD TRIP','9226roadtrip@gmail.com','+1832-283-1402',NULL,'$2y$10$MOPB5FegbDJwLjpxhL85HuVOHL.UB1S0j8oibAWtKao7O5HOUw.we',NULL,'2025-02-07 11:06:10','2025-02-07 11:06:10',NULL,'ROAD TRIP','South Kirkwood, LLC','9226 South Kirkwood Rd','Houston','TX','77099','832-646-8155','Mustafa Ali',NULL,NULL,NULL,'91624','AMTS',6,'Monthly','AMTX','0','0',NULL,NULL),
(650,'SHELL FOOD MART',NULL,'+1281-494-2214',NULL,'$2y$10$V3dKtyuocBtATAIcQ9YoIOifnXjiTdTdmvvl3cBouliI5/V6Leluq',NULL,'2025-02-07 11:07:57','2025-02-07 11:07:57',NULL,'SHELL FOOD MART','ARIA & EHAN INC','2575 ELDRIDGE RD STE A','SUGAR LAND','TX','77478','832-466-7546','Altaf',NULL,'alt1120@gmail.com',NULL,'75724','AMTS',6,'Monthly','AMTX','0','0',NULL,NULL),
(651,'SHOP N GO','shopngo627@gmail.com','+1832-630-4888',NULL,'$2y$10$VkqbNIeyyMbIQFGyZZ8Szu9/64iYmbPt8SxpVEyyqhh2DMQRRJF5G',NULL,'2025-02-07 11:09:53','2025-02-07 11:09:53',NULL,'SHOP N GO','ARYA C-STORES INC','12222 Bisonnet St Ste Z','Houston','TX','77099','832-276-3184','Nizar',NULL,NULL,NULL,'63226','AMTS',6,'Monthly','AMTX','0','0',NULL,NULL),
(652,'M-N-J Grocery','alzstore290@gmail.com','+1(512) 273-0203',NULL,'$2y$10$wSYKfnoAw.ZARmLNr5rkYOn.h8azBC9qveO/Q93txzs77xNFbotyG',NULL,'2025-02-18 10:10:17','2025-02-18 10:10:17',NULL,'ALZ Store LLC','ALZ Store LLC','1606 Highway 290 E','Mc Dade','TX','78650','210-900-9343','Arif',NULL,NULL,NULL,'54262','Petro-Tank Solutions',6,'Monthly','AMTX','0','0',NULL,NULL),
(653,'Manor Xpress Mart','praslaerick@gmail.com','+1512-521-9034',NULL,'$2y$10$NhAM3wDgNlEKPDqyMeYx4.KmvpRI/jdndej1vrCu8QdRoY6r5Riim',NULL,'2025-02-18 10:13:51','2025-02-18 10:13:51',NULL,'12130 Fm 973 LLC','S & Z Trading INC','12130 N FM 973 Rd Ste 101','Manor','TX','78653','512-590-5615','Salim',NULL,'salim.prasla@yahoo.com',NULL,'79572','Petro-Tank Solutions',6,'Monthly','AMTX','0','0',NULL,NULL),
(654,'Merito Food Mart','meritofoodmart@yahoo.com',NULL,NULL,'$2y$10$9ZzqearoVclQnQeNjBZFSufcEgPMQ8mgANWbfg4DtuBZr.wkdFSoe',NULL,'2025-02-18 10:16:10','2025-02-18 10:16:10',NULL,'AGOG Business INC','AGOG Business INC','201 Ranch Road 620 N','Lakeway','TX','78734','512 961-0023','Mehndi',NULL,NULL,NULL,'43328','Petro-Tank Solutions',6,'Monthly','AMTX','0','0',NULL,NULL),
(655,'Metro Mart','metromart04@gmail.com',NULL,NULL,'$2y$10$IF0o8CGJsH845wibqND0ZuAyB.huKd9VFu4AypVla9qGBqwxD1WZ2',NULL,'2025-02-18 10:18:23','2025-02-18 10:18:23',NULL,'Expert Enterprises INC','Expert Enterprises INC','1600 Ohlen Rd','Austin','TX','78758','512-287-0443',NULL,NULL,'zahirmali66@gmail.com',NULL,'36618','Petro-Tank Solutions',6,'Monthly','AMTX','0','0',NULL,NULL),
(656,'Mikes Mini Mart','mikesminimart928@gmail.com','+1Karim 512-423-4359',NULL,'$2y$10$ZO3R8oh4vbFAGFfeCTGWMujquCrczhTHEz98i1cYgYZ0oAAdDAcRe',NULL,'2025-02-18 10:20:51','2025-02-18 10:20:51',NULL,'Julmen Retail Company INC','7101 EB Retail LLC','7101 ED Bluestein Blvd','Austin','TX','78723','512-576-2284','Nazim',NULL,NULL,NULL,'28632','Petro-Tank Solutions',6,'Monthly','AMTX','0','0',NULL,NULL),
(657,'Mr Jims','mrjims1999@gmail.com','+1512-698-1816',NULL,'$2y$10$eKwAVp8QQwNMVPflGB0rqOitULo22E.Fdj.dxHYahtYRH7cQev96S',NULL,'2025-02-18 10:24:09','2025-02-18 10:24:09',NULL,'Mr. Jim\'s Grocery INC','Upstack Business LLC','302 W Murray St','Manor','TX','78653','512-293-0118','Parvez Karovalia',NULL,NULL,NULL,'6820','Petro-Tank Solutions',6,'Monthly','AMTX','0','0',NULL,NULL),
(658,'North Zulch Grocery','northzulch21@gmail.com',NULL,NULL,'$2y$10$fs1c17WfSGJQg/EpCI8LXeTOgnaLd1CJSM5M2U0d356JltedahkaG',NULL,'2025-02-18 10:26:51','2025-03-03 09:18:15',NULL,'May Enterprises LLC','May Enterprises LLC','12942 Highway 21 W','North Zulch','TX','77872','602-334-3384','Mehboob',NULL,'MehboobSunesara@yahoo.com',NULL,'20389','Petro-Tank Solutions',6,'Monthly','AMTX','0','0',NULL,NULL),
(659,'Northside Market','northsidemarket912@gmail.com',NULL,NULL,'$2y$10$/P7Zpk8x9ZjOtB7HQi5deewTWhZML0wjPMuXSBKmX0NuovYqB7JMS',NULL,'2025-02-18 10:29:06','2025-02-18 10:29:06',NULL,'Northside Market LLC','Northside Market LLC','912 N LA Salle St','Navasota','TX','77868','979-739-1754','Karim Lalgi',NULL,NULL,NULL,'93058','Petro-Tank Solutions',6,'Monthly','AMTX','0','0',NULL,NULL),
(660,'Oltorf Food Mart','oltorffood2018@gmail.com','+1512-443-5335',NULL,'$2y$10$V1CB3vc8fDsv3iCDe/TSJ.eVkcfyWOyDJjZ9M5Y0kzat1tSPazDAu',NULL,'2025-02-18 10:31:55','2025-02-18 10:31:55',NULL,'Entrust Holdings INC','Sra Business Inc','2225 E Oltorf St','Austin','TX','78741','512-850-1678','Riaz',NULL,'abidalidhuka@yahoo.com',NULL,'25762','Petro-Tank Solutions',6,'Monthly','AMTX','0','0',NULL,NULL),
(661,'Mickeys 1',NULL,'+1254-680-6959',NULL,'$2y$10$HF7h9phWxL6ZPb5C83cL9.AHXgWBAiblU4Gx7kE5sovUKPSd7uuba',NULL,'2025-02-18 10:35:12','2025-02-18 10:35:12',NULL,'Telal Development LLC','Na2 Business LLC','3802 E Stan Schlueter Loop','Killeen','TX','76542','512-413-8447','Rahim',NULL,'ali.alishah010@gmail.com',NULL,'68309','Petro-Tank Solutions',6,'Monthly','AMTX','0','0',NULL,NULL),
(662,'Mickeys 12','thapabin@gmail.com','+1254-542-7415',NULL,'$2y$10$K.J1zBspf1eEu9gJiul33OxTcfzPL9FmI2YglqK7icO/qTM7iyXTi',NULL,'2025-02-18 10:37:10','2025-02-18 10:37:10',NULL,'Telal Development LLC','Abhik Abhay LLC','2101 E Business 190','Copperas Cove','TX','76522','512-203-5049','Nash',NULL,'nash786110@sbcglobal.net',NULL,'73837','Petro-Tank Solutions',6,'Monthly','AMTX','0','0',NULL,NULL),
(663,'Mickeys 2','newmickeys2@gmail.com','+1254-690-3160',NULL,'$2y$10$wmsU2yRWV1x4P508XyTvc.LTNLXUPyJcW02C9UHVTwYk7kzwUbaUe',NULL,'2025-02-18 10:41:01','2025-02-18 10:41:01',NULL,'Telal Development LLC','Unity Four Ventures LLC','2000 Trimmier Rd','Killeen','TX','76541','512-415-0206','Mehdi',NULL,NULL,NULL,'33661','Petro-Tank Solutions',6,'Monthly','AMTX','0','0',NULL,NULL),
(664,'Mickeys 20','m20bizllc@gmail.com','+1254-634-1911',NULL,'$2y$10$qdk1Sona3EWp1tCd0Rqm8.luRS5VdW1xNChEv2q7MlkAtLjgEyoQi',NULL,'2025-02-18 10:43:23','2025-02-18 10:43:23',NULL,'Telal Development LLC','Four Friends Business LLC','3001 Old Fm 440 Rd','Killeen','TX','76549','512-743-5871','Asif',NULL,NULL,NULL,'33654','Petro-Tank Solutions',6,'Monthly','AMTX','0','0',NULL,NULL),
(665,'Mickeys 21','mickeys21@yahoo.com','+1254-690-6361',NULL,'$2y$10$lavG5Uk5atTHnE35Fuvr8.684VRudjIOU/tu9u5PCVso81PfF0r4i',NULL,'2025-02-18 10:47:14','2025-02-18 10:47:14',NULL,'Telal Development LLC','Anju Prakash Enterprise INC','4302 E Stan Schlueter Loop','Killeen','TX','76542','737-484-2732','Parkash',NULL,'badal1288@gmail.com',NULL,'23983','Petro-Tank Solutions',6,'Monthly','AMTX','0','0',NULL,NULL),
(666,'Mickeys 22','newmickeysstores@gmail.com','+1254-690-1367',NULL,'$2y$10$pfdrwaq7iPsPemYEmqZ7mOA.iwZG43hY3EilXYsJCmIgSASdgnxv.',NULL,'2025-02-18 10:49:22','2025-02-18 10:49:22',NULL,'Telal Development LLC','Four Stars Business #2 LLC','4808 Westcliff Rd','Killeen','TX','76543','512-413-8447','Rahim',NULL,NULL,NULL,'44590','Petro-Tank Solutions',6,'Monthly','AMTX','0','0',NULL,NULL),
(667,'Mickeys 23','mickeys23new@gmail.com','+1254-690-1881',NULL,'$2y$10$A.WDpkSy6bApB7F/lTVX8.GaIVNbCUdEu0a5ip9O.hru6prFtdpnG',NULL,'2025-02-18 10:51:16','2025-03-03 09:35:00',NULL,'Telal Development LLC','Four Stars Business #2 LLC','202 E FM 2410 Rd','Harker Heights','TX','76548','512-413-8447','Rahim',NULL,'Azmeerkhowaja3@gmail.com',NULL,'46545','Petro-Tank Solutions',6,'Monthly','AMTX','0','0',NULL,NULL),
(668,'Mickeys 25','mickeys25new@gmail.com','+1254-628-8155',NULL,'$2y$10$qgrhcCoZ95SUq05pnmyWpuUi0XOgTdePgWnzNSeGjQKij3yRvU2KO',NULL,'2025-02-18 10:53:03','2025-03-03 09:35:18',NULL,'Telal Development LLC','Four Stars Business #2 LLC','3200 S Fort Hood St','Killeen','TX','76542','512-413-8447','Rahim',NULL,'Azmeerkhowaja3@gmail.com',NULL,'66302','Petro-Tank Solutions',6,'Monthly','AMTX','0','0',NULL,NULL),
(669,'Mickeys 3',NULL,'+1254-628-0343',NULL,'$2y$10$jisyk1OejkUuyjm2L4ZcuupMQXXCjrdFoEvBdgbZDwa0f/z.ViluS',NULL,'2025-02-18 10:54:34','2025-02-18 10:54:34',NULL,'Telal Development LLC','Dyatri Inc','902 W Jasper Dr','Killeen','TX','76542','512-902-1716','Naushad',NULL,'nayyir19@gmail.com',NULL,'33672','Petro-Tank Solutions',6,'Monthly','AMTX','0','0',NULL,NULL),
(670,'Mickeys 4','newmickeys4@gmail.com','+1254-690-3779',NULL,'$2y$10$8lj3UU87aap/6r8KwukT4OishmA03kpp66uFvaDh4QH4KsD66.W4S',NULL,'2025-02-18 10:56:36','2025-02-18 10:56:36',NULL,'Telal Development LLC','Unity Four Ventures LLC','2101 S W S Young Dr','Killeen','TX','76543','512-413-8447','Rahim',NULL,NULL,NULL,'33666','Petro-Tank Solutions',6,'Monthly','AMTX','0','0',NULL,NULL),
(671,'Mickeys 5','mickeysstores@gmail.com','+1254-200-0250',NULL,'$2y$10$m9.PvrlctivE.9QTL1TayeCUp7bERtVrqAp5iqjedosU0gMvJ.OIa',NULL,'2025-02-18 10:58:47','2025-02-18 10:58:47',NULL,'Telal Development LLC','Four Stars Business #1 LLC','4701 Clear Creek Rd','Killeen','TX','76549','512-413-8447','Rahim',NULL,NULL,NULL,'74150','Petro-Tank Solutions',6,'Monthly','AMTX','0','0',NULL,NULL),
(672,'Mickeys 8',NULL,'+1254-680-5015',NULL,'$2y$10$oMAt8chsPH59BLse0r6SwO5xZNoWFCWB.kNXRkhO9cc7eZrRWv12u',NULL,'2025-02-18 11:03:56','2025-02-18 11:03:56',NULL,'Telal Development LLC','Four Star Business #1 LLC','552 W Veterans Memorial Blvd','Harker Heights','TX','76548','512-415-0206','Mehdi',NULL,'mickeysstores@gmail.com',NULL,'72371','Petro-Tank Solutions',6,'Monthly','AMTX','0','0',NULL,NULL),
(673,'Mickeys 16','pickmart20@gmail.com','+1254-547-9786',NULL,'$2y$10$kyr6PPESFpIjMQBy3A3p5.FEy2yJ0p7/YmRrxka4hFKZnz/Jrjex2',NULL,'2025-02-18 11:07:06','2025-02-18 11:07:06',NULL,'Telal Development LLC','Super Mart 20 LLC','1306 Georgetown Rd','Copperas Cove','TX','76522','512 577 4835','Shokat',NULL,NULL,NULL,'33657','Petro-Tank Solutions',6,'Monthly','AMTX','0','0',NULL,NULL),
(674,'Mickeys 6','m6bizllc@gmail.com','+1254-200-1611',NULL,'$2y$10$Xie0XFWWbfSrQ2sws7tYJu.WWrgYSbwQ1rkvL0HwjyMoqrBGmZuGm',NULL,'2025-02-18 11:10:37','2025-02-18 11:10:37',NULL,'Telal Development LLC','Unity Four Ventures LLC','2201 E Stan Schlueter Loop','Killeen','TX','76549','512-743-5871','Asif',NULL,NULL,NULL,'84289','Petro-Tank Solutions',6,'Monthly','AMTX','0','0',NULL,NULL),
(675,'Payless','mohammadthe1ahmed@gmail.com',NULL,NULL,'$2y$10$8pi/9iRn.1DLLXcXJ8lz/ONC8fdzRCxKyS.YRmlbb8eX/IeVZlWLS',NULL,'2025-02-18 11:25:15','2025-02-18 11:25:15',NULL,'QIREM ENTERPRISE LLC','QIREM ENTERPRISE LLC','7737 W Military Dr','San Antonio','TX','78227','210-842-9573','Zulfikar',NULL,'ahmed.zulfikar02@hotmail.com',NULL,'18851','Petro-Tank Solutions',6,'Monthly','AMTX','0','0',NULL,NULL),
(676,'Peak Point',NULL,'+1210-367-3104',NULL,'$2y$10$PZ/L9Rt2k5rxua2b2aht1OdKxYYwPneIXh6aUB0NjlMOXWV79SqNC',NULL,'2025-02-18 11:31:52','2025-02-18 11:31:52',NULL,'E Z IN FOOD MART INC','E Z IN FOOD MART INC','3703 SW Military Dr','San Antonio','TX','78211','210-760-7286',NULL,NULL,'ezshop33@gmail.com',NULL,'6939','Petro-Tank Solutions',6,'Monthly','AMTX','0','0',NULL,NULL),
(677,'Petro Park','petroparkbuda@gmail.com','+1512-577-2993',NULL,'$2y$10$fNgjP41SDGmdKBtuglbOh.zDV8GTGc6wN6Nt4n0qdnKUhOlJMP8yi',NULL,'2025-02-18 11:33:53','2025-03-03 09:21:20',NULL,'Three Stars Investment, Inc.','Three Stars Investment, Inc.','401 N FM 1626','Buda','TX','78610','512-554-4640','Amirali Momin',NULL,'Rock89u@gmail.com',NULL,'91141','Petro-Tank Solutions',6,'Monthly','AMTX','0','0',NULL,NULL),
(678,'Pleasanton Food Store',NULL,'+1210-922-4681',NULL,'$2y$10$WnzD5jplbTO7VHmQ5HwtDeyGuK.D7s73gI2BsBWXFFYofMTqXSlfO',NULL,'2025-02-18 11:35:25','2025-02-18 11:35:25',NULL,'SWENY INC','SWENY INC','2927 Pleasanton Rd','San Antonio','TX','78221',NULL,NULL,NULL,'akmaredia7860@gmail.com',NULL,'17065','Petro-Tank Solutions',6,'Monthly','AMTX','0','0',NULL,NULL),
(679,'Potranco Food Mart',NULL,'+1210-884-9923',NULL,'$2y$10$qHNi1ge0Xp65H97eoFlKZOLjRtnOLrG0LCxNls/q/ik45VqRhRZP6',NULL,'2025-02-18 11:36:50','2025-02-18 11:36:50',NULL,'ASANTE INC','ASANTE INC','10775 Potranco Rd','San Antonio','TX','78251','210-865-1901','Sufiyan Rehman',NULL,'rahmansufiyan@gmail.com',NULL,'24570','Petro-Tank Solutions',6,'Monthly','AMTX','0','0',NULL,NULL),
(680,'Power Stop#3','Benqwest@yahoo.com',NULL,NULL,'$2y$10$0GMUgIExyaG2zqM8Zn70JuvoPbvSVCyMZ2AkXDrp7yPh4U/EtFyq2',NULL,'2025-02-18 11:38:25','2025-02-18 11:38:25',NULL,'BENQWEST LLC','BENQWEST LLC','8600 Menchaca Rd','Austin','TX','78748','512-565-1048','Korim Ahmed',NULL,NULL,NULL,'68883','Petro-Tank Solutions',6,'Monthly','AMTX','0','0',NULL,NULL),
(681,'Primos Food Store','jansbusinessllc@gmail.com','+1713-550-7639',NULL,'$2y$10$C8Nd7EIxp8u.KdpuSC7H6edSTkGj5sSAav6stbjXnwG0nyxHHedTO',NULL,'2025-02-18 11:39:51','2025-02-18 11:39:51',NULL,'NAZU DIAMOND INC','Jans Business LLC','5327 Cameron Rd','Austin','TX','78723','512-375-0039','SHAFIQ',NULL,NULL,NULL,'38594','Petro-Tank Solutions',6,'Monthly','AMTX','0','0',NULL,NULL),
(682,'Pronto C-Store','prontocstore8630@yahoo.com',NULL,NULL,'$2y$10$ew5IpPIORFgIwVW/jeXPSuiRKBsnaqktjlU3lCA.QWUTekt2DGoii',NULL,'2025-02-18 11:41:12','2025-02-18 11:41:12',NULL,'PROMPT FUEL INC','PROMPT FUEL INC','8630 Research Blvd','Austin','TX','78758','512-698-4892','Rafik',NULL,NULL,NULL,'10900','Petro-Tank Solutions',6,'Monthly','AMTX','0','0',NULL,NULL),
(683,'Quality Star Food Mart','sunnyalib@yahoo.com','+1512-731-0952',NULL,'$2y$10$q6w4m0LJwTaQVFpSybgcaeSNWrINMEj63CgHQWs9fjuUW5kVBQ80.',NULL,'2025-02-18 12:44:10','2025-02-18 12:44:10',NULL,'ZERIQ MOMIN INC','ZERIQ MOMIN INC','301 1st N St.','Copperas Cove','TX','76522','512-299-8932','Anif',NULL,'mominanif@gmail.com',NULL,'79573','Petro-Tank Solutions',6,'Monthly','AMTX','0','0',NULL,NULL),
(684,'Quick C Store','quick1501@gmail.com',NULL,NULL,'$2y$10$h7.rqt0YHwvEDyr7CioNV.VLj3OEVBixfBSrLLSbVW/VAmKBvUJta',NULL,'2025-02-18 12:45:47','2025-02-18 12:45:47',NULL,'HUTTO FUEL INC','HUTTO FUEL INC','1501 Chris Kelley Blvd','Hutto','TX','78634','512-773-4645','Rahim',NULL,NULL,NULL,'86043','Petro-Tank Solutions',6,'Monthly','AMTX','0','0',NULL,NULL),
(685,'Quick C-Store 2',NULL,NULL,NULL,'$2y$10$hXFAz.kyd1bDNvWRm7QZq.ds8KQUp0YK31/O0AxikzJ7D4MjxHlna',NULL,'2025-02-18 12:46:56','2025-02-18 12:46:56',NULL,'RSP FUEL INC','RSP FUEL INC','9618 Menchaca Road','Austin','TX','78748','512-773-4239','Syeed',NULL,'syeed68@gmail.com',NULL,'11003','Petro-Tank Solutions',6,'Monthly','AMTX','0','0',NULL,NULL),
(686,'Quick Mart','quickmart1071@gmail.com',NULL,NULL,'$2y$10$4B7sh7SbfEnd81KqFjAwFuG3P7SvNEwajRkmAU0Ri6eI66Wg95EN.',NULL,'2025-02-18 12:48:14','2025-02-18 12:48:14',NULL,'Aman And Arman LLC','Aman And Arman LLC','1071  hwy 46 S','New Braunfels','TX','78130',NULL,'Ashraf Ali',NULL,NULL,NULL,'83529','Petro-Tank Solutions',6,'Monthly','AMTX','0','0',NULL,NULL),
(687,'Quick Mart (Pappa Zipps)','quickmartim@gmail.com','+1936-668-2674',NULL,'$2y$10$loc6j8gU4qs8vTZ76DodP./Q1IqX45cTF2gVZAUtpe27rtcopvBUa',NULL,'2025-02-18 12:49:37','2025-02-18 12:49:37',NULL,'Ikmm LLC','Ikmm LLC','2101 S Hackberry St','San Antonio','TX','78201','832-461-3119','Moiz Maredia',NULL,NULL,NULL,'35884','Petro-Tank Solutions',6,'Monthly','AMTX','0','0',NULL,NULL),
(688,'Quick Save',NULL,'210-663-6107',NULL,'$2y$10$XsbH/K00USwYnR/m4yMcFOqBznSwp2B5HdpKDMMMDN1gnKICmOBQe',NULL,'2025-02-18 12:51:23','2025-02-18 12:52:02',NULL,'Rahemat & Sons, Inc.','Rahemat & Sons, Inc.','2347 Castroville Rd','San Antonio','TX','78237','832-640-5518','Allaudin',NULL,'allauddinalim@gmail.com',NULL,'14311','Petro-Tank Solutions',6,'Monthly','AMTX','0','0',NULL,NULL),
(689,'Quick Way Grocery','quickway110@yahoo.com','+1512-916-4255',NULL,'$2y$10$NE5B0Vp0nAYqTbIB3OCfhOfxjoUlkcMxWtM2QOuFkrwccE8jnpXx6',NULL,'2025-02-18 12:55:15','2025-02-18 12:55:15',NULL,'AUSTIN CONVENIENCE STORES INC','AUSTIN CONVENIENCE STORES INC','1802 W 2nd St','Taylor','TX','76574','512-629-0907','Mustaq',NULL,'mustaq.momin@yahoo.com',NULL,'75803','Petro-Tank Solutions',6,'Monthly','AMTX','0','0',NULL,NULL),
(690,'Quik Save 1',NULL,'+1210-535-5183',NULL,'$2y$10$EfCpoFFIqyRMokmQBXDU3ef15emDwe6q55qKg8ZfSIIRMkBCBlZ9u',NULL,'2025-02-18 12:56:29','2025-02-18 12:56:29',NULL,'TRISTAR BUSINESS INC','TRISTAR BUSINESS INC','2111 Hunt Ln','San Antonio','TX','78227','210-535-5183','Karimali Momin',NULL,'karimali7652@gmail.com',NULL,'37955','Petro-Tank Solutions',6,'Monthly','AMTX','0','0',NULL,NULL),
(691,'Quik Stop Grocery','g.san78@yahoo.com','+1512-255-4609',NULL,'$2y$10$nE/fYeuHzTk1lrvpIEV52eNJ0jLPG6/nQG79KlrsPMAzwsNPI3kWa',NULL,'2025-02-18 12:58:17','2025-02-18 12:58:17',NULL,'Round Rock Plaza UST, LLC','JKR Brother\'s Inc.','1740 N Mays St','Round Rock','TX','78664','512-751-7372','Mustaq',NULL,'mushtaqali@sbcglobal.net',NULL,'11318','Petro-Tank Solutions',6,'Monthly','AMTX','0','0',NULL,NULL),
(692,'Rana Grocery','aymaanmomin@gmail.com',NULL,NULL,'$2y$10$07cCHqVIGEnOiYktM5IDWudjTsgovpBKJc.GbtFn/fWJT.RXbZUou',NULL,'2025-02-18 13:09:54','2025-02-18 13:09:54',NULL,'RANA RETAIL INC','RANA RETAIL INC','1501 Groesbeck Street','Bryan','TX','77803','972-739-4033','Rahim',NULL,'Rahim@roadwazegroup.com',NULL,'20379','Petro-Tank Solutions',6,'Monthly','AMTX','0','0',NULL,NULL),
(693,'Roadster 17','roadsterstore17@gmail.com',NULL,NULL,'$2y$10$2bzcQRMLVhSe3/Di3TPPEur3iQv80MzUugrtc5rzgvoGJTUiadx/e',NULL,'2025-02-18 13:12:01','2025-03-03 09:23:34',NULL,'Jarrell Property, LLC','Jarrell Store, Inc.','13745 N IH 35','Jarrell','TX','76537','210 995 9554','Mobin',NULL,'Mubinmaredia@gmail.com',NULL,'90180','Petro-Tank Solutions',6,'Monthly','AMTX','0','0',NULL,NULL),
(694,'Roadtrip','roadtripstore140@gmail.com','+1210-316-8880',NULL,'$2y$10$5KnApHw77b6fmFg21qk1m.WTggATt6NJiP0Gf9qox9pl0j6pzkWqa',NULL,'2025-02-18 13:13:34','2025-02-18 13:13:34',NULL,'DRIPPING SPRINGS EXPRESS LLC','DRIPPING SPRINGS EXPRESS LLC','140 Arrowhead Ranch Blvd','Dripping Springs','TX','78620','210 995 9556','Nizar Maredia',NULL,NULL,NULL,'92071','Petro-Tank Solutions',6,'Monthly','AMTX','0','0',NULL,NULL),
(695,'Rosedale Market','rosedalemarketatx@gmail.com','+1512-299-7569',NULL,'$2y$10$sOnlyK2iVuHbf9tPdwJEXuyRSZun0xojTg5qllEGPNhryrm2oNz8O',NULL,'2025-02-18 13:15:50','2025-02-18 13:15:50',NULL,'JBM 45TH STREET LAND LLC','VINSHEEL CORPORATION','1309 W 45th St','Austin','TX','78756','512-466-7094','Daniel Joshi',NULL,'rosedaleaustin@outlook.com',NULL,'17724','Petro-Tank Solutions',6,'Monthly','AMTX','0','0',NULL,NULL),
(696,'SA Food Mart','safoodmart2011@yahoo.com',NULL,NULL,'$2y$10$iY82ecMzX5e1Xt4cnfO/tO2hTGeE3b3bAiCFauNUHBWXl4b1qNM3m',NULL,'2025-02-18 13:30:02','2025-02-18 13:30:02',NULL,'SA Food Mart INC','SA Food Mart INC','1902 Stedwick Dr','San Antonio','TX','78251','210-286-0550','Raj',NULL,'rajsspraj@gmail.com',NULL,'7107','Petro-Tank Solutions',6,'Monthly','AMTX','0','0',NULL,NULL),
(697,'San Food Mart 2',NULL,'+1210-922-7799',NULL,'$2y$10$Ic2jqQzkSJKShkeOemNSQO2n8rX7nvwIWoeZ7OSgzkt7SKIhQvM0a',NULL,'2025-02-18 13:31:49','2025-02-18 13:31:49',NULL,'Quintana Food INC','Quintana Food INC','2101 Quintana Rd','San Antonio','TX','78211','210-995-9556','Nizar Maredia',NULL,'nizarali_maredia@sbcglobal.net',NULL,'58066','Petro-Tank Solutions',6,'Monthly','AMTX','0','0',NULL,NULL),
(698,'Schertz Xpress Mart','schertzxpress@gmail.com',NULL,NULL,'$2y$10$vYbiCeSj28p58Ei7BY8aluvD5z3.miJRT1MyV1BZYOj/fsfb5K2ie',NULL,'2025-02-18 13:33:53','2025-03-03 09:17:45',NULL,'Zeenat & Salim Investments INC','Rass Business INC','821 Live Oak Rd','Schertz','TX','78154','512-775-1856','Rafiq',NULL,'salim.prasla@yahoo.com',NULL,'85622','Petro-Tank Solutions',6,'Monthly','AMTX','0','0',NULL,NULL),
(699,'Shiro Grocery',NULL,'+1281-798-5766',NULL,'$2y$10$x56PIKRNTnxs.r7.tAuZleX.a.lDjl2DFeRFeywXoiWcTHiKhOo92',NULL,'2025-02-18 13:37:23','2025-02-18 13:37:23',NULL,'Shiro Property LLC','Ishna Enterprises LLC','19272 State Highway 30','Shiro','TX','77873','979-820-1071','Abid',NULL,'abidm2977@gmail.com',NULL,'69530','Petro-Tank Solutions',6,'Monthly','AMTX','0','0',NULL,NULL),
(700,'Flores Neighborhood Food Mart','floresneighborhoodfoodmart@gmail.com',NULL,NULL,'$2y$10$PZmDhS6Nm2YX9TSE1zLiJuOcZOFCh2CubTGKIZSfav3d900w02wTS',NULL,'2025-02-18 13:39:10','2025-02-28 14:27:39',NULL,'Hare Krishna Hare Ram LLC','Hare Krishna Hare Ram LLC','6226 S Flores St','San Antonio','TX','78214','361-522-9969','Nitin',NULL,NULL,NULL,'1163','Petro-Tank Solutions',6,'Monthly','AMTX','0','0',NULL,NULL),
(701,'Snack Stop','Snackstop9@gmail.com',NULL,NULL,'$2y$10$OCmaI8vBLVokasXZqKjgOOc9howmePcIlIa/qE/kbKesskXFuEhNq',NULL,'2025-02-18 13:43:11','2025-02-18 13:43:11',NULL,'Bz Mila, LLC','Blake Manor, LLC','17111 Blake Manor Rd','Manor','TX','78653','512-521-9034','Erick Prasla',NULL,NULL,NULL,'92712','Petro-Tank Solutions',6,'Monthly','AMTX','0','0',NULL,NULL),
(702,'Snack Time 2','snacktime1100@outlook.com','+1512-767-5746',NULL,'$2y$10$lJrODBvh2RjgFjNo.S8vguhlwcLrARE12S.DlGFI.CfwkYR.dxqUS',NULL,'2025-02-18 13:44:48','2025-03-03 09:18:49',NULL,'Southshore District Inc','Southshore District Inc','1100 E Parmer Ln','Austin','TX','78753','512-669-0631','Abid',NULL,'rafiqalimaredia@gmail.com',NULL,'92261','Petro-Tank Solutions',6,'Monthly','AMTX','0','0',NULL,NULL),
(703,'Speedy Mart','speedymart300@gmail.com','+1Rafik 346-229-0786',NULL,'$2y$10$WQC8hWWmww6v5iE4PNwcw.PCAFhTJ45F2/7uXPfy6PRFU31NitAOq',NULL,'2025-02-18 13:49:52','2025-02-18 13:49:52',NULL,'Rocky LLC','Rocky LLC','300 N Main St','Belton','TX','76513','682-557-8389','Hussain',NULL,NULL,NULL,'7205','Petro-Tank Solutions',6,'Monthly','AMTX','0','0',NULL,NULL),
(704,'Speedy Stop','speedystop101@gmail.com',NULL,NULL,'$2y$10$zKX3nT242jKnylnsQ6jiZOw.ak3/GETUR5MEB.m0Uj0oBK352drr2',NULL,'2025-02-18 13:51:46','2025-02-18 13:51:46',NULL,'Samit 2002 LLC','Samit 2002 LLC','14735 Bratton Ln Ste 101','Austin','TX','78728','512-698-7280','Mehdi',NULL,'mehdi7280@yahoo.com',NULL,'37325','Petro-Tank Solutions',6,'Monthly','AMTX','0','0',NULL,NULL),
(705,'Splawn Ranch Travel Center','splawnranch2023@gmail.com','+1Alfin 737-287-9488',NULL,'$2y$10$kXz6vL4aRgHmhAbgzt1UzeeUNdKjmTOjP1zT5q3nk/T/4hJOhGC26',NULL,'2025-02-18 13:55:13','2025-02-18 13:55:13',NULL,'Noor Suerte LLC','Noor Suerte LLC','10640 S Fort Hood St Ste 104','Killeen','TX','76544','512-750-4400','Najimbhai Maknojiya',NULL,'jykmsplawnranch@aol.com',NULL,'87586','Petro-Tank Solutions',6,'Monthly','AMTX','0','0',NULL,NULL),
(706,'Pond Spring Xpress','pondspringfood@gmail.com','+1832-867-7479',NULL,'$2y$10$Y1xmM7h2rWq9aalMhZZs5uiQWaXWR.MmoqaFbpq8IgUHfrpJXAV5m',NULL,'2025-02-18 13:57:52','2025-02-18 13:57:52',NULL,'Risnm Co. & Inc','Spring Invest Inc','13125 Pond Springs Rd','Austin','TX','78729','512-426-7412','Rahim Momin',NULL,NULL,NULL,'46576','Petro-Tank Solutions',6,'Monthly','AMTX','0','0',NULL,NULL),
(707,'Star Mart 17','17starmart@gmail.com',NULL,NULL,'$2y$10$OmnCa9sALh.fiHN9yC1Mgu1tIEhvod0Ak1NYoQpTT.K0xDelOWvcu',NULL,'2025-02-18 13:59:32','2025-02-18 13:59:32',NULL,'Coveking LLC','Coveking LLC','6740 FM 2657','Kempner','TX','76539','512-850-3982','Irfan',NULL,NULL,NULL,'40419','Petro-Tank Solutions',6,'Monthly','AMTX','0','0',NULL,NULL),
(708,'Star Mart 6','6starmart@gmail.com',NULL,NULL,'$2y$10$KCuldB/H.xqMhbMNIyDaT.GINeDO18NAJa.9lXg2oheQVxRmtWXgK',NULL,'2025-02-18 14:01:12','2025-02-18 14:01:12',NULL,'Qking Inc','Qking Inc','238 W Business 190','Copperas Cove','TX','76522','512-850-3982','Irfan',NULL,NULL,NULL,'33718','Petro-Tank Solutions',6,'Monthly','AMTX','0','0',NULL,NULL),
(709,'Stassney Food Mart','stassneyfoodmart@gmail.com','+1512-326-1241',NULL,'$2y$10$OAuzXemM.oUkB0L1McKJ0OomvCcve.woaUdsaGo/5vM3fDIXTk4ti',NULL,'2025-02-18 14:03:05','2025-03-03 09:20:02',NULL,'Stassney Food Mart Inc','Stassney Food Mart Inc','5717 S Interstate 35 Bldg D','Austin','TX','78744','210-535-4632','Rizwan',NULL,'rizawan06@gmail.com',NULL,'85575','Petro-Tank Solutions',6,'Monthly','AMTX','0','0',NULL,NULL),
(710,'Steves Food Mart',NULL,'+1210-370-0900',NULL,'$2y$10$fsZG/uN3n5tOIkpnclPXxOHUvMEgEeAh5yCOvAfRrudq4h2h21EZ2',NULL,'2025-02-18 14:04:55','2025-02-18 14:04:55',NULL,'Seek Concept LLC','Seek Concept LLC','3102 S Presa St','San Antonio','TX','78210','832-704-3789','Rahim',NULL,'shabarahim@yahoo.com',NULL,'17078','Petro-Tank Solutions',6,'Monthly','AMTX','0','0',NULL,NULL),
(711,'Stop & Buy 2','stopbuy3107@gmail.com','+1210-231-6099',NULL,'$2y$10$5avBXZmBWQ/wbHPUh7r1.u.SsMfPfBQDCdB0vEz0HfBIBiQW7HGq2',NULL,'2025-02-18 14:07:47','2025-02-18 14:07:47',NULL,'Hiza Business LLC','Hiza Business LLC','3107 Martin Luther King Dr','San Antonio','TX','78220','512-293-0118','Mohsin Mansurali',NULL,NULL,NULL,'23023','Petro-Tank Solutions',6,'Monthly','AMTX','0','0',NULL,NULL),
(712,'Stop N Joy',NULL,'+1210-333-6626',NULL,'$2y$10$9JanLBlv0PnXuyzRI2Y.K.SEbBQE/q0Ta1hcXctl4YdAYNVNicumG',NULL,'2025-02-18 14:09:22','2025-02-18 14:09:22',NULL,'RIGSBY INVESTMENTS INC','RIGSBY INVESTMENTS INC','1902 Rigsby Ave','San Antonio','TX','78210','210-535-5183','Karim',NULL,NULL,NULL,'39448','Petro-Tank Solutions',6,'Monthly','AMTX','0','0',NULL,NULL),
(713,'Sunrise Market','huntergrocers@gmail.com',NULL,NULL,'$2y$10$A0Vsno3Niq8dAWIWM2EDwOQu4QfV.5ezzkW3BWes/obmN1XuPQuNy',NULL,'2025-02-18 14:10:55','2025-02-18 14:10:55',NULL,'Hunter Grocers LLC','Hunter Grocers LLC','2745 Hunter Rd','San Marcos','TX','78666','832-561-5052','Mohsin (Mike)',NULL,NULL,NULL,'89090','Petro-Tank Solutions',6,'Monthly','AMTX','0','0',NULL,NULL),
(714,'Sunrise Mini Mart','sunrisebottleshop@gmail.com','+1Ray 512-577-7268',NULL,'$2y$10$lWJnqjkoyuUBVtfSZPsj5.7OZ5smsuQcP1gt/7/AakiuyR1zTleOe',NULL,'2025-02-18 14:12:46','2025-02-18 14:12:46',NULL,'SUNRISE MINI MART INC','SUNRISE MINI MART INC','1809 W Anderson Ln','Austin','TX','78757','512-775-1196','Amirali',NULL,NULL,NULL,'7165','Petro-Tank Solutions',6,'Monthly','AMTX','0','0',NULL,NULL),
(715,'Swift Mart Medina','swiftmedina1@gmail.com','+1832-606-8254',NULL,'$2y$10$gYPU9g2tckjV13aQJOFw2uK6q6aZnD1tBan0xjfNDE8vFt2.PrILW',NULL,'2025-02-18 14:16:46','2025-02-18 14:16:46',NULL,'Swift Mart Medina LLC','Swift Mart Medina LLC','6810 Five Palms Dr','San Antonio','TX','78242','210-685-3930','Syed',NULL,NULL,NULL,'91768','Petro-Tank Solutions',6,'Monthly','AMTX','0','0',NULL,NULL),
(716,'Taylor C Store','prishacstore@gmail.com','+1512-924-2630',NULL,'$2y$10$DFtJHGyk.C7O5qyz9bphseun.kWlW/zUEAJTVA0.2NmXf2uF2SOxC',NULL,'2025-02-18 14:19:24','2025-03-03 09:19:31',NULL,'Prisha Group LLC','Prisha Group LLC','312 W Lake Dr','Taylor','TX','76574','512-228-8893','Drew',NULL,'KEVAL214@GMAIL.COM',NULL,'49146','Petro-Tank Solutions',6,'Monthly','AMTX','0','0',NULL,NULL),
(717,'Texan Market',NULL,NULL,NULL,'$2y$10$QHsWS/XJchFRLxITS6jAqOtWHvi9.Y03KS8QS8Dt02Q/.OanPCm/a',NULL,'2025-02-18 14:29:33','2025-02-18 14:29:33',NULL,'Texan Fuels Ltd','JYKM Union Inc','457 N Harvey Mitchell Pkwy','Bryan','TX','77807','512-751-7372','Mustaq',NULL,'mushtaqali@sbcglobal.net',NULL,'77524','Petro-Tank Solutions',6,'Monthly','AMTX','0','0',NULL,NULL),
(718,'Texan Market 7','amaptx7@gmail.com','+1Raj 512-621-1837',NULL,'$2y$10$Tc94on/7ZmvfOM7U8HkVo.rmQy.mUezZo5twZ91QVdVJ5tpdTlP1K',NULL,'2025-02-18 14:31:47','2025-02-18 14:31:47',NULL,'Amap #7 Inc','Amap #7 Inc','4205 Menchaca Rd','Austin','TX','78704','512-775-1196','Amirali',NULL,'amahesania1@gmail.com',NULL,'4056','Petro-Tank Solutions',6,'Monthly','AMTX','0','0',NULL,NULL),
(719,'Texan Mart','texan8859@gmail.com','+1512-226-3273',NULL,'$2y$10$/.aYI9RQK58T4XnSziBgq.e3SnWD0gXugTA3NBJ/AK9t6TfQyTsI.',NULL,'2025-02-18 14:33:42','2025-03-03 09:42:05',NULL,'Erish Enterprise Inc','Erish Enterprise Inc','7612 Bluff Springs Rd','Austin','TX','78744','512-577-6664','Munasif Maredia',NULL,'munasifmaredia@gmail.com',NULL,'66956','Petro-Tank Solutions',6,'Monthly','AMTX','0','0',NULL,NULL),
(720,'Texas Express Mart','texasexpressmart@gmail.com','+1Ali 512-506-1102',NULL,'$2y$10$ghj3u5hv3AI/gWG8zeZf..CLn2YkDLlbCuakkId3YdKC.yMw6z2sO',NULL,'2025-02-18 14:36:03','2025-02-18 14:36:03',NULL,'Platinum Cedar Park Jubilee Investments Inc','Platinum Brothers Group Inc','12205 West Parmer Ln','Cedar Park','TX','78613','512-577-2993','Karim',NULL,NULL,NULL,'89078','Petro-Tank Solutions',6,'Monthly','AMTX','0','0',NULL,NULL),
(721,'Texas Travel Center',NULL,NULL,NULL,'$2y$10$r3WmrQ2GENZXrzBjreebje4WqxeTysHf17rvUU9NH5OfFoPXPrqyq',NULL,'2025-02-18 14:38:31','2025-02-18 14:38:31',NULL,'JYKM Texas Travel Center LLC','JYKM Texas Travel Center LLC','22612 S Interstate 35','Jarrell','TX','76537','512-751-7372','Mushtaq',NULL,'mushtaqali@sbcglobal.net',NULL,'91227','Petro-Tank Solutions',6,'Monthly','AMTX','0','0',NULL,NULL),
(722,'Tiger Stop 1','tigerrstop1@gmail.com','+1830-899-4699',NULL,'$2y$10$cerRGJZHHdgPXwrJZgZwgeTC7xhRu6s5ctZj61ZAL0wcbv869T1ji',NULL,'2025-02-18 14:40:35','2025-02-18 14:40:35',NULL,'MMB Enterprises Inc','MMB Enterprises Inc','2106 Old Sattler Rd','Canyon Lake','TX','78133','210-216-7948','Bahadur',NULL,NULL,NULL,'46082','Petro-Tank Solutions',6,'Monthly','AMTX','0','0',NULL,NULL),
(723,'Tiger Stop 3','tigerstop3@gmail.com','+1830-964-3444',NULL,'$2y$10$wm7MsJPNJidoyGox92QHbemCo5BZEmTMj.v77Vox2INQScjNq4J6q',NULL,'2025-02-18 14:42:58','2025-02-18 14:42:58',NULL,'Vadhwani Enterprises Inc','MMV CORPORATION','12135 FM 306','Canyon Lake','TX','78133','210-216-7948','Badar',NULL,'richardmbm153@gmail.com',NULL,'56166','Petro-Tank Solutions',6,'Monthly','AMTX','0','0',NULL,NULL),
(724,'Tommys Drive In',NULL,'+1979-823-7939',NULL,'$2y$10$D8e.NI7tZuol7fFe43OV9OvKa5uUMVa52FGUDiIvYGF9.YmpzL2Fq',NULL,'2025-02-18 14:44:38','2025-02-18 14:44:38',NULL,'AAA & FAMILY LLC','AAA & FAMILY LLC','1520 W 28th St','Bryan','TX','77803','281-798-5766','Riyaz',NULL,'maknojiariaz@hotmail.com',NULL,'27088','Petro-Tank Solutions',6,'Monthly','AMTX','0','0',NULL,NULL),
(725,'Trinity Food Mart',NULL,NULL,NULL,'$2y$10$zjnpaBdytt8YLHz5ACbq8O2.JEU43uwmQE6urH7MR6tizvKmp13JW',NULL,'2025-02-18 14:46:08','2025-02-18 14:46:08',NULL,'SRC VENTURES INC','SRC VENTURES INC','202 S Trinity St','San Antonio','TX','78207','210-548-9562','Saleem',NULL,'smomin36@yahoo.com',NULL,'7123','Petro-Tank Solutions',6,'Monthly','AMTX','0','0',NULL,NULL),
(726,'Triple S Express 7','Polarexpress1202@gmail.com','+1210-274-0025',NULL,'$2y$10$eh3dyNQh.snOyZdjSBuak.4PQ9S3d7MSEGQ2sVpHqBuG4XrZwQAda',NULL,'2025-02-18 14:47:56','2025-02-18 14:47:56',NULL,'MS Food Inc','MS Food Inc','1202 Pleasanton Rd','San Antonio','TX','78214','210-636-4904','Hitesh',NULL,NULL,NULL,'32870','Petro-Tank Solutions',6,'Monthly','AMTX','0','0',NULL,NULL),
(727,'Triple S Express 8','Culebramercado@gmail.com','+1210-274-0025',NULL,'$2y$10$uFPP.Ct6L5dq0NcuZjfO4.LvLZc8biRCbTF91Wm/By4LPP1UueTzS',NULL,'2025-02-18 14:49:31','2025-02-18 14:49:31',NULL,'KANUS LLC','KANUS LLC','6221 Culebra Rd','San Antonio','TX','78238','210-636-4904','Hitesh',NULL,NULL,NULL,'30837','Petro-Tank Solutions',6,'Monthly','AMTX','0','0',NULL,NULL),
(728,'Roadrunner','roadruner1431@gmail.com','+1512-785-9600',NULL,'$2y$10$T/tSZNKM4Oj2OK.uf77JoO0dvuDRLPorJKkSCoRppuGZ1LQzBixVm',NULL,'2025-02-19 08:46:26','2025-02-19 08:46:26',NULL,'Mor Investment 3 LLC','Mor Investment 3 LLC','1703 Highway 1431','Marble Falls','TX','78654','512-228-8749','mubashir anwer mohdva',NULL,NULL,NULL,'58847','Petro-Tank Solutions',6,'Monthly','AMTX','0','0',NULL,NULL),
(729,'Valley Mart 10','groffoil@aol.com',NULL,NULL,'$2y$10$ReHnKcvBkbd8KdnVkr1UZu66opp7Geeua.WYuIpWwtwwyc911tY/C',NULL,'2025-02-19 08:49:14','2025-02-19 08:49:14',NULL,'Valley Marts Inc','Conquest Retail LLC','20275 Interstate 37 S','Elmendorf','TX','78112','832-878-9182','Sadik',NULL,'dmvm@graceamg.com',NULL,'70753','Petro-Tank Solutions',6,'Monthly','AMTX','0','0',NULL,NULL),
(730,'Valley Mart 1',NULL,NULL,NULL,'$2y$10$tKVSChH5bMz3NE4xeT1LJeS.5HBKqL504HH8xPyzVwrc0bc/Koy/C',NULL,'2025-02-19 08:53:11','2025-02-19 08:53:11',NULL,'Valley Marts Inc','Conquest Retail LLC','815 US Highway 90 W','Castroville','TX','78009','832-878-9182','Sadik',NULL,'dmvm@graceamg.com',NULL,'74187','Petro-Tank Solutions',6,'Monthly','AMTX','0','0',NULL,NULL),
(731,'Valley Mart 4',NULL,NULL,NULL,'$2y$10$uiJGd3gZunnqbPaeFh7tDeO9nnL4Ye5G301w0k4wNyCcjI83oosAK',NULL,'2025-02-19 08:55:18','2025-02-19 08:55:18',NULL,'Valley Marts Inc','Conquest Retail LLC','521 US Highway 90 E','Castroville','TX','78009','832-878-9182','Sadik',NULL,'dmvm@graceamg.com',NULL,'5945','Petro-Tank Solutions',6,'Monthly','AMTX','0','0',NULL,NULL),
(732,'Valley Mart 5',NULL,NULL,NULL,'$2y$10$iMKqb5vPYCcMRvLdvB7ELeYtaIV6XHyvxg6BNzSvWJDY9Hh/kqNgK',NULL,'2025-02-19 08:56:59','2025-02-19 08:56:59',NULL,'Valley Marts Inc','Conquest Retail LLC','405 US Highway 90 E Ste B','Hondo','TX','78861','832-878-9182','Sadik',NULL,'dmvm@graceamg.com',NULL,'37609','Petro-Tank Solutions',6,'Monthly','AMTX','0','0',NULL,NULL),
(733,'Valley Mart 7',NULL,NULL,NULL,'$2y$10$PzBcEmh04yuBHJsCJNWNYulPl5JI2H4CTHW0B6HYMMtfbpwBaWSEK',NULL,'2025-02-19 09:00:13','2025-02-19 09:00:13',NULL,'Valley Marts Inc','Conquest Retail LLC','12998 Bandera Road','Helotes','TX','78023','832-878-9182','Sadik',NULL,'dmvm@graceamg.com',NULL,'60089','Petro-Tank Solutions',6,'Monthly','AMTX','0','0',NULL,NULL),
(734,'Valley Mart 11',NULL,NULL,NULL,'$2y$10$Zh253ZJ3pAdXsvlt5twQ4eQd0x9OHYuSO.CTpMA5Vq3ETAUtrU4Sq',NULL,'2025-02-19 09:12:11','2025-02-19 09:12:11',NULL,'Valley Marts Inc','Conquest Retail LLC','104 Blue Rdg','Comfort','TX','78013','832-878-9182','Sadik',NULL,'dmvm@graceamg.com',NULL,'47103','Petro-Tank Solutions',6,'Monthly','AMTX','0','0',NULL,NULL),
(735,'Loyola Grocery','loyola6710@gmail.com',NULL,NULL,'$2y$10$0NaB7CFKGL4H1pcQvEoTeuVQbxqw.NbLwYW.2skFYbw4oBab9e19S',NULL,'2025-02-19 09:24:11','2025-03-03 09:40:15',NULL,'LOYOLA GROCERIES INC','LOYOLA GROCERIES INC','6710 Loyola Ln','Austin','TX','78724','512-783-9756','Gopal',NULL,'GOPALKC535@GMAIL.COM',NULL,'39577','Petro-Tank Solutions',6,'Monthly','AMTX','0','0',NULL,NULL),
(736,'Super Maxx','supermaxx7801@gmail.com',NULL,NULL,'$2y$10$K5oOVoKeIeEatfJsHaP.eekqdu803S5ySBSSJYBhpJ629sjxe/NrW',NULL,'2025-02-19 09:25:43','2025-02-19 09:25:43',NULL,'ARFAMOMIN CORP','ARFAMOMIN CORP','7801 FM 969 RD','Austin','TX','78724','512-586-9655','Amin',NULL,NULL,NULL,'28646','Petro-Tank Solutions',6,'Monthly','AMTX','0','0',NULL,NULL),
(737,'A-Stop Food Mart','astop19@yahoo.com',NULL,NULL,'$2y$10$.1mtFAc8NZ5V1qzaRQl13eMKpBeIQ6ls4ZYQuZ2UXjr7l5k785TLO',NULL,'2025-02-19 09:33:36','2025-02-19 09:33:36',NULL,'TIERRA GROCERIES INC','TIERRA GROCERIES INC','2102 S Fm 116','Copperas Cove','TX','76522','512-264-5777','Sadiq',NULL,NULL,NULL,'44872','Petro-Tank Solutions',6,'Monthly','AMTX','0','0',NULL,NULL),
(738,'Fuel Port','fuelport143@gmail.com',NULL,NULL,'$2y$10$hX7KZaOrQz0kDoAaXyNYburHkwHRg4YnEiH7oMBJha/fdZs7VeTOq',NULL,'2025-02-19 09:35:39','2025-03-03 09:29:36',NULL,'143 Business LLC','Apple Retail LLC','6617 W Loop 1604 S','San Antonio','TX','78252','210-760-7286','Neil',NULL,'Maredianash@gmail.com',NULL,'92374','Petro-Tank Solutions',6,'Monthly','AMTX','0','0',NULL,NULL),
(739,'Crossroad Corner Store 7','crcornerstore7@gmail.com',NULL,NULL,'$2y$10$ZF5U.jK.8E.xFZnKc3/uzeAdNnkuYAzVHhglLaHNGnanLy50va5sK',NULL,'2025-02-19 09:36:53','2025-03-03 09:35:57',NULL,'Afs Business Inc','Afs Business Inc','1900 S Market St','Brenham','TX','77833','512-716-9685','Soheb',NULL,'Sohebmaredia1991@gmail.com',NULL,'8877','Petro-Tank Solutions',6,'Monthly','AMTX','0','0',NULL,NULL),
(740,'Nugent Express','nugentexpress35@gmail.com',NULL,NULL,'$2y$10$RcWKlGz1HsvM8UW4lkDE5eNO3HRixS9Yd2.3e1v/yF7EczK5OwPrK',NULL,'2025-02-19 09:38:15','2025-03-03 09:16:19',NULL,'Jrns Business LLC','Jrns Business LLC','1307 N General Bruce Dr','Temple','TX','76504','832-375-9062','Rahim Momin',NULL,'prasla.saif@yahoo.com',NULL,'71042','Petro-Tank Solutions',6,'Monthly','AMTX','0','0',NULL,NULL),
(741,'Sunrise Mini Mart','maherbusinessllc@gmail.com',NULL,NULL,'$2y$10$AQDocbre46uhPXXzoXkl7.L4e8WxP4kOI6McRkKgI.Rc59K.bcSSu',NULL,'2025-02-19 09:39:46','2025-02-19 09:39:46',NULL,'Maher Business LLC','Maher Business LLC','915 W Oltorf St','Austin','TX','78704','832-561-5052','KARIMALI KAROVALIA',NULL,NULL,NULL,'7135','Petro-Tank Solutions',6,'Monthly','AMTX','0','0',NULL,NULL),
(742,'Devine Food Mart','devinefood2023@gmail.com',NULL,NULL,'$2y$10$dAAG2JUqMhAqgSwe1Wcj1ONBP7Zve485.EKqfjDO4MoFWU8fr5.7e',NULL,'2025-02-19 09:41:59','2025-02-19 09:41:59',NULL,'Garden Path LLC','Garden Path LLC','102 N Teel Dr','Devine','TX','78016','210-792-8098','Alsadi Saleh',NULL,'ayedalsadi2015@gmail.com',NULL,'29986','Petro-Tank Solutions',6,'Monthly','AMTX','0','0',NULL,NULL),
(743,'Lake Austin Exxon','chevronlakeaustin@yahoo.com',NULL,NULL,'$2y$10$42a.CVCH1G7HzFpirYaXn.tRa.Ju3GJ0/TuzKUfQFr9y.ni.shHjW',NULL,'2025-02-19 09:43:29','2025-03-03 09:24:12',NULL,'2402 Lake Austin Inc','2402 Lake Austin Inc','2402 Lake Austin Blvd','Austin','TX','78703','512-226-3311','Mohammad Khan',NULL,'mkhan999@msn.com',NULL,'26070','Petro-Tank Solutions',6,'Monthly','AMTX','0','0',NULL,NULL),
(744,'Onion Creek Texaco','onioncreektexaco@gmail.com','+1512-694-2223',NULL,'$2y$10$2qaoWcoNwwey4vviZTqNEehG3Nvwtww0WnE0MrhmW1RGx8jMVx4.O',NULL,'2025-02-19 09:45:12','2025-02-19 09:45:12',NULL,'HINDO INC','HINDO INC','11031 S IH 35','Austin','TX','78747','512-207-0908','Saleem khatri',NULL,NULL,NULL,'62117','Petro-Tank Solutions',6,'Monthly','AMTX','0','0',NULL,NULL),
(745,'H & M FOOD STORE','Shafiqali@sbcglobal.net','+1281-288-1961',NULL,'$2y$10$SmZ1V/VJT0.kuiw9YUawzOQTNCpW4sWdqk7dDbZNOTHA6lH0D882y',NULL,'2025-02-19 10:07:39','2025-02-19 10:07:39',NULL,'STUEBNER EXPRESS INC','STUEBNER EXPRESS INC','3599 Spring Stuebner Rd','Spring','TX','77389','832-256-8852','Shafiqali Maredia',NULL,'shafiqmaredia@gmail.com',NULL,'32342','AMTS',6,'Monthly','AMTX','0','0',NULL,NULL),
(746,'HAIQA FUELS','haiqainc@hotmail.com','+1713-290-0909',NULL,'$2y$10$dKURdOH7iO79DLlS4ZJVAeiUo9DlDsSS5uPKYV7LWnjz.C8hRV4Em',NULL,'2025-02-19 10:09:20','2025-02-19 10:09:20',NULL,'QUZI AUTOMOTIVE INC','HAIQA INC','5805 Pinemont Dr','Houston','TX','77092','281-222-9491','Faheem ghaffar',NULL,'acthaiqainc@outlook.com',NULL,'26146','AMTS',6,'Monthly','AMTX','0','0',NULL,NULL),
(747,'HAMNERS COUNTRY STORE','hamnerscountrystore@gmail.com','+1210-204-4835',NULL,'$2y$10$OII4/0SjBNNEaF2qpUk8Y.F6S5GNH2BL3AvMeiLJQ/gOR04S.F8pq',NULL,'2025-02-19 10:11:20','2025-02-19 10:11:20',NULL,'Rt Retail, Inc','Rt Retail, Inc','27409 Field Store Rd','Waller','TX','77484','281-236-6781','Tajdin',NULL,NULL,NULL,'1277','AMTS',6,'Monthly','AMTX','0','0',NULL,NULL),
(748,'HANDI STOP 98','charaniarahim11@gmail.com',NULL,NULL,'$2y$10$HeT8GMgLHT1SVbtOqfofVuDg5POMpmqelWT7agGvc91885yFghzdq',NULL,'2025-02-19 10:13:17','2025-02-19 10:13:17',NULL,'SJD TEXAS BUSINESS LLC','SJD TEXAS BUSINESS LLC','6007 N Main St','Crosby','TX','77532','832-661-2600','Ibrahim Charania',NULL,'charaniaibrahim@gmail.com',NULL,'75113','AMTS',6,'Monthly','AMTX','0','0',NULL,NULL),
(749,'HARDY\'S DRIVE IN GROCERY','hardysgrocery@yahoo.com','+1936-291-0632',NULL,'$2y$10$KiXHM4SqsfvKZUrEKk9UxeAwp2oW91tnothacFvcXjT9oN601bzKq',NULL,'2025-02-19 10:14:54','2025-02-19 10:14:54',NULL,'MOMIN INC','MOMIN INC','339 State Highway 75 N','Huntsville','TX','77320','262-893-5757','Amin Momin',NULL,NULL,NULL,'31436','AMTS',6,'Monthly','AMTX','0','0',NULL,NULL),
(750,'HAY MARKET','haymarket01@gmail.com','+1678-622-8973',NULL,'$2y$10$M/aohN4M3Tm/4PTy5rn4IOfBuCDjW./k5pmFx7m2tCfoRnX0HAv3W',NULL,'2025-02-19 10:16:32','2025-02-19 10:16:32',NULL,'PAMIR BUSINESS LLC','PAMIR BUSINESS LLC','1030 Haymarket Rd','Dallas','TX','75217',NULL,NULL,NULL,NULL,NULL,'79672','AMTS',6,'Monthly','AMTX','0','0',NULL,NULL),
(751,'HEAVEN CREEK FOOD STORE','heavencreek74@gmail.com','+1281-855-0099',NULL,'$2y$10$idfHuBN0apNSU8nnfGWnlevEIc3bTAgHK4M3gTmbRO0g5EggugS3W',NULL,'2025-02-19 10:18:11','2025-02-19 10:18:11',NULL,'RAKIB & ASSOCIATES INC','RAKIB & ASSOCIATES INC','19940 FM 529 Rd','Cypress','TX','77433','832-576-4690','Rahim',NULL,'rakibmaknojia@gmail.com',NULL,'66092','AMTS',6,'Monthly','AMTX','0','0',NULL,NULL),
(752,'HEMPSTEAD EXPRESS TRUCK STOP','het77040@gmail.com',NULL,NULL,'$2y$10$ie1/zD5cGBvF1zLibdraGuykQ/zis6BQ7rS8kmnfEd7oyi7bECIBS',NULL,'2025-02-19 10:19:50','2025-02-19 10:19:50',NULL,'Hempstead Travel Plaza LLC','Hempstead Travel Plaza LLC','12914 Hempstead Rd','Houston','TX','77040','832-359-5851','Ashif',NULL,NULL,NULL,'90642','AMTS',6,'Monthly','AMTX','0','0',NULL,NULL),
(753,'HIGH Q EXPRESS','highqexpress@gmail.com','+1281-252-4407',NULL,'$2y$10$ktKa8MOclrTBUPAuNd27CuYV.OYmWIZTjOnbbgiKgKHiyDUy76lfe',NULL,'2025-02-19 10:21:51','2025-02-19 10:21:51',NULL,'NAYYAR BUSINESS LLC','NAYYAR BUSINESS LLC','29603 Highland Blvd','Magnolia','TX','77354','832-877-7868','Samsuddin',NULL,NULL,NULL,'74449','AMTS',6,'Monthly','AMTX','0','0',NULL,NULL),
(754,'HIGHWAY FOOD STORE','highwayfood269@gmail.com','+1936-291-0993',NULL,'$2y$10$uNTpQzhWP3LbSjdJuDAFK.bp4q4iQ4FGA5yEfNVP0A/9GFwGU3NMe',NULL,'2025-02-19 10:23:08','2025-02-19 10:23:08',NULL,'SPARKLE INC','SPARKLE INC','269 SH 75 N','Huntsville','TX','77320','281-323-5017','Rahim Ali',NULL,'rahimali1973@yahoo.com',NULL,'5442','AMTS',6,'Monthly','AMTX','0','0',NULL,NULL),
(755,'HILL BOYS','alihillboys@hotmail.com','+1281-253-2652',NULL,'$2y$10$rEk3VGqZxvFcRqOJli0ZBu8QfLIScnoZoLSxW1dG.OypGlWa21poi',NULL,'2025-02-19 10:24:40','2025-02-19 10:24:40',NULL,'Hillboys Corporation','Hillboys Corporation','13102 Highway 146','Dayton','TX','77535','281-253-2652','Amin Ali',NULL,NULL,NULL,'25929','AMTS',6,'Monthly','AMTX','0','0',NULL,NULL),
(756,'HOBBY EXPRESS TRUCK STOP','hobbystop1@gmail.com','+1832-466-2769',NULL,'$2y$10$Z6nR63T1DKfMdkwAbaFTie43Ak5a.dW1HWHqWKFSKlPRpbKppOmzm',NULL,'2025-02-19 10:26:10','2025-02-19 10:26:10',NULL,'Hobby Travel Plaza LLC','Hobby Travel Plaza LLC','8702 Telephone Rd','Houston','TX','77061','832-766-7996','Sameer',NULL,'nooruzazaman@yahoo.com',NULL,'89611','AMTS',6,'Monthly','AMTX','0','0',NULL,NULL),
(757,'HOMESTEAD FOOD MART','homesteadfoodmart@gmail.com',NULL,NULL,'$2y$10$e5Q4LCuYEJgkdDomXh8JAedhd/pFOAa/ZNTf0N4Da2j4tqwn4Z04C',NULL,'2025-02-19 10:28:05','2025-02-19 10:28:05',NULL,'HOMESTEAD GREEN PLAZA LLC','HOMESTEAD GREEN PLAZA LLC','6566 Homestead Rd STE 100','Houston','TX','77028','281-701-7663','Salim',NULL,NULL,NULL,'87689','AMTS',6,'Monthly','AMTX','0','0',NULL,NULL),
(758,'HOPE STORE','Hope11603@gmail.com','+1281-442-0786',NULL,'$2y$10$gPyoqaMDDmMRem8P0dTF0eGrklsT4uu4HDu/53dslEhBU0I5qmxo.',NULL,'2025-02-19 10:29:36','2025-02-19 10:29:36',NULL,'HOPE STORES LLC','HOPE STORES LLC','11603 Aldine Westfield Rd','Houston','TX','77093','832-274-2940','Karim',NULL,NULL,NULL,'84739','AMTS',6,'Monthly','AMTX','0','0',NULL,NULL),
(759,'HUBEES GROCERY','hubeesgrocery@gmail.com','+1281-479-4936',NULL,'$2y$10$5sSOo3s2v/fSWALSD3IRO.AktT2AgDtuUmhWM2DXb2mJsdG3U30aG',NULL,'2025-02-19 10:31:07','2025-02-19 10:31:07',NULL,'Correia Enterprises Inc','Correia Enterprises Inc','7339 Spencer Hwy','Pasadena','TX','77505','832-800-7910','Francis',NULL,NULL,NULL,'25343','AMTS',6,'Monthly','AMTX','0','0',NULL,NULL),
(760,'HUFSMITH CHEVRON','hufsmithexxon@gmail.com','+1281-357-5999',NULL,'$2y$10$taOcAyiBkhvlS9luWUbe2enFCJhfNqJcleuIa78kbxev0F0Tqewv2',NULL,'2025-02-19 10:32:47','2025-02-19 10:32:47',NULL,'YAM DEVELOPMENT INC','MURO INC','21003 Hufsmith Kohrville Rd','Tomball','TX','77375','512-791-6913','Shamroz',NULL,'Sam@willssupermarket.com',NULL,'78091','AMTS',6,'Monthly','AMTX','0','0',NULL,NULL),
(761,'HUMBLE EXPRESS','jescorpglobal@gmail.com','+1281-883-4729',NULL,'$2y$10$AhO.n.SjEjwBt23yWlAuGeafO/v3EnqWnvqGhsFC4QEH49pQgnUtu',NULL,'2025-02-19 10:34:25','2025-02-19 10:34:25',NULL,'Jescorp Global, Inc','Jescorp Global, Inc','5006 Atascocita Rd','Atascocita','TX','77346','281-965-5318','Shahil',NULL,NULL,NULL,'87696','AMTS',6,'Monthly','AMTX','0','0',NULL,NULL),
(762,'HUMBLE EXPRESS-VALERO','Kr8ion@aol.com','+1832-372-2130',NULL,'$2y$10$ncrdtJTNmflWs5hJjYfrLO1wAbr5EMxBJWSWWxVa3pqO8jzDSifmu',NULL,'2025-02-19 10:36:08','2025-02-19 10:36:08',NULL,'SHIRJEN INTERNATIONAL LLC','SHIRJEN INTERNATIONAL LLC','213 E 1st St','Humble','TX','77338','281-540-7721','Amin',NULL,'ajinna60@gmail.com',NULL,'40158','AMTS',6,'Monthly','AMTX','0','0',NULL,NULL),
(763,'HUNTSVILLE EXXON','huntsvilleexxon@yahoo.com','+1936-581-4229',NULL,'$2y$10$XLEi8NRyu4WvzYwFqgO4feeaw8ePzK66CQ1.ptvVQzvgY9egscNj6',NULL,'2025-02-19 10:38:03','2025-02-19 10:38:03',NULL,'ASMA C-STORES INC','ASMA C-STORES INC','558 Interstate 45 S','Huntsville','TX','77340','281-413-6765','Amit',NULL,'sunny_m916@yahoo.com',NULL,'11906','AMTS',6,'Monthly','AMTX','0','0',NULL,NULL),
(764,'HWY 190 FOOD MART','hwy190foodmart@gmail.com','+1936-439-6101',NULL,'$2y$10$58mdOcVncIxs4dFAmau69ePKUUH6U.9Zc3ZQ5/crfSrOi2JPSwZum',NULL,'2025-02-19 10:39:33','2025-02-19 10:39:33',NULL,'Qiraat Inc','Qiraat Inc','1101 US Highway 190','Huntsville','TX','77340','281-683-6139','Hidyat',NULL,NULL,NULL,'34941','AMTS',6,'Monthly','AMTX','0','0',NULL,NULL),
(765,'IN & OUT','innoutmart7@gmail.com','+1(713) 782-5167',NULL,'$2y$10$g7F8.O00DULJP7FuAfXKOeuMvivRwGFKGYu/zVQKopdKh6z3d6EQC',NULL,'2025-02-19 10:43:36','2025-02-19 10:43:36',NULL,'KAAB INC','KAAB INC','3635 Hillcroft St','Houston','TX','77057','832-274-2940','Karim Ali',NULL,'karim3635@yahoo.com',NULL,'35351','AMTS',6,'Monthly','AMTX','0','0',NULL,NULL),
(766,'J & K FOOD MART','S_Karedia001@yahoo.com','+1832-406-6739',NULL,'$2y$10$OItTZo3HKneGZSZJmDIW7Ow8ybGVANVHCD2HAAwcUkY/xgx0gNd6m',NULL,'2025-02-19 10:43:38','2025-02-19 10:43:38',NULL,'JAHA INC','JAHA INC','3960 W Anderson','Houston','Tx','77053','832-406-6739','Sohil',NULL,'S_Karedia001@yahoo.com',NULL,'86457','AMTS',6,'Monthly','AMTX','0','0',NULL,NULL),
(767,'IN N OUT CONOCO',NULL,'+1281-345-8989',NULL,'$2y$10$hG71PCi/zq1qtuCmJhF7OeMVCfVNyFh0VhER7Of2mKRqj75UA.AZm',NULL,'2025-02-19 10:44:59','2025-02-19 10:44:59',NULL,'RASS & ASSOCIATES INC','RASS & ASSOCIATES INC','16640 Kieth Harrow Blvd','Houston','TX','77539','281-703-2369','Moiz',NULL,'moizmaknojia@gmail.com',NULL,'70200','AMTS',6,'Monthly','AMTX','0','0',NULL,NULL),
(768,'JACKS SUPER MART','jackssupermart@gmail.com','+1281-867-9410',NULL,'$2y$10$KUA9YTOcKvbYJnk1TfXsHODoXkwaTqEYRiTmSKuLTpZL2Mfj9Mmte',NULL,'2025-02-19 10:45:33','2025-02-19 10:45:33',NULL,'ARFA & RIDA LLC','ARFA & RIDA LLC','3124 S  Highway 146 S','La Porte','TX','77571','832-641-5633','Salim',NULL,'jackssupermart@gmail.com',NULL,'5482','AMTS',6,'Monthly','AMTX','0','0',NULL,NULL),
(769,'IN N OUT FOOD STORE','inandout15000@gmail.com','+1281-871-8894',NULL,'$2y$10$bhquOf43SDam7RFS223BT.PfPAD2Yuv0ojbPl3pGdgybYRlRjDl5C',NULL,'2025-02-19 10:47:40','2025-02-19 10:47:40',NULL,'My Choice Business Inc','My Choice Business Inc','15000 State Highway 150 W','Coldspring','TX','77331','832-231-6516','Amin',NULL,'Aminmomin15@gmail.com',NULL,'58592','AMTS',6,'Monthly','AMTX','0','0',NULL,NULL),
(770,'JC MARKET & DELI','jcmarket1318@gmail.com','+1832-607-6989',NULL,'$2y$10$5rMnUu4a/zt3MLw7BV.S..uV0MQjaL.w0UU39wpbmcsJmrZTG/dWK',NULL,'2025-02-19 10:48:07','2025-02-19 10:48:07',NULL,'Texas United Capital, Inc.','Texas United Capital, Inc.','1318 Holland St','Jacinto City','Tx','77029','832-607-6989','Shamim',NULL,'jcmarket1318@gmail.com',NULL,'69920','AMTS',6,'Monthly','AMTX','0','0',NULL,NULL),
(771,'KING EXPRESS','kingfuelvalero@gmail.com',NULL,NULL,'$2y$10$fNamxDKKgDJkiSdfPwpD7uMuaRCR4eX7QpuLRZT.P1VXWaoa2nsny',NULL,'2025-02-19 10:49:27','2025-02-19 10:49:27',NULL,'Lenol LLC','Lenol LLC','3635 Aldine Mail Rte Ste B','Houston','TX','77039','281-250-4020','Nooruddin S Momin',NULL,NULL,NULL,'48056','AMTS',6,'Monthly','AMTX','0','0',NULL,NULL),
(772,'JFK BUZZY BEE','jfk14610@gmail.com','+1346-310-3920',NULL,'$2y$10$XOJXyS3JJ2jtS0uB2VjBmuC.z5LGAyAODTX3K.QG8XfM6jjR9Grwa',NULL,'2025-02-19 10:50:52','2025-02-19 10:50:52',NULL,'Jfk C Store Business, LLC','Jfk C Store Business, LLC','14610 John F Kennedy blvd','Houston','TX','77032','346-310-3920','Amin',NULL,'jfk14610@gmail.com',NULL,'93417','AMTS',6,'Monthly','AMTX','0','0',NULL,NULL),
(773,'KINGLAND CHEVRON','kingslandchevron@gmail.com','+1281-912-4570',NULL,'$2y$10$ydZElnMrXwBRvsPkyPjYLeQk54eo7ec2kUvrZPEd9aiQjP6YnO6za',NULL,'2025-02-19 10:52:19','2025-02-19 10:52:19',NULL,'WESTOAK INVESTMENT INC','WESTOAK INVESTMENT INC','23450 Kingsland Blvd Ste A','Katy','TX','77494','832-867-4986','Shoukat',NULL,'tuffinc@hotmail.com',NULL,'86580','AMTS',6,'Monthly','AMTX','0','0',NULL,NULL),
(774,'KINGLANDS FOOD MART','kfmcstore@gmail.com','+1281-579-8776',NULL,'$2y$10$cmLz9/ZHnyxQwGS8bMh02O94FNce1CZi4iLp8NzBLgWqfBZP1g23e',NULL,'2025-02-19 10:53:50','2025-02-19 10:53:50',NULL,'KINGSLAND FOOD MART INC','KINGSLAND FOOD MART INC','21206 Kingsland Blvd','Katy','TX','77450','832-867-0786','Wafi Maknojia',NULL,NULL,NULL,'78644','AMTS',6,'Monthly','AMTX','0','0',NULL,NULL),
(775,'KIRKWOOD FOOD MART','kirkwoodchevron@gmail.com','+1281-277-5225',NULL,'$2y$10$g9AVb214sFZtJUtd.hEL1eFFMc7yey8SDmR7.lhpJ3J4isLhR8mk2',NULL,'2025-02-19 10:57:16','2025-02-19 10:57:16',NULL,'Koko Business Inc','Koko Business Inc','12710 S Kirkwood Rd','Stafford','TX','77477','832-283-8355','Shoeb',NULL,'asimkaredia23@gmail.com',NULL,'71357','AMTS',6,'Monthly','AMTX','0','0',NULL,NULL),
(776,'KIRKWOOD MART','kirkwoodmart12404@yahoo.com','+1281-494-3522',NULL,'$2y$10$4GT8fcRxfUZajJ8IxkDGWuwCtDwOK4L.xbsPv9L0w1NvBxFD3IuGq',NULL,'2025-02-19 10:58:48','2025-02-19 10:58:48',NULL,'Tuff Enterprise Inc','Tuff Enterprise Inc','12404 S Kirkwood Rd','Stafford','TX','77477','713-459-4451','Akbar',NULL,NULL,NULL,'71607','AMTS',6,'Monthly','AMTX','0','0',NULL,NULL),
(777,'KIRKWOOD RETAIL','office@smartpartnersgp.com','+1346-219-2639',NULL,'$2y$10$7lwJPYsQht8qqgIVUzYxu.hzhdbOuem9mJtkjW.2uon7JBmm73bx6',NULL,'2025-02-19 11:00:26','2025-02-19 11:00:26',NULL,'ARNY BUSINESS LLC','ARNY BUSINESS LLC','2347 S Kirkwood Rd','Houston','TX','77077','832-275-8194','Alim',NULL,'anmaredia@gmail.com',NULL,'89991','AMTS',6,'Monthly','AMTX','0','0',NULL,NULL),
(778,'KWICK PICK','sam829@hotmail.com','+1817-891-7999',NULL,'$2y$10$5QlSU5yh0jeQtorNVwdI7OmPlageIiRJQuTjGap6Q2C6nRdQEI4f.',NULL,'2025-02-19 11:02:06','2025-02-19 11:02:06',NULL,'SAHIL ARSH AND ZEB INC','SAHIL ARSH AND ZEB INC','907 N Kaufman St','Ennis','TX','75119','817-881-9940','Malik lasi',NULL,'lasi.malik@gmail.com',NULL,'29609','AMTS',6,'Monthly','AMTX','0','0',NULL,NULL),
(779,'KWICKERS FOOD MART',NULL,NULL,NULL,'$2y$10$wvkjQZg1V2gWtT9DMc/Buu9BLLcFJ4tDFakCo538uBYsUxE6qFcma',NULL,'2025-02-19 11:03:28','2025-02-19 11:03:28',NULL,'Om Ganesh Fortune LLC','Om Ganesh Fortune LLC','2715 W Northwest Loop 323','Tyler','TX','75702','832-766-4806','Amrit',NULL,'amrit_up05@yahoo.com',NULL,'18828','AMTS',6,'Monthly','AMTX','0','0',NULL,NULL),
(780,'KWICKERS FOOD MART 2',NULL,NULL,NULL,'$2y$10$s7st.aT1YBo4cOKWtdngTukVMdL8dZfazIMoybWewXj2ej9mPkTY2',NULL,'2025-02-19 11:05:26','2025-02-19 11:05:26',NULL,'Avahan Fortune LLC','Avahan Fortune LLC','8175 US Highway 69 N','Tyler','TX','75706','832-766-4806','Amrit Upreti',NULL,'amrit_up05@yahoo.com',NULL,'56476','AMTS',6,'Monthly','AMTX','0','0',NULL,NULL),
(781,'KWIK MART','microtcb@yahoo.com',NULL,NULL,'$2y$10$7XwHjd/zW0yesDIpyJ9Z1./VlhNj9n6uyllD9qw9GBUqMpAZ3x176',NULL,'2025-02-19 11:06:53','2025-02-19 11:06:53',NULL,'Patek Capital LLC','Patek Capital LLC','11592 FM 1409','Dayton','TX','77535','936-641-2591','Salim',NULL,'salims1995@yahoo.com',NULL,'25920','AMTS',6,'Monthly','AMTX','0','0',NULL,NULL),
(782,'JJS FAST STOP 231','jj231hawkins@outlook.com','+1903-920-7675',NULL,'$2y$10$ysoO0ucZ.9CKwio1OFA.vuntdeZnSc3pL3tHkVV6TTJvGKLIDGTla',NULL,'2025-02-19 11:50:35','2025-02-19 11:50:35',NULL,'AZTEX ENTERPRISES LLC','AZTEX ENTERPRISES LLC','469 E Front Street','Hawkins','TX','75765','903-530-1117','Naeem',NULL,'naeem-qureshi@hotmail.com',NULL,'29589','AMTS',6,'Monthly','AMTX','0','0',NULL,NULL),
(783,'JOHNNY QUICK MART','johnnyquick3161@gmail.com','+1832-348-7855',NULL,'$2y$10$iSy8fJkhw.0MYWXRJI6utuqKnsf9YxCT9hP9Su0WbzoN4k7RpdZfy',NULL,'2025-02-19 11:53:18','2025-02-19 11:53:18',NULL,'ALISHAM INC.','ALISHAM INC.','3161 Old Spanish Trail','Houston','TX','77054','832-279-3368','Zainul',NULL,'johnnyquick3161@gmail.com',NULL,'8911','AMTS',6,'Monthly','AMTX','0','0',NULL,NULL),
(784,'LA PETITE MARKET',NULL,NULL,NULL,'$2y$10$.8BuxcxY1/TS96zFHISTi.w4us79dT0oQ7JLGf8/Fdp7CIjqNQcQm',NULL,'2025-02-19 12:42:12','2025-02-19 12:42:12',NULL,'GREAT MARKET BUSINESS INC','GREAT MARKET BUSINESS INC','11037 Market St','Houston','TX','77029','832-418-3770',NULL,NULL,'pausego11@gmail.com',NULL,'35163','AMTS',6,'Monthly','AMTX','0','0',NULL,NULL),
(785,'LEMUR EXPRESS 11',NULL,NULL,NULL,'$2y$10$zQ7uc7YDYoshjkixflirGOgwgMjbEhP1PbfSg0lvQs12IVcW9Ux.m',NULL,'2025-02-19 12:47:49','2025-02-19 12:47:49',NULL,'SMKM INVESTMENT LLC','SMKM INVESTMENT LLC','2100 1st St','Palacios','TX','77465','832-270-1710','Sohil',NULL,'grab786@yahoo.com',NULL,'91434','AMTS',6,'Monthly','AMTX','0','0',NULL,NULL),
(786,'LEWIS GROCERY & DELI','lewisgrocerybuddha75@gmail.com',NULL,NULL,'$2y$10$do4.w7UHg31uPQXhNOCKdunRZrWtJX70LIZv3vn9I8ujyRNedQu9i',NULL,'2025-02-19 12:53:44','2025-02-19 12:53:44',NULL,'BUDDHA DARSHAN INC','BUDDHA DARSHAN INC','500 Highway 290 E','Hempstead','TX','77445','281-323-0946','ghanshyam aryal',NULL,'gsaryal@yahoo.com',NULL,'47594','AMTS',6,'Monthly','AMTX','0','0',NULL,NULL),
(787,'LITTLE BUDDY 2','rkprasla1969@yahoo.com','+1713-926-7094',NULL,'$2y$10$2SuJ2qD.y5sQdm575L21.OGyD0zE.ol.G30ODNFt4si0SI0PK5OTa',NULL,'2025-02-19 12:56:10','2025-02-19 12:56:10',NULL,'SHARP INVESTMENT INC','SHARP INVESTMENT INC','2001 S. Wayside','Houston','TX','77023','832-830-4693','Zahir',NULL,'zahirkhawaja@gmail.com',NULL,'35229','AMTS',6,'Monthly','AMTX','0','0',NULL,NULL),
(788,'LITTLE STOP','littlestop@ymail.com','+1832-815-3732',NULL,'$2y$10$VxYdzr7HckjOxHXHm/xQ0.fx1.uEiX1BPj8laHXDWNSqyxwZIKO96',NULL,'2025-02-19 12:58:01','2025-02-19 12:58:01',NULL,'MOHSHA BUSINESS INC','MOHSHA BUSINESS INC','9655 Honeywell St','Houston','TX','77074','832-277-8425','Mustaq',NULL,NULL,NULL,'77623','AMTS',6,'Monthly','AMTX','0','0',NULL,NULL),
(789,'LITTLE TRIANGLE FOOD MART','ltfoodmart@gmail.com','+1979-885-3766',NULL,'$2y$10$pHzantcj5s16n5ZOx1b16ern78he4HNUEIUJ.gF08FlxjHkzH7KFK',NULL,'2025-02-19 12:59:51','2025-02-19 12:59:51',NULL,'MAZOON CORPORATION','MAZOON CORPORATION','323 N Circle Dr','Sealy','TX','77474','832-627-6696','Mehdi Ali',NULL,'sealyfuelx@gmail.com',NULL,'559','AMTS',6,'Monthly','AMTX','0','0',NULL,NULL),
(790,'LOOP FOOD MART','loopfoodmart1786@gmail.com','+1281-689-2085',NULL,'$2y$10$HX1fuMKZa1OXZVtqTPl5OeQFGY4xTKiW7lCiPVxoSjFPAP.FhSiTy',NULL,'2025-02-19 13:01:08','2025-02-19 13:01:08',NULL,'FERAH 494 BUSINESS INC','FERAH 494 BUSINESS INC','20816 Loop 494','New Caney','TX','77357','832-264-0217','Firdous',NULL,NULL,NULL,'85389','AMTS',6,'Monthly','AMTX','0','0',NULL,NULL),
(791,'LOUETTA FOOD MART','3835LFM@gmail.com','+1832-646-8396',NULL,'$2y$10$TZwhYsurujzHaeW6/ucPqe1v3LLaFRmaqSIm93uCCSnsBuDB/Ghsu',NULL,'2025-02-19 13:03:03','2025-02-19 13:03:03',NULL,'Saira Investments, Inc','IBROS LLC','3835 Louetta Rd','Spring','TX','77388','832-512-6210','Imran',NULL,NULL,NULL,'47834','AMTS',6,'Monthly','AMTX','0','0',NULL,NULL),
(792,'LOUETTA FOOD MART','louettafoodmart@gmail.com','+1281-376-9688',NULL,'$2y$10$VQM0pRsKJnH79Tx4ftZzcuZSi1571.0csBFdTYpAeqmcBT7tH6bre',NULL,'2025-02-19 13:04:42','2025-02-19 13:04:42',NULL,'S.A.S.J., INC','Spring Pioneer Inc','9203 Louetta Road','Spring','TX','77379','281-781-3753','Samsuddin',NULL,NULL,NULL,'5501','AMTS',6,'Monthly','AMTX','0','0',NULL,NULL),
(793,'LUCKY 1 FOOD MART','lucky1foodmart@yahoo.com',NULL,NULL,'$2y$10$zGymxTWN2admdjHQBjGTvuEnNje4WGg/ETKIM7d0a684Fb5uYlOfy',NULL,'2025-02-19 13:06:01','2025-02-19 13:06:01',NULL,'CITYWIDE BUSINESS INC','CITYWIDE BUSINESS INC','5304 Broadway St','Pearland','TX','77581','832-692-6880','Shahnawaz',NULL,NULL,NULL,'5507','AMTS',6,'Monthly','AMTX','0','0',NULL,NULL),
(794,'LUCKY NO 7 FOOD MART','diamondgrocery7@gmail.com',NULL,NULL,'$2y$10$jIELsJNQOa9HsGXg/q885ucEJzCvE2uG9R2W19byJzPnfSZWcuR6G',NULL,'2025-02-19 13:07:19','2025-02-19 13:07:19',NULL,'Diamond Grocery Mart LLC','Diamond Grocery Mart LLC','1201 Country Club Ln','Fort Worth','TX','76112','646-226-9020','Didar',NULL,NULL,NULL,'48742','AMTS',6,'Monthly','AMTX','0','0',NULL,NULL),
(795,'JULIAS 3','juliasvalero@gmail.com','+1832-543-2518',NULL,'$2y$10$4Kc.bFwKqy6tmLtNSpo0l.w0rDe7B11NFC8GqATVYfnzhC8/VdNVi',NULL,'2025-02-19 13:11:25','2025-02-19 13:11:25',NULL,'Julia\'s Enterprises, Inc.','Julia\'s Enterprises, Inc.','7989 Tidwell Rd','Houston','TX','77028','713-391-9110','Moshin',NULL,'juliasvalero@gmail.com',NULL,'90885','AMTS',6,'Monthly','AMTX','0','0',NULL,NULL),
(796,'JULIAS 4','juliascypress4@gmail.com','+1713-391-9110',NULL,'$2y$10$D9wjB0DyGN.Yl8WYiWc/TuJIIiJCW/y35FCVaUswLvGvGh.cDMFMm',NULL,'2025-02-19 13:13:53','2025-02-19 13:13:53',NULL,'Zk 2021 Inc','Zk 2021 Inc','23240 Cypresswood Dr','Spring','TX','77373','832-382-1185','Moiz',NULL,'juliascypress4@gmail.com',NULL,'93408','AMTS',6,'Monthly','AMTX','0','0',NULL,NULL),
(797,'JULIAS 6','juliasvalero6@gmail.com','+1832-382-1185',NULL,'$2y$10$GQdrchSTElWJTNZwSJ3i6OfDIj5S/G/mCT/o5wc9xmvDgQP9MaA6G',NULL,'2025-02-19 13:15:33','2025-02-19 13:15:33',NULL,'1736 SAWDUST CORPORATION','1736 SAWDUST CORPORATION','1736 Sawdust Rd','Spring','TX','77380','832-382-1185','Moiz',NULL,'juliasvalero6@gmail.com',NULL,'92435','AMTS',6,'Monthly','AMTX','0','0',NULL,NULL),
(798,'MALIA FOOD MART','maliafoodmart@gmail.com',NULL,NULL,'$2y$10$gnh4QrpzqQZZsPO5dbmbHuJbRq7zewaNMG1P9Fe6HIfrTsuTBJ8bG',NULL,'2025-02-19 13:21:42','2025-02-19 13:21:42',NULL,'Ns Business Inc','Ns Business Inc','550 FM 1959 Rd Ste A','Houston','TX','77034','346-333-8818','Farooq',NULL,'prabhanubd@yahoo.com',NULL,'43966','AMTS',6,'Monthly','AMTX','0','0',NULL,NULL),
(799,'MANOR DRIVE FOOD MART','manordriveshell@gmail.com','+1281-259-0073',NULL,'$2y$10$lt/voI5y2eksqF7h8s2T.evUTrGoxVdTHcBDA5yU6Kso8iY4UsM..',NULL,'2025-02-19 13:23:50','2025-02-19 13:23:50',NULL,'Z M S ENTERPRISES INC','1488 BUSINESS INC','12290 FM 1488 Rd','Magnolia','TX','77354','281-898-0283','Shams',NULL,NULL,NULL,'80107','AMTS',6,'Monthly','AMTX','0','0',NULL,NULL),
(800,'MARKET AT HEIGHTS','marketatheights@gmail.com','+1346-701-7933',NULL,'$2y$10$IigpseH8OP6oZVuMQ4RgDuhVWbX7vhp5H7wj9oiSchBEi679XfjIK',NULL,'2025-02-19 13:25:16','2025-02-19 13:25:16',NULL,'Market At Heights Inc','Market At Heights Inc','1535 N Durham Rd','Houston','TX','77008','832-282-7548','Mohsin',NULL,NULL,NULL,'89153','AMTS',6,'Monthly','AMTX','0','0',NULL,NULL),
(801,'NASA FOOD MART','nasafoodmart@comcast.net','+1281-338-1327',NULL,'$2y$10$Izheh2nVWct0fbXlslFuU.Wyh77p2PX5m2G8AMrODPcRz02opsbTK',NULL,'2025-02-19 13:25:52','2025-02-19 13:25:52',NULL,'M & M BROTHER CORPORATION','M & M BROTHER CORPORATION','422 West Nasa Rd','Webster','TX','77598','281-338-1327','Rafik',NULL,'aios3606@gmail.com',NULL,'72075','AMTS',6,'Monthly','AMTX','0','0',NULL,NULL),
(802,'NEIGHBOR FOOD STORE','reasontlm182@hotmail.com','+1713-291-8589',NULL,'$2y$10$6UPrbdt6BimuPQrr7g2o0.BmhaGgL788OlGW1ibWYfEwIva0IeVCu',NULL,'2025-02-19 13:28:40','2025-02-19 13:28:40',NULL,'WEST ROAD STORE, LLC','WEST ROAD STORE, LLC','1044 West Rd','Houston','TX','77038','713-291-8589','Taleem',NULL,'reasontlm182@hotmail.com',NULL,'5446','AMTS',6,'Monthly','AMTX','0','0',NULL,NULL),
(803,'MARKHAM HANDY PANTRY','markhamhandypantry@gmail.com','+1713-280-6078',NULL,'$2y$10$lo81A26dqozHkmKh5Jwn4.f/WZO5mKdJ1lsv6FP0awpueFc5BDPoW',NULL,'2025-02-19 13:48:00','2025-02-19 13:48:00',NULL,'PRINCE COMMERCIAL CORPORATION','PRINCE COMMERCIAL CORPORATION','504 Broadway St','Markham','TX','77456','832-757-2110','NAFISA N PRASLA',NULL,NULL,NULL,'33618','AMTS',6,'Monthly','AMTX','0','0',NULL,NULL),
(804,'MARY FOOD MART','maryfoodmart@gmail.com',NULL,NULL,'$2y$10$/TBucT5UYkOfSQ0G9BFPh.xx2.s1TI9XJQyhfEZqZUbcKYNUtNic6',NULL,'2025-02-19 13:50:01','2025-02-19 13:50:01',NULL,'Mary Automotive Inc.','Ira 2022 LLC','2400 Rock Island Rd','Irving','Tx','75060','405-510-8531','Amin',NULL,NULL,NULL,'41920','AMTS',6,'Monthly','AMTX','0','0',NULL,NULL),
(805,'MASON PRIMETIME','masonprimetime@gmail.com','+1832-298-2360',NULL,'$2y$10$HyKbv7BmcR5a5ogQHBSzneBxBZgMxvJuD/shjjKHcDsXRA2T6eZpq',NULL,'2025-02-19 13:52:17','2025-02-19 13:52:17',NULL,'Pinejest Investment LLC','Pinejest Investment LLC','20707 Bellaire Blvd','Richmond','TX','77407','713-459-4451','Akbar',NULL,NULL,NULL,'90503','AMTS',6,'Monthly','AMTX','0','0',NULL,NULL),
(806,'NEIGHBORHOOD FOOD MART','rkneighborhood@gmail.com','+1510-439-8005',NULL,'$2y$10$a31kjc83XrXU8rvvJphwhu5cA8hYMdd7BguaILuXbHWexwd5vaEbe',NULL,'2025-02-19 13:52:35','2025-02-19 13:52:35',NULL,'RK NEIGHBORHOOD FOOD MART LLC','RK NEIGHBORHOOD FOOD MART LLC','55 E CALDWOOD DR','BEAUMONT','TX','77707','510-439-8005','AMIT',NULL,'amitg.canvas@gmail.com',NULL,'8059','AMTS',6,'Monthly','AMTX','0','0',NULL,NULL),
(807,'MASTER FOOD MARKET','master13053@gmail.com','+1936-890-8300',NULL,'$2y$10$djKeyRUs5Ig9uBkLbrpGQOZ2b6QXH7SE5I3T15nzW.usXIcRSA.vy',NULL,'2025-02-19 13:55:49','2025-02-19 13:55:49',NULL,'RORI BUSINESS INC','RORI BUSINESS INC','13053 E FM 1097 Rd','Willis','TX','77378','713-933-7865','Barkat',NULL,'aiglemont@hotmail.com',NULL,'83083','AMTS',6,'Monthly','AMTX','0','0',NULL,NULL),
(808,'NEW BROWNIE FOOD STORE','1301newbrownie@gmail.com','+1832-646-4322',NULL,'$2y$10$hFrab9Qy2cSsQXPQABeRMe7dfVHkDQymWAS8trq1eSCQKqSuNuxVy',NULL,'2025-02-19 13:55:54','2025-02-19 13:55:54',NULL,'Askm Ventures Inc','Askm Ventures Inc','1301 W Pasadena Blvd','Deer Park','TX','77536','832-646-5911','Zulfiqar',NULL,'1301newbrownie@gmail.com',NULL,'41848','AMTS',6,'Monthly','AMTX','0','0',NULL,NULL),
(809,'NEW ELLINGTON FOOD STORE','ellingtonfoodstore@gmail.com','+1346-216-0951',NULL,'$2y$10$5eprrJykz3BVT/2eTKvhx.R4oryS08EW0LpQBGALfdKCZumy3VsPW',NULL,'2025-02-19 13:58:23','2025-02-19 13:58:23',NULL,'Umer International, Inc.','Umer International, Inc.','975 FM 1959 RD','Houston','TX','77034','346-216-0951','Sohel',NULL,'ellingtonfoodstore@gmail.com',NULL,'36063','AMTS',6,'Monthly','AMTX','0','0',NULL,NULL),
(810,'MASTER FOOD STORE','masterfood617@gmail.com','+1281-353-0786',NULL,'$2y$10$AGOCcqtS23nBd775Ku/gdeUcPc7MdmOlm18P2k/HnAT0r64yNWRhG',NULL,'2025-02-19 13:59:00','2025-02-19 13:59:00',NULL,'NILU CORPORATION','NILU CORPORATION','617 Spring Cypress Rd','Spring','TX','77373','832-264-0217','Firdous',NULL,'ali.firdous1224@gmail.com',NULL,'5427','AMTS',6,'Monthly','AMTX','0','0',NULL,NULL),
(811,'NEW LAWRENCE GROCERY','newlawrencegrocery@gmail.com','+1281-339-2528',NULL,'$2y$10$8KlkJJKWBEqWAw9j4AqkreHdpx4J7aQRJnHL4gCjBt7VPZokrNsXu',NULL,'2025-02-19 14:00:35','2025-02-19 14:00:35',NULL,'Noble Enterprises, Inc.','Noble Enterprises, Inc.','902 East Bayshore Dr','San Leon','TX','77539','713-480-6694','Navroz',NULL,'newlawrencegrocery@gmail.com',NULL,'35069','AMTS',6,'Monthly','AMTX','0','0',NULL,NULL),
(812,'MAVERICK MARKET','maverickmarket77414@gmail.com',NULL,NULL,'$2y$10$NpPHHzfzk5BUIEAlc8DD.uyPCpVJgO1FtXOGT0pcfH4o51AIAxfcC',NULL,'2025-02-19 14:01:30','2025-02-19 14:01:30',NULL,'Maverick Market Group LLC','Maverick Market Group LLC','4117 Avenue F','Bay City','TX','77414','832-855-2262','Safan',NULL,NULL,NULL,'89996','AMTS',6,'Monthly','AMTX','0','0',NULL,NULL),
(813,'MC FOOD STORE','ferozjivani@gmail.com','+1281-655-0618',NULL,'$2y$10$9Mv5k9MlfWP1eqthZfZ4DuKkTgbU.7bEKj.DO8n5RgEo1wRyq6hTW',NULL,'2025-02-19 14:04:00','2025-02-19 14:04:00',NULL,'Muhk Enterprise, Inc','Muhk Enterprise, Inc','9440 Louetta Rd','Spring','TX','77379','346-763-8237','Muhammad U Khalil',NULL,'umairkhalil135@yahoo.com',NULL,'24403','AMTS',6,'Monthly','AMTX','0','0',NULL,NULL),
(814,'MELS MARKET','melsmarket19@gmail.com','+1832-226-7345',NULL,'$2y$10$Mbzcx70tNUGhbGHV.J7gN.LDHZ9bB.hQkLtkR/pb6ZElb.VeKVo6q',NULL,'2025-02-19 14:06:19','2025-02-19 14:06:19',NULL,'AIA C-STORE INC','AIA C-STORE INC','2828 State Highway 19','Huntsville','TX','77320','281-543-9833','Amir Momin',NULL,NULL,NULL,'69583','AMTS',6,'Monthly','AMTX','0','0',NULL,NULL),
(815,'METRO FOOD 2',NULL,'+1713-988-3205',NULL,'$2y$10$hHHcsGfUWAQnifk.qzoxl.XcznVAU0V5HUxgFA9NqXkHx526F/eUy',NULL,'2025-02-19 14:08:03','2025-02-19 14:08:03',NULL,'ESHAAN INVESTMENTS LLC','ESHAAN INVESTMENTS LLC','10096 S Gessner Rd','Houston','TX','77071','832-282-7266','Riyaz',NULL,'riyaj10096@yahoo.com',NULL,'35391','AMTS',6,'Monthly','AMTX','0','0',NULL,NULL),
(816,'NEW SUMMERFIELD COUNTRY','newsummerfield21415@outlook.com','+1214-609-8317',NULL,'$2y$10$d1PGGUJwxeBwjOST4ytrz.8734HKsbU3A8VWJV2MJhEtJaDuMA5c6',NULL,'2025-02-19 14:08:45','2025-02-19 14:08:45',NULL,'New Summerfield Tx Fortune Inc','New Summerfield Tx Fortune Inc','21415 US HIGHWAY 79 E','NEW SUMMERFIELD','TX','75780','214-609-8317','Raju',NULL,'newsummerfield21415@outlook.com',NULL,'45661','AMTS',6,'Monthly','AMTX','0','0',NULL,NULL),
(817,'NICE N EASY FOOD STORE','sdhanani23@gmail.com','+1281-931-1800',NULL,'$2y$10$VNlGnPpuVbcbVSfUrvInEeDitvDpxP/x3G/ArjNhe09KqpyDPo6Lm',NULL,'2025-02-19 14:10:52','2025-02-19 14:10:52',NULL,'Noortima, Inc.','Noortima, Inc.','10615 Veterans Memorial Dr','Houston','TX','77038','281-931-1800','Noor',NULL,'maheensd31@gmail.com',NULL,'72415','AMTS',6,'Monthly','AMTX','0','0',NULL,NULL),
(818,'MI TIERDA MEAT MARKET','BWS11449@gmail.com','+1281-827-9275',NULL,'$2y$10$M7JgGY8XX4hpIlQsu1NE7OAmSgCednNIDBqbPI6jmIOwXMpAHGQQK',NULL,'2025-02-19 14:11:02','2025-02-19 14:11:02',NULL,'Bw Stores, LLC','Bw Stores, LLC','11449 Bob White Dr','Houston','TX','77035','832-654-1014','Hazrat Momin',NULL,NULL,NULL,'91548','AMTS',6,'Monthly','AMTX','0','0',NULL,NULL),
(819,'MIKES PIT STOP FOOD STORE',NULL,'+1713-673-4558',NULL,'$2y$10$j0CuAbpGpP.2eDmyUXYZAuNE./dph1CovmN9rg9tpaCosMfI1kMMu',NULL,'2025-02-19 14:13:05','2025-02-19 14:13:05',NULL,'SNEHIN ENTERPRISES LLC','SNEHIN ENTERPRISES LLC','4101 Collingsworth St','Houston','TX','77026','832-788-8020','Riyaz',NULL,'momin_riyaz@yahoo.com',NULL,'44834','AMTS',6,'Monthly','AMTX','0','0',NULL,NULL),
(820,'NICHOLS FOOD STORE','mikemart2393@gmail.com','+1832-228-6323',NULL,'$2y$10$xuoTEVoO2NLya2C46EZZjuvpwO.f57EEGF0FpNzVugPHPmctuJTs6',NULL,'2025-02-19 14:13:14','2025-02-19 14:13:14',NULL,'Munawar Properties LLC','Krystal Hockley Ventures LLC','23931C Nichols Sawmill Rd,','Hockley','TX','77447','832-283-5418','Krishna',NULL,'mikemart2393@gmail.com',NULL,'75292','AMTS',6,'Monthly','AMTX','0','0',NULL,NULL),
(821,'MINNI MART 1','minnimart786@gmail.com',NULL,NULL,'$2y$10$qWkuaQtQl5H7CjeZwXu5Wujy0jhsaOXzqhmo7xzXltT2Yde.31jBO',NULL,'2025-02-19 14:15:16','2025-02-19 14:15:16',NULL,'SAIROJ INC','SAIROJ INC','902 E Brazos Ave','West Columbia','TX','77486','832-908-9775','sadia',NULL,NULL,NULL,'36871','AMTS',6,'Monthly','AMTX','0','0',NULL,NULL),
(822,'NICK FOOD MART',NULL,'+1281-781-4625',NULL,'$2y$10$qrn1RUCMXXD/EPKtpj0TCOypjs3I7Haa6W9gjXiin083xkhgTHIja',NULL,'2025-02-19 14:15:46','2025-02-25 08:54:45',NULL,'ALINA & ARISH INVESTMENTS, LLC','ALINA & ARISH INVESTMENTS, LLC','17835 FM 2920 RD','Tomball','TX','77377','281-781-4625','Nasru',NULL,'walters786@yahoo.com',NULL,'41224','AMTS',6,'Monthly','AMTX','0','0',NULL,NULL),
(823,'MISSOURI CORNER MART','asjaholdingsllc@gmail.com',NULL,NULL,'$2y$10$jMdOhLy/1Ka7Dhe54tv0ZuTmKxLOS7GWUb62sqIdFkFiIA3VLvUvO',NULL,'2025-02-19 14:17:34','2025-02-19 14:17:34',NULL,'Asja Holdings LLC','Asja Holdings LLC','1300 Turtle Creek Dr Ste 1312','Missouri City','TX','77489','832-353-4282','Aranjit Singh',NULL,NULL,NULL,'73133','AMTS',6,'Monthly','AMTX','0','0',NULL,NULL),
(824,'NICKS GROCERY','nizardhuka@gmail.com','+1281-412-2453',NULL,'$2y$10$YJJ06i8WL.QB.DUD9E/Ohe.wGbf140OioByP5eTWPnenGolR0ELqy',NULL,'2025-02-19 14:17:51','2025-02-19 14:17:51',NULL,'ISSN Enterprises, Inc.','ISSN Enterprises, Inc.','4706 W. Orange St','Pearland','TX','77581','713-584-0892','Nizar',NULL,'nizardhuka@gmail.com',NULL,'31140','AMTS',6,'Monthly','AMTX','0','0',NULL,NULL),
(825,'MN FOODS',NULL,NULL,NULL,'$2y$10$qSsbpy3Yfbmpulo3dKV/Q.94iBKptZaPzEXe7TFVkqZVfkMlCoiCC',NULL,'2025-02-19 14:19:30','2025-02-19 14:19:30',NULL,'Mn Foods Business Inc','Mn Foods Business Inc','1460 Highway 146','Dickinson','TX','77539','832-868-1324','Khalid',NULL,'adnanjafar49@gmail.com',NULL,'27224','AMTS',6,'Monthly','AMTX','0','0',NULL,NULL),
(826,'NORTH FOOD MART','noorani.sameer21@gmail.com','+1936-560-9242',NULL,'$2y$10$TaNfqeSfmzFTadrhswRjMu9DUhQ4/l.ucohavOAwb5o3.iWRyTPCO',NULL,'2025-02-19 14:20:10','2025-02-19 14:20:10',NULL,'ANR CONVENIENCE & GAS, LLC','ANR CONVENIENCE & GAS, LLC','5105 North St','Nacogdoches','TX','75965','516-782-6716','Sameer',NULL,'asifali3533@gmail.com',NULL,'58320','AMTS',6,'Monthly','AMTX','0','0',NULL,NULL),
(827,'MR CS','cekingoperations@gmail.com','+1832-631-0708',NULL,'$2y$10$0aTDVqgbpAI1nVMEwq22BeE7UFhSyC5.Uicsjn41qeCQcE/f9PySO',NULL,'2025-02-19 14:21:57','2025-02-19 14:21:57',NULL,'Ce King Operations LLC','Ce King Operations LLC','9627 C E King Pkwy','Houston','TX','77044','832-419-6724','Rizwan',NULL,NULL,NULL,'91172','AMTS',6,'Monthly','AMTX','0','0',NULL,NULL),
(828,'NORTHWEST HWY FOOD MART','northwesthwyfm@gmail.com','+1817-899-7722',NULL,'$2y$10$VaiNyeMzTvtZEmMQpXULtu9jNIre1/DMFO4vOqFjGpXHBBK5C0MTG',NULL,'2025-02-19 14:22:09','2025-02-19 14:22:09',NULL,'Manivali LLC','Manivali LLC','2332 W.NW hwy','Dallas','TX','75220','817-899-7722','Hussian',NULL,'northwesthwyfm@gmail.com',NULL,'68972','AMTS',6,'Monthly','AMTX','0','0',NULL,NULL),
(829,'MR CS','clayporterstores@gmail.com','+1281-574-6471',NULL,'$2y$10$fMqOn4eoY8GzuYtJoRP6k.34OxUm6sDtNdfMoelVNcgNZf2D1qK5K',NULL,'2025-02-19 14:24:05','2025-02-19 14:24:05',NULL,'Clay Porter Stores Group, LLC','Clay Porter Stores Group, LLC','24001 Clay Rd','Katy','TX','77493','281-683-7739','Arif',NULL,NULL,NULL,'89681','AMTS',6,'Monthly','AMTX','0','0',NULL,NULL),
(830,'OASIS MARKET','greenhousecstore@gmail.com','+1832-427-5589',NULL,'$2y$10$0NklDpjESJXZBcQ7lBepweQsEvjXEQn8HoO3AKpM0dIkSknkPRxra',NULL,'2025-02-19 14:25:00','2025-02-19 14:25:00',NULL,'GoGo Greenhouse, Incorporated','GoGo Greenhouse, Incorporated','4909 Greenhouse Rd','Katy','TX','77449','713-344-5739','Rafik',NULL,'kranthiveer@gmail.com',NULL,'88205','AMTS',6,'Monthly','AMTX','0','0',NULL,NULL),
(831,'MS EXPRESS','msexpresshtx@gmail.com','+1936-436-1129',NULL,'$2y$10$pAJw34Yf7vMEQPCtPopp8.BP8o6wFtMJIJqwZ68nhR/QrBRrMK0/G',NULL,'2025-02-19 14:27:22','2025-02-19 14:27:22',NULL,'Baqir Ali Enterprises, Inc.','Baqir Ali Enterprises, Inc.','2812 Sam Houston Ave Ste C','Huntsville','TX','77340','281-701-6710','Shahzad Ali',NULL,NULL,NULL,'39784','AMTS',6,'Monthly','AMTX','0','0',NULL,NULL),
(832,'OMAHA MINI MART','naimsharif10@gmail.com','+1832-641-2688',NULL,'$2y$10$O/mfxMoGY7g8/5XIaeFU.O/bifcwRfB8uu6t.4hN8CzByRnOsf94a',NULL,'2025-02-19 14:27:49','2025-02-19 14:27:49',NULL,'Tekno Total Management Corporation','Tekno Total Management Corporation','2405 Kelley St','Houston','TX','77026','832-620-2789','Sharif',NULL,'badarsharif@hotmail.com',NULL,'40311','AMTS',6,'Monthly','AMTX','0','0',NULL,NULL),
(833,'MURPHY CHEVRON','murphychevron@yahoo.com','+1281-240-2446',NULL,'$2y$10$v8YkftyzqjbxfhpihwGIDuupSaQirzmuyr6.F3pN3xZJhPcPlgor2',NULL,'2025-02-19 14:29:40','2025-02-19 14:29:40',NULL,'B & K BUSINESS INC','K&A BUSINESS INC','3702 Greenbriar Dr','Stafford','TX','77477','832-573-1382','Amirali',NULL,NULL,NULL,'80072','AMTS',6,'Monthly','AMTX','0','0',NULL,NULL),
(834,'ON THE GO MART','ikemomin@gmail.com','+1713-641-4455',NULL,'$2y$10$lKoPCmZ4MobEVwAOUk0/cOMFgu67BEBj9tjD92mo0gczn7L4YPFBm',NULL,'2025-02-19 14:29:58','2025-02-19 14:29:58',NULL,'S S S ENTERPRISES, INC.','S S S ENTERPRISES, INC.','8901 Howard Dr','Houston','TX','77017','281-513-1783','Iqbal',NULL,'ikemomin@gmail.com',NULL,'5516','AMTS',6,'Monthly','AMTX','0','0',NULL,NULL),
(835,'MUSTANG XPRESS 1','foodmartexpress1@gmail.com','+1409-745-5454',NULL,'$2y$10$18Wd7UlbSnlVwIJNRmeBwer9u2.o1TjEZHRfT/0vSdeROIyuZRaOS',NULL,'2025-02-19 14:31:45','2025-02-19 14:31:45',NULL,'Mazm Group LLC','Mazm Group LLC','7120 Interstate 10 W','Orange','TX','77632','713-732-7500','Maruf',NULL,NULL,NULL,'54159','AMTS',6,'Monthly','AMTX','0','0',NULL,NULL),
(836,'ONE STOP FOOD MART','imtiyaz713@gmail.com','+1713-644-8300',NULL,'$2y$10$yRBfzj/6OO4dtH2PARHieOwWJ4blAwI.8jfznhgLHn.D3RJYcU25q',NULL,'2025-02-19 14:31:48','2025-02-19 14:31:48',NULL,'ZSI ENTERPRISES INC.','ZSI ENTERPRISES INC.','4827 Galveston Rd','Houston','TX','77017','713-384-5835','Imtiyaz',NULL,'imtiyaz713@gmail.com',NULL,'63449','AMTS',6,'Monthly','AMTX','0','0',NULL,NULL),
(837,'MUSTANG XPRESS 2',NULL,'+1409-882-0882',NULL,'$2y$10$J1DVhGtg/iOS.khj/pxrquQb.7FArhjytVaWkk3UE.eSwX6dw377K',NULL,'2025-02-19 14:36:26','2025-02-19 14:36:26',NULL,'Mazm Group LLC','Mazm Group LLC','6892 FM 1130','Orange','TX','77632','713-732-7500','Maruf',NULL,'foodmartexpress1@gmail.com',NULL,'54157','AMTS',6,'Monthly','AMTX','0','0',NULL,NULL),
(838,'ORBIT',NULL,'+1281-323-0946',NULL,'$2y$10$ISrRNurremUsNWEIUqJOfuyZobhbtqy4N5AuagEHnDnkEElMRLlle',NULL,'2025-02-19 14:39:16','2025-02-19 14:39:16',NULL,'BINIT BUSINESS, INC.','BINIT BUSINESS, INC.','1804 North 1st Street','Conroe','TX','77301','713-391-6329','Nurali',NULL,'trifoodmart@yahoo.com',NULL,'64878','AMTS',6,'Monthly','AMTX','0','0',NULL,NULL),
(839,'PAPA KEITHS TRUCK STOP','pktruckstop@gmail.com','+1281-837-0786',NULL,'$2y$10$EapSrTnjMUG6gxiXeBx4wuvQh3BwNzLDI8JdaY8iKBd2NQ.gfnJjy',NULL,'2025-02-19 14:41:21','2025-02-19 14:41:21',NULL,'RIVERSIDE C-STORE INC','RIVERSIDE C-STORE INC','3722 State Hwy 19','Riverside','TX','77367','281-543-9833','Amir Momin',NULL,NULL,NULL,'60256','AMTS',6,'Monthly','AMTX','0','0',NULL,NULL),
(840,'PARK FOOD MART','parkfoodmart@yahoo.com','+1281-357-0179',NULL,'$2y$10$RAslgB/ut9yVG1Kyvhr/buC4/YoKAuo2YstJA9Na7J4WV8y5dp28G',NULL,'2025-02-19 14:43:58','2025-02-19 14:43:58',NULL,'Nazira & Aria Corporation','Nazira & Aria Corporation','14814 Brown Rd','Tomball','TX','77375','832-447-0166','Ahsan',NULL,NULL,NULL,'16768','AMTS',6,'Monthly','AMTX','0','0',NULL,NULL),
(841,'ORBIT 2','orbit7861@gmail.com','+1936-539-3007',NULL,'$2y$10$/IZ8pxHOvhNm3onrklV8F.jKUidExBRygjH6Orec4VhXrDuPYx01S',NULL,'2025-02-19 15:21:36','2025-02-19 15:21:36',NULL,'New Orbit, Inc.','New Orbit, Inc.','413 Porter Rd','Conroe','TX','77301','713-401-4848','Krishna',NULL,'nizarprasla@sbcglobal.net',NULL,'47171','AMTS',6,'Monthly','AMTX','0','0',NULL,NULL),
(842,'ORBIT 3','orbit3walden@gmail.com','+1832-875-2068',NULL,'$2y$10$2ARG8EWHApJ9C39x3pz.p.1MlvQDSUUHFA.Sl.Lvw2K56Xh66wfES',NULL,'2025-02-19 15:31:24','2025-02-19 15:31:24',NULL,'New Orbit, Inc.','New Orbit, Inc.','12800 Walden Rd','Montgomery','TX','77356','713-391-6456','Nizar',NULL,'orbit3walden@gmail.com',NULL,'14098','AMTS',6,'Monthly','AMTX','0','0',NULL,NULL),
(843,'ORBIT 4','ssmomin143@gmail.com','+1281-919-2092',NULL,'$2y$10$H21Em9kk.Y3.QfnH9VH1e.9w0kNT0f4e6mZ9TdcP0wY7uJf.9nCwm',NULL,'2025-02-19 15:34:43','2025-02-19 15:34:43',NULL,'NEW OPAL, INC.','NEW OPAL, INC.','16943 Ella Blvd','Houston','TX','77090','281-912-7268','Shaheen',NULL,'ssmomin143@gmail.com',NULL,'85173','AMTS',6,'Monthly','AMTX','0','0',NULL,NULL),
(844,'ORBIT 7','orbit7fuqua@gmail.com','+1713-391-6329',NULL,'$2y$10$q8bZfySUwMf0Y9Cwp0F4Zep6I1sk6bnNQni/rBENt.BcWAtXh.6G.',NULL,'2025-02-19 15:38:38','2025-02-19 15:38:38',NULL,'Eagle D Enterprises Inc.','Eagle D Enterprises Inc.','11660 Fuqua st','Houston','TX','77034','713-391-6329','Nurali',NULL,'trifoodmart@yahoo.com',NULL,'67558','AMTS',6,'Monthly','AMTX','0','0',NULL,NULL),
(845,'Prince Food Mart','Princefood1101@gmail.com',NULL,NULL,'$2y$10$8ebZU0ga6A3dVMlQg3YwxeCSVasoaNshYA0U0KgrQ7/A6ukJiYA5y',NULL,'2025-02-20 14:54:15','2025-02-20 14:54:15',NULL,'Aelina Enterprises Inc','Mufiq Enterprises Inc.','1101 N Main St','Taylor','TX','76574','512-947-4151','Mubeen Anwer',NULL,'mobeenmohdva@hotmail.com',NULL,'10980','Petro-Tank Solutions',6,'Monthly','AMTX','0','0',NULL,NULL),
(846,'Canyon Golf Market','canyongolfmart@gmail.com',NULL,NULL,'$2y$10$sR/axDbKISDLy1kWKqsyuefsXwuDdtI8LPHnFBsMyO.r1qEHHmlUi',NULL,'2025-02-20 14:55:41','2025-02-20 14:55:41',NULL,'Canyon Golf Business LLC','Canyon Golf Operating LLC','26180 Canyon Golf Rd','San Antonio','TX','78260','512-669-0631','Abid Maredia',NULL,NULL,NULL,'82870','Petro-Tank Solutions',6,'Monthly','AMTX','0','0',NULL,NULL),
(847,'Wood Stop','woodstopllc@gmail.com',NULL,NULL,'$2y$10$1KmMK1V59iXXYianQ3eX4Oxt7qsuxDvmD3TEisx299nyFxDJ/z5Ya',NULL,'2025-02-20 14:59:27','2025-02-20 14:59:27',NULL,'KHAN, MUHAMMAD FAHIM','WOODSTOP LLC','401 N Mesquite Ave','Luling','TX','78648','512-947-4151','Mubeen Anwer',NULL,'mobeenmohdva@hotmail.com',NULL,'14308','Petro-Tank Solutions',6,'Monthly','AMTX','0','0',NULL,NULL),
(848,'Fuel Master','fuelenterprisesinc@gmail.com',NULL,NULL,'$2y$10$CM6aQiJfryj9m3oD5nouo.E/P7i8u4PWozqOj6dg5EOQnpimLzh02',NULL,'2025-02-20 15:00:48','2025-02-20 15:00:48',NULL,'Fuel Enterprises Inc','Fuel Enterprises Inc','8780 Highway 290 E','Chappell Hill','TX','77426',NULL,NULL,NULL,'wengsu78@gmail.com',NULL,'5870','Petro-Tank Solutions',6,'Monthly','AMTX','0','0',NULL,NULL),
(849,'Roadster 21','roadsterstore21@gmail.com',NULL,NULL,'$2y$10$rwkgcNj6YNDK6857l1TUWejvQQqbhJp4aEWLA81yac08DgO1Oyrke',NULL,'2025-02-20 15:02:32','2025-02-20 15:02:32',NULL,'Lorena Store LLC','Lorena Store LLC','12016 S Interstate 35 Ste A','Lorena','TX','76655','210-995-9558','Naushir maredia',NULL,NULL,NULL,'93504','Petro-Tank Solutions',6,'Monthly','AMTX','0','0',NULL,NULL),
(850,'Howdy','himaniinvestmentsgroup@gmail.com',NULL,NULL,'$2y$10$dZUILpQdWbot5z4nJTP9E.ljLz14hHTr0gPannNfeRaiDdue3Rb3K',NULL,'2025-02-20 15:04:12','2025-02-20 15:04:12',NULL,'H&M Investments Group 2 Inc','H&M Investments Group 2 Inc','5106 Randolph Blvd','San Antonio','TX','78233','210-544-4319','Samir',NULL,NULL,NULL,'14310','Petro-Tank Solutions',6,'Monthly','AMTX','0','0',NULL,NULL),
(851,'Knight Stop',NULL,NULL,NULL,'$2y$10$k12p.7U.8YAwm0UFMLJdo.9m8hoZfLKqJYW9VUbm2NfkPqJ0ecZ2y',NULL,'2025-02-20 15:05:47','2025-02-20 15:05:47',NULL,'MARS HOLDINGS INC','MARS HOLDINGS INC','700 FM 1103','Cibolo','TX','78108','210-544-4319','Samir',NULL,'himaniinvestmentsgroup@gmail.com',NULL,'5929','Petro-Tank Solutions',6,'Monthly','AMTX','0','0',NULL,NULL),
(852,'Super Stop','springssuperstop@gmail.com','+1210-442-9287',NULL,'$2y$10$LwwpJttdFGLHuGZpiR7pUexA72d9YvsLCnCA4kBo6nusUHVSgbxMO',NULL,'2025-02-20 15:08:01','2025-02-20 15:08:01',NULL,'Springs Retail Investment Inc','Springs Retail C Store Inc','1525 Aquarena Springs DR','San Marcos','TX','78666','210-442-9287','Razee Ali',NULL,NULL,NULL,'18789','Petro-Tank Solutions',6,'Monthly','AMTX','0','0',NULL,NULL),
(853,'Deer Creek Market','deercreekmarket@gmail.com',NULL,NULL,'$2y$10$Fddfx1s/6C.sgb/aZnXinu/c0z/G2TypcIcyHRVP4L7TCymbnr31C',NULL,'2025-02-20 15:13:29','2025-02-20 15:13:29',NULL,'Endeavor Partners LLC','DEER CREEK BUSINESS LLC','1840 N US Highway 281','Marble Falls','TX','78654','713-732-4253','Samir',NULL,NULL,NULL,'93062','Petro-Tank Solutions',6,'Monthly','AMTX','0','0',NULL,NULL),
(854,'Max Mart 2','maxmart7861@gmail.com',NULL,NULL,'$2y$10$06oK.nlhr5IDHxMITUCvbOKAMz4/vFTZxpwF8sCpltjTjDAYlM0yC',NULL,'2025-02-20 15:14:59','2025-02-20 15:14:59',NULL,'Concord Retail LLC','Concord Retail LLC','4712 San Pedro Ave','San Antonio','TX','78212','210-954-7112','Zaheer Dhanani',NULL,NULL,NULL,'7097','Petro-Tank Solutions',6,'Monthly','AMTX','0','0',NULL,NULL),
(855,'Fuel America Travel Center',NULL,NULL,NULL,'$2y$10$M4nsfLuCsdxoi9owJswKuecnkPLLhRGlulAzAzF1maG2f83QruHyO',NULL,'2025-02-20 15:29:30','2025-02-20 15:29:30',NULL,'KAS Holdings LLC','Mines Retail LLC','13602 FM 1472','Laredo','TX','78045',NULL,NULL,NULL,'monica@petroleumdist.com',NULL,'88962','Petro-Tank Solutions',6,'Monthly','AMTX','0','0',NULL,NULL),
(856,'Circle Bar Truck Corral',NULL,NULL,NULL,'$2y$10$6TtBJwVuoihc7OFcyp1.g.yvBnSriHleInhBYN3UmojT2/JJaKUp2',NULL,'2025-02-20 15:30:48','2025-02-20 15:30:48',NULL,'OZONA RETAIL INC','OZONA RETAIL INC','3331 Interstate 10 E','Ozona','TX','76943',NULL,NULL,NULL,'monica@petroleumdist.com',NULL,'64553','Petro-Tank Solutions',6,'Monthly','AMTX','0','0',NULL,NULL),
(857,'Pump N Shop 13',NULL,NULL,NULL,'$2y$10$69pcm7DVmnkmMcWJXP5imux6H0MhHHAIYCX5wHsWpErBXQ8yqRk.2',NULL,'2025-02-20 15:32:11','2025-02-20 15:32:11',NULL,'SACRED HEART RETAIL LLC','SACRED HEART RETAIL LLC','2002 Sacred Heart Dr','Laredo','TX','78043',NULL,NULL,NULL,'monica@petroleumdist.com',NULL,'57843','Petro-Tank Solutions',6,'Monthly','AMTX','0','0',NULL,NULL),
(858,'Pump N Shop 31',NULL,NULL,NULL,'$2y$10$ZhifPXCoDr17oEE2OfSWG.kHljM2EcywD4txAj5E5.YBXn9ny8mFO',NULL,'2025-02-20 15:33:34','2025-02-20 15:33:34',NULL,'SAN BERNARDO RETAIL LLC','SAN BERNARDO RETAIL LLC','4801 San Bernardo Ave','Laredo','TX','78041',NULL,NULL,NULL,'monica@petroleumdist.com',NULL,'77786','Petro-Tank Solutions',6,'Monthly','AMTX','0','0',NULL,NULL),
(859,'Pump N Shop 15',NULL,NULL,NULL,'$2y$10$2RbJrep6Sc6XIABWfUGYAu1FohakgQ.WrAxq5usJ1zlOBeyglrHX6',NULL,'2025-02-20 15:34:42','2025-02-20 15:34:42',NULL,'SAN DARIO RETAIL LLC','SAN DARIO RETAIL LLC','3419 San Dario Ave','Laredo','TX','78040',NULL,NULL,NULL,'monica@petroleumdist.com',NULL,'11076','Petro-Tank Solutions',6,'Monthly','AMTX','0','0',NULL,NULL),
(860,'Pump N Shop 11',NULL,NULL,NULL,'$2y$10$Zd5BgDABgDQtgmCUCTFhyeKu/9LLDfCpKbKvrCmMP4TkYPM8qCGnu',NULL,'2025-02-20 15:35:50','2025-02-20 15:35:50',NULL,'SAUNDERS RETAIL LLC','SAUNDERS RETAIL LLC','1202 E Saunders St','Laredo','TX','78041',NULL,NULL,NULL,'monica@petroleumdist.com',NULL,'11077','Petro-Tank Solutions',6,'Monthly','AMTX','0','0',NULL,NULL),
(861,'Pump N Shop 33',NULL,NULL,NULL,'$2y$10$FFva6R2Qz5fNx3Ku7DveJesKnZ1faPbfIDvvA1gCzVUv9zeki6unS',NULL,'2025-02-20 15:36:49','2025-02-20 15:36:49',NULL,'SHILOH RETAIL LLC','SHILOH RETAIL LLC','101 Shiloh Dr','Laredo','TX','78045',NULL,NULL,NULL,'monica@petroleumdist.com',NULL,'79675','Petro-Tank Solutions',6,'Monthly','AMTX','0','0',NULL,NULL),
(862,'Pump N Shop 27',NULL,NULL,NULL,'$2y$10$80zMYtapJ5Qr1wLMpvQxXePEZUA4A18oaBrce1HcL17T34tMNmusS',NULL,'2025-02-20 15:37:53','2025-02-20 15:37:53',NULL,'SPRINGFIELD RETAIL LLC','SPRINGFIELD RETAIL LLC','6552 Springfield Ave','Laredo','TX','78041',NULL,NULL,NULL,'monica@petroleumdist.com',NULL,'75294','Petro-Tank Solutions',6,'Monthly','AMTX','0','0',NULL,NULL),
(863,'Big Star Food Mart 2',NULL,NULL,NULL,'$2y$10$ehlR/6c.mPcQ7MAR17.aTuDTv/Ehxq2tHUqYTHoSSGm707.VjP1T2',NULL,'2025-02-20 15:39:03','2025-02-20 15:39:03',NULL,'THREE STAR VENTURE 7 LLC','THREE STAR VENTURE 7 LLC','930 E Formosa Blvd','San Antonio','TX','78221',NULL,NULL,NULL,'monica@petroleumdist.com',NULL,'5936','Petro-Tank Solutions',6,'Monthly','AMTX','0','0',NULL,NULL),
(864,'Pump N Shop 12',NULL,NULL,NULL,'$2y$10$teyeLmNx9Gz0pCPsD2ZjxuC88BnxfKAa0XR7J7fxNhdDy9mZ/r60K',NULL,'2025-02-20 15:42:27','2025-02-20 15:42:27',NULL,'URSULA RETAIL LLC','URSULA RETAIL LLC','2002 Santa Ursula Ave','Laredo','TX','78040',NULL,NULL,NULL,'monica@petroleumdist.com',NULL,'53612','Petro-Tank Solutions',6,'Monthly','AMTX','0','0',NULL,NULL),
(865,'Pump N Shop 17',NULL,NULL,NULL,'$2y$10$BIPu8JpTHeNqQqytKJp.O.N0KEcx81lagn83x2aZIgckBDUX3xlD6',NULL,'2025-02-20 15:44:18','2025-02-20 15:44:18',NULL,'ZAPATA 83 RETAIL, LLC','ZAPATA 83 RETAIL, LLC','1824 US Hwy 83','Zapata','TX','78076',NULL,NULL,NULL,'monica@petroleumdist.com',NULL,'11082','Petro-Tank Solutions',6,'Monthly','AMTX','0','0',NULL,NULL),
(866,'Pump N Shop 50',NULL,NULL,NULL,'$2y$10$PnA45wz8vDb5wSOARcXU4e.8wdyxyITi2ICfkOHlyPNrF0eZaScue',NULL,'2025-02-20 15:45:19','2025-02-20 15:45:19',NULL,'La Familia Retail Inc','La Familia Retail Inc','4030 Medical Dr','San Antonio','TX','78229',NULL,NULL,NULL,'monica@petroleumdist.com',NULL,'69502','Petro-Tank Solutions',6,'Monthly','AMTX','0','0',NULL,NULL),
(867,'Times Market',NULL,NULL,NULL,'$2y$10$7ujVlv4jzUooT/XiJEbbMOD.vYz1Zthx5w5HeOq2J4Tp3k96Yw5JW',NULL,'2025-02-20 15:46:38','2025-02-20 15:46:38',NULL,'Riverwalk Consulting LLC','Alial Enterprises Inc','1910 S Hackberry St','San Antonio','TX','78210','210-559-0387','Ahmed',NULL,'ahmed_lok@yahoo.com',NULL,'32881','Petro-Tank Solutions',6,'Monthly','AMTX','0','0',NULL,NULL),
(868,'Texan Market 3','texanmarket3@gmail.com',NULL,NULL,'$2y$10$w9wZv7ITcCddFPU0w9eyP.ZIMHn4goZEpv8EmSw8gLqc4gmb1FV7u',NULL,'2025-02-20 15:48:17','2025-02-20 15:48:17',NULL,'BANS TEXAS INVESTMENTS LLC','BANS TEXAS INVESTMENTS LLC','1100 Gattis School Rd Ste 300D','Round Rock','TX','78664',NULL,NULL,NULL,'naseemmomin@hotmail.com',NULL,'51471','Petro-Tank Solutions',6,'Monthly','AMTX','0','0',NULL,NULL),
(869,'Sunrise Mini Mart 7','sunriseminimart7@gmail.com',NULL,NULL,'$2y$10$lWerinbsJUQgYrSQ/N05BuQClpHuxrgh5UMNb5TBLEoYJFSNARxH.',NULL,'2025-02-20 15:49:34','2025-02-20 15:49:34',NULL,'AZAN INC','AZAN INC','102 W Powell Ln','Austin','TX','78753','512-825-7764','Abdul',NULL,NULL,NULL,'39569','Petro-Tank Solutions',6,'Monthly','AMTX','0','0',NULL,NULL),
(870,'Winns Store','winnstore810@gmail.com',NULL,NULL,'$2y$10$hSPTmVv/XaJ5Y8nUj3kd3eZPI9vZjeutadG.DiwOZFOMVTLGMYFUm',NULL,'2025-02-20 15:50:54','2025-02-20 15:50:54',NULL,'Hn World LLC.','Hn World LLC.','810 New Laredo Hwy','San Antonio','TX','78211','737-346-1042','Hema',NULL,NULL,NULL,'66612','Petro-Tank Solutions',6,'Monthly','AMTX','0','0',NULL,NULL),
(871,'The Right Choice Food Mart','Rightchoice715@gmail.com',NULL,NULL,'$2y$10$Z6hpH7y4kCMcHf1Jvi6QiOI9kVvCd8Ll98.fB/pwK/7.hc10036Fy',NULL,'2025-02-20 15:52:14','2025-02-20 15:52:14',NULL,'Colaco Brothers Inc.','Colaco Brothers Inc.','715 E US Highway 90','Waelder','TX','78959','832-455-7657','Mike Minguel Calaco',NULL,NULL,NULL,'69067','Petro-Tank Solutions',6,'Monthly','AMTX','0','0',NULL,NULL),
(872,'Tex Stop C Store','texstop@delriobk.com','+1281-875-5155',NULL,'$2y$10$Jxd4V9bsIATH.Xgb9TtiUOsHdG9eXTXRX0xlS4K13Xla8KaLyyUme',NULL,'2025-02-20 15:55:35','2025-02-20 15:55:35',NULL,'1 Stop Food Mart LLC','1 Stop Food Mart LLC','9175 FM 78','Converse','TX','78109','281-687-8636','Ali Sutaria',NULL,NULL,NULL,'27497','Petro-Tank Solutions',6,'Monthly','AMTX','0','0',NULL,NULL),
(873,'Crystal City Drive-Thru Market',NULL,NULL,NULL,'$2y$10$jF56MdIiNwMump/8gZhVMOqGrWsx02fR70spqQoH73Z5JHm75Dkne',NULL,'2025-02-20 15:57:13','2025-02-20 15:57:13',NULL,'NILU ENTERPRISES, INC','NILU ENTERPRISES, INC','1608 N US Highway 83','Crystal City','TX','78839','713-291-1975',NULL,NULL,'joeb786@gmail.com',NULL,'69101','Petro-Tank Solutions',6,'Monthly','AMTX','0','0',NULL,NULL),
(874,'Family Food Mart','badal1288@gmail.com','+1254-228-5494',NULL,'$2y$10$SPkul2Lj/bJU84dsvyg.xON9hNzdQDQrLNlMbrAqORRELLNPDL0ae',NULL,'2025-02-20 16:01:31','2025-02-20 16:01:31',NULL,'Dil Prakash LLC','Dil Prakash LLC','2512 S 5th St','Temple','TX','76504','737-484-2732','Prakash',NULL,NULL,NULL,'18895','Petro-Tank Solutions',6,'Monthly','AMTX','0','0',NULL,NULL),
(875,'Bucc\'s/Brenham Food Stop 1 (Sunoco)','buccsbrenham@gmail.com',NULL,NULL,'$2y$10$EQA5Rsn2FsVw0U7kvw/OGOyDJ7m2lmlrDT9HoAIlTNAFtijIEBKnm',NULL,'2025-02-20 16:03:04','2025-02-21 20:07:12',NULL,'Mash Holdings, Inc.','Mash Holdings, Inc.','4185 Highway 36 N','Brenham','TX','77833','409-466-1276','Rizwan',NULL,NULL,NULL,'8875','Petro-Tank Solutions',6,'Monthly','AMTX','0','0',NULL,NULL),
(876,'Mays Corner Store','mayscornerstore1801@gmail.com',NULL,NULL,'$2y$10$ZbM/sYUw66mBWLT28bsCGOWxAheQcZ1rhvax4xv3E7pLoTMP9Aynu',NULL,'2025-02-20 16:09:31','2025-03-03 09:33:39',NULL,'Gattis Retail Investment Inc','Gattis Retail Investment Inc','1801 S Mays St','Round Rock','TX','78664','281-917-0101','Ramiz Prasla',NULL,'Adeel.maknojia28@gmail.com',NULL,'7155','Petro-Tank Solutions',6,'Monthly','AMTX','0','0',NULL,NULL),
(877,'Prime Market','primemarket801@gmail.com',NULL,NULL,'$2y$10$shIi2E.inq2Q5bi8NODlLeNIzQ0epGm5ztAm.Vgdb31DeRpuxafv2',NULL,'2025-02-20 16:12:09','2025-03-03 09:33:13',NULL,'Rr C Store Inc','Rr Retail Investment Inc','801 S Mays St','Round Rock','TX','78664','281-917-0101','RAMIZ PRASLA',NULL,'Adeel.maknojia28@gmail.com',NULL,'3634','Petro-Tank Solutions',6,'Monthly','AMTX','0','0',NULL,NULL),
(878,'Luck Key Mart','skai2023inc@gmail.com',NULL,NULL,'$2y$10$4UUuQkE2mI4DBfSdloUUuO8drSF4MLTRiehsH/kSzgizkBuJi682u',NULL,'2025-02-20 16:14:05','2025-02-20 16:14:05',NULL,'Rita Properties LLC','Skai 2023 Inc','411 S Key Ave','Lampasas','TX','76550','512-297-0199','Azizbhai Mahesaniya',NULL,NULL,NULL,'14500','Petro-Tank Solutions',6,'Monthly','AMTX','0','0',NULL,NULL),
(879,'Roadtrac 17','Roadtrac17@gmail.com',NULL,NULL,'$2y$10$U3q2k1jKxjX.XDQsSqTCiuwEi0aeXf8Fsy2y0uKbq3Rt7I6IWWpiC',NULL,'2025-02-20 16:15:35','2025-02-20 16:15:35',NULL,'Loop 410 Store LLC','Loop 410 Store LLC','2303 NE Loop 410','San Antonio','TX','78217','210-608-7821','Raju',NULL,NULL,NULL,'47808','Petro-Tank Solutions',6,'Monthly','AMTX','0','0',NULL,NULL),
(880,'Xoom H711 - 80017579',NULL,NULL,NULL,'$2y$10$wk2eVl3RNph7.upzSpNBXODOfWvfH2gIvEG/0RAzZmtwskAftXbEK',NULL,'2025-02-20 16:20:52','2025-02-20 16:20:52',NULL,'SUNOCO RETAIL LLC','Crest Retail Inc.','711 N Ed Carey Dr','Harlingen','TX','78550','832-398-9484','Samir Mehdi Momin',NULL,'samirmomin86@gmail.com',NULL,'21223','Petro-Tank Solutions',6,'Monthly','AMTX','0','0',NULL,NULL),
(881,'Xoom H2002 - 80017571',NULL,NULL,NULL,'$2y$10$d9Z3z5FhYRIh22GAkoatdefYSLZScj6iHyClgNjQY3k.6SQZKD8gC',NULL,'2025-02-20 16:21:59','2025-02-20 16:21:59',NULL,'SUNOCO RETAIL LLC','Crest Retail Inc.','2002 S 23rd St','Harlingen','TX','78550','832-398-9484','Samir Mehdi Momin',NULL,'samirmomin86@gmail.com',NULL,'6102','Petro-Tank Solutions',6,'Monthly','AMTX','0','0',NULL,NULL),
(882,'Xoom H4706 - 80016534',NULL,NULL,NULL,'$2y$10$k2a9luYeMyj91wM28MI3/.Pv0xaYhLmOdasrPIpre40pg05hiirWu',NULL,'2025-02-20 16:23:00','2025-02-20 16:23:00',NULL,'SUNOCO RETAIL LLC','Crest Retail Inc.','4706 S Expressway 83','Harlingen','TX','78552','832-398-9484','Samir Mehdi Momin',NULL,'samirmomin86@gmail.com',NULL,'68940','Petro-Tank Solutions',6,'Monthly','AMTX','0','0',NULL,NULL),
(883,'Xoom MR300 - 80004893',NULL,NULL,NULL,'$2y$10$JmIO17GSd2LpjNA4W/jMie6phtNvPayKL9M2ZqGvcZDAej3UJniqG',NULL,'2025-02-20 16:24:36','2025-02-20 16:24:36',NULL,'SUNOCO RETAIL LLC','Crest Retail Inc.','300 E Expressway 83','Mercedes','TX','78570','832-398-9484','Samir Mehdi Momin',NULL,'samirmomin86@gmail.com',NULL,'70477','Petro-Tank Solutions',6,'Monthly','AMTX','0','0',NULL,NULL),
(884,'Xoom H6780 - 80008833',NULL,NULL,NULL,'$2y$10$J618zWe69U30Y13YUHMGyetIr39U0bFfSCL4Q0sn0OhgpHKjEQxcm',NULL,'2025-02-20 16:25:36','2025-02-20 16:25:36',NULL,'SUNOCO RETAIL LLC','Crest Retail Inc.','6780 W Expressway 83','Harlingen','TX','78552','832-398-9484','Samir Mehdi Momin',NULL,'samirmomin86@gmail.com',NULL,'74401','Petro-Tank Solutions',6,'Monthly','AMTX','0','0',NULL,NULL),
(885,'Xoom B1758 - 80007226',NULL,NULL,NULL,'$2y$10$dIpXkF0FnJtu8Gvje9tROO1aFUBREARD3dg0bYry.Nw9tMoUApeWi',NULL,'2025-02-20 16:26:49','2025-02-20 16:26:49',NULL,'SUNOCO RETAIL LLC','Crest Retail Inc.','1758 Boca Chica Blvd','Brownsville','TX','78520','832-398-9484','Samir Mehdi Momin',NULL,'samirmomin86@gmail.com',NULL,'26010','Petro-Tank Solutions',6,'Monthly','AMTX','0','0',NULL,NULL),
(886,'Xoom B745 - 80004899',NULL,NULL,NULL,'$2y$10$rgcAWfg123L8HhWh9xFKguWqyFQsLuxx4UkW6dzkp.IEHEBDy3Sd2',NULL,'2025-02-20 16:27:57','2025-02-20 16:27:57',NULL,'SUNOCO RETAIL LLC','Crest Retail Inc.','745 W Elizabeth ST','Brownsville','TX','78520','832-398-9484','Samir Mehdi Momin',NULL,'samirmomin86@gmail.com',NULL,'26091','Petro-Tank Solutions',6,'Monthly','AMTX','0','0',NULL,NULL),
(887,'Xoom B865 - 80012743',NULL,NULL,NULL,'$2y$10$O9xn3chA4BUxcTSUM43fuuVkd0oLG2QpKestxF3gdfezdte1Jb7mC',NULL,'2025-02-20 16:29:13','2025-02-20 16:29:13',NULL,'SUNOCO RETAIL LLC','Crest Retail Inc.','865 N Expressway','Brownsville','TX','78520','832-398-9484','Samir Mehdi Momin',NULL,'samirmomin86@gmail.com',NULL,'26062','Petro-Tank Solutions',6,'Monthly','AMTX','0','0',NULL,NULL),
(888,'Xoom B1725 - 80003125',NULL,NULL,NULL,'$2y$10$VJGjn6cJ1jmTIVEi0RTBrOuvFYXubMVvu8K8R0tLEQd//skSW9uD6',NULL,'2025-02-20 16:30:20','2025-02-20 16:30:20',NULL,'SUNOCO RETAIL LLC','Crest Retail Inc.','1725 International Blvd','Brownsville','TX','78520','832-398-9484','Samir Mehdi Momin',NULL,'samirmomin86@gmail.com',NULL,'26046','Petro-Tank Solutions',6,'Monthly','AMTX','0','0',NULL,NULL),
(889,'Xoom E1606 - 80010136',NULL,NULL,NULL,'$2y$10$KxZr76WhuOwIIBxBqPnCjOKLYa/mgs2rz4wPB3LJtF71cmAVxWyqC',NULL,'2025-02-20 16:31:24','2025-02-20 16:31:24',NULL,'SUNOCO RETAIL LLC','Symbol Retail Inc.','1606 E Richardson Rd','Edinburg','TX','78542','832-398-9484','Samir Mehdi Momin',NULL,'samirmomin86@gmail.com',NULL,'72189','Petro-Tank Solutions',6,'Monthly','AMTX','0','0',NULL,NULL),
(890,'Xoom E1402 - 80017580',NULL,NULL,NULL,'$2y$10$Ed6v4E2F54/Yc/5BYwdkIuuM7GE4trBdpjeo2x22A8O18808nPigO',NULL,'2025-02-20 16:32:33','2025-02-20 16:32:33',NULL,'SUNOCO RETAIL LLC','Symbol Retail Inc.','1402 E University Dr','Edinburg','TX','78539','832-398-9484','Samir Mehdi Momin',NULL,'samirmomin86@gmail.com',NULL,'21199','Petro-Tank Solutions',6,'Monthly','AMTX','0','0',NULL,NULL),
(891,'Xoom E2502 - 80017562',NULL,NULL,NULL,'$2y$10$UrrHu01sfl5SFkG/kGXXS.DZHIQ6.C7FAVku.FZlk.Z0yCy.twqw2',NULL,'2025-02-20 16:33:38','2025-02-20 16:33:38',NULL,'SUNOCO RETAIL LLC','Symbol Retail Inc.','2502 E University Dr','Edinburg','TX','78542','832-398-9484','Samir Mehdi Momin',NULL,'samirmomin86@gmail.com',NULL,'77328','Petro-Tank Solutions',6,'Monthly','AMTX','0','0',NULL,NULL),
(892,'Xoom M1600 - 80004252',NULL,NULL,NULL,'$2y$10$Wq.DkI7U1SASlvAsRTEihuP27gWG54.agmgO1uCvBJjUG3bJmoRrm',NULL,'2025-02-20 16:34:40','2025-02-20 16:34:40',NULL,'SUNOCO RETAIL LLC','Symbol Retail Inc.','1600 N Bicentennial Blvd','Mcallen','TX','78501','832-398-9484','Samir Mehdi Momin',NULL,'samirmomin86@gmail.com',NULL,'68897','Petro-Tank Solutions',6,'Monthly','AMTX','0','0',NULL,NULL),
(893,'Xoom 5822 - 80002028',NULL,NULL,NULL,'$2y$10$hink6cQB/E5Ab7z0fMMUwOdGABYtY4/5kiDCa8bY0lTzoG0Z59gIu',NULL,'2025-02-20 16:35:55','2025-02-20 16:35:55',NULL,'SUNOCO RETAIL LLC','Symbol Retail Inc.','822 W US Highway 83','San Juan','TX','78589','832-398-9484','Samir Mehdi Momin',NULL,'samirmomin86@gmail.com',NULL,'72427','Petro-Tank Solutions',6,'Monthly','AMTX','0','0',NULL,NULL),
(894,'Xoom P1900 - 80014715',NULL,NULL,NULL,'$2y$10$ACqzUCoVwEFmiu/1OLXNOe.qnA57rj5UsTYXRoAfgxVg1O1jIBnR2',NULL,'2025-02-20 16:37:12','2025-02-20 16:37:12',NULL,'SUNOCO RETAIL LLC','Symbol Retail Inc.','1900 N Jackson Rd','Pharr','TX','78577','832-398-9484','Samir Mehdi Momin',NULL,'samirmomin86@gmail.com',NULL,'73080','Petro-Tank Solutions',6,'Monthly','AMTX','0','0',NULL,NULL),
(895,'Snack Stop 4','snackstopwh@gmail.com','+1Asif 512-521-2723',NULL,'$2y$10$qoqOGCo8lb2gdSVKwcG/v.vZkxG0cPEYNlMpvBEevyrGBI2LIdGFO',NULL,'2025-02-21 07:52:27','2025-03-03 09:44:05',NULL,'ZEMS LLC','ZEMS LLC','1125 Westinghouse Rd','Georgetown','TX','78626','737-334-8756','Naushad',NULL,'nhprasla@gmail.com',NULL,'92980','Petro-Tank Solutions',6,'Monthly','AMTX','0','0',NULL,NULL),
(896,'J & S Food Mart','jsfamilybiz@gmail.com','+1512-793-2040',NULL,'$2y$10$1z4obQJ7hPPc2g4W2XjJquv10oFugH4i.oCgo9mWNgw16SNtLQnr6',NULL,'2025-02-21 07:53:52','2025-03-03 14:20:15',NULL,'J&S Mart LLC','Js Family Biz LLC','2045 Ranch Road 261','Buchanan Dam','TX','78609','512-903-2381','Samir Maredia',NULL,'sumetiya@gmail.com',NULL,'56101','Petro-Tank Solutions',6,'Monthly','AMTX','0','0',NULL,NULL),
(897,'Elite Mart','Elitemart1103@gmail.com',NULL,NULL,'$2y$10$VygQ/QocQHEYXlkY4C1vJOZvoHLHyKfFzzWH5MUGHxnFPCNdUkQ4.',NULL,'2025-02-21 07:55:29','2025-03-03 09:21:40',NULL,'NINE RED INVESTMENTS LLC','Cibolo Texas Investment LLC','2662 FM 1103','Cibolo','TX','78108','832-288-1463','Alishan Prasla',NULL,'Alishanp86@gmail.com',NULL,'93687','Petro-Tank Solutions',6,'Monthly','AMTX','0','0',NULL,NULL),
(898,'Aurora Store 105','Shell.harveyroad@gmail.com',NULL,NULL,'$2y$10$DJTl056HI2yTuFcZnaepT.Ut68//8vrwFRH6Y.x1JCIHRljam5ZFC',NULL,'2025-02-21 07:57:05','2025-02-21 07:57:05',NULL,'HARVEY ROAD PROPERTY LLC','PRASLA OPERATING LLC','2601 Harvey Road','College Station','TX','77845','713-972-2491','Rizwan',NULL,NULL,NULL,'69138','Petro-Tank Solutions',6,'Monthly','AMTX','0','0',NULL,NULL),
(899,'RZ Food Mart','rz9708@gmail.com',NULL,NULL,'$2y$10$IP9wcCL4I0sXuWpfduw91uD2PBJVrsMYuULhz/BlwCvn1fHt3FdSe',NULL,'2025-02-21 07:58:49','2025-03-03 09:34:27',NULL,'ANDERSON MILL 9708 LTD','R Z FUEL INC','9708 Anderson Mill Rd','Austin','TX','78750','512-736-1810','David Edelman',NULL,'dedelman@sbcglobal.net',NULL,'54012','Petro-Tank Solutions',6,'Monthly','AMTX','0','0',NULL,NULL),
(900,'Fairfield Food Store','fairfieldfoodstore@gmail.com','+1512-736-1810',NULL,'$2y$10$EZerFrIWOWgmmvyOlMEUd.oyaJmPWIUbvoiAjQqEmPMcKKj4fUkDq',NULL,'2025-02-21 08:00:37','2025-02-21 08:00:37',NULL,'RESEARCH 8538 LTD','RESEARCH 8538 LTD','8538 Research Blvd','Austin','TX','78758','737-287-9488','Alfin',NULL,'dedelman@sbcglobal.net',NULL,'45249','Petro-Tank Solutions',6,'Monthly','AMTX','0','0',NULL,NULL),
(901,'Brenham Food Stop 3',NULL,NULL,NULL,'$2y$10$MTFTKABDd1TJEpQZiuBf7.YW049.Y4dpl3rLk7SiUM8yeeLWFl1j6',NULL,'2025-02-21 08:01:59','2025-02-21 08:01:59',NULL,'Mash Alliance LLC','Mash Alliance LLC','1804 S Blue Bell Rd','Brenham','TX','77833','832-613-8437','Murad Aly',NULL,'Muradaly@yahoo.com',NULL,'9487','Petro-Tank Solutions',6,'Monthly','AMTX','0','0',NULL,NULL),
(902,'Nick Food Mart',NULL,NULL,NULL,'$2y$10$DD5MEgMxEdfZi8qzy34FjuD/UgnDK43Jx9SO6YNQJF1sDqS.hJ7Te',NULL,'2025-02-21 08:03:28','2025-02-21 08:03:28',NULL,'Remy Investment LLC','Remy Investment LLC','25020 Blanco Rd Ste 190','San Antonio','TX','78260','210-710-8993','Mohamed Amin Vasanji',NULL,'aminvmohamed@gmail.com',NULL,'69358','Petro-Tank Solutions',6,'Monthly','AMTX','0','0',NULL,NULL),
(903,'Zara Food Mart',NULL,NULL,NULL,'$2y$10$Di8CkjO3kPumH5WjDhbIuOsnQtQ.bu7mV79hdf4Dr7BBPePBdSRq6',NULL,'2025-02-21 08:04:47','2025-02-21 08:04:47',NULL,'S & S B ENTERPRISES INC','S & S B ENTERPRISES INC','3620 S Zarzamora St','San Antonio','TX','78225','210-710-8993','Mohamed Amin Vasanji',NULL,'aminvmohamed@gmail.com',NULL,'6938','Petro-Tank Solutions',6,'Monthly','AMTX','0','0',NULL,NULL),
(904,'Angels Mart','angelsmart1105@gmail.com',NULL,NULL,'$2y$10$Rg6sBKk/hPAggjzodmpX0.pmfD4S4aNw5P7.XXlc7fAeZXSAyu0hq',NULL,'2025-02-21 08:06:32','2025-02-21 08:06:32',NULL,'KHAN, MUHAMMAD FAHIM','Heights King LLC','519 E Veterans Memorial Blvd','Harker Heights','TX','76548','512-810-6175','Dil Budha',NULL,'dilbudha_79@yahoo.com',NULL,'45182','Petro-Tank Solutions',6,'Monthly','AMTX','0','0',NULL,NULL),
(905,'Oasis Nacogdoches','oasisnacogdoches@gmail.com',NULL,NULL,'$2y$10$VzLFiBDucO8IwqfdlqlDdOo1p9TdORvP0MxtQdkJAPvP0lu5v99NW',NULL,'2025-02-21 08:08:19','2025-02-21 08:08:19',NULL,'Oasis Nacogdoches Operating LLC','Oasis Nacogdoches Operating LLC','11210 Nacogdoches Rd','San Antonio','TX','78217','281-902-6397','Imran',NULL,NULL,NULL,'89702','Petro-Tank Solutions',6,'Monthly','AMTX','0','0',NULL,NULL),
(906,'Round Up','roundup177@gmail.com',NULL,NULL,'$2y$10$idL6jHM.zwMTJenUApAh2OmQR1VoMM3hbD1NDRzT61Re/QZVMlYqG',NULL,'2025-02-21 08:10:11','2025-02-21 08:10:11',NULL,'R&O 1 INC','R&O 1 INC','808 N US Highway 281','Marble Falls','TX','78654','512-947-4151','Mubeen Anwer',NULL,NULL,NULL,'845','Petro-Tank Solutions',6,'Monthly','AMTX','0','0',NULL,NULL),
(907,'Kwik Stop 2','kwickstop22@gmail.com',NULL,NULL,'$2y$10$OVMnzGuA7qQzO4jKUXwtDuJzGoFppx9xg9tdTP69f5EZThFZqY.8C',NULL,'2025-02-21 08:11:35','2025-02-21 08:11:35',NULL,'MMO TRADE LLC','MMO TRADE LLC','906 Buchanan Dr','Burnet','TX','78611','512-947-4151','Mubeen Anwer',NULL,NULL,NULL,'40422','Petro-Tank Solutions',6,'Monthly','AMTX','0','0',NULL,NULL),
(908,'PARK PLACE TRAVEL PLAZA','Parkplacetravelp@gmail.com','+1346-333-8818',NULL,'$2y$10$G9iAfEZ02F1jCG7GxXhYAO6SapKlW9slOW0cjq8hbPcq0PoHz9D/2',NULL,'2025-02-21 14:12:30','2025-02-21 14:12:30',NULL,'DNR BUSINESS INC','DNR BUSINESS INC','5168 NE I 10 Frontage Rd','Sealy','TX','77474','713-540-6071','Naznin',NULL,'Nsultana@southeastoil.com',NULL,'1195','AMTS',6,'Monthly','AMTX','0','0',NULL,NULL),
(909,'PARKWAY MARKET','info@parkwaymarket.com','+1832-480-5240',NULL,'$2y$10$d372X4NF/f2gNxgm5L52U.2wBBbHrjCuraJcyN3jxRnJBTJY3hWv.',NULL,'2025-02-21 14:14:42','2025-02-21 14:14:42',NULL,'GRAND OAK BUSINESS, LLC','GRAND OAK BUSINESS, LLC','2403 E Houston St','Cleveland','TX','77327','832-704-5160','Nayyir',NULL,'nmomin@comcast.net',NULL,'90139','AMTS',6,'Monthly','AMTX','0','0',NULL,NULL),
(910,'PARKWAY MARKET 1','494@parkwaymarket.com','+1832-662-0631',NULL,'$2y$10$iMZSQeOMalbyagsk1s3TkOSgQ1yenvEjleNONmlOU9pFwbt0bTRJe',NULL,'2025-02-21 14:16:38','2025-02-21 14:16:38',NULL,'494 Parkway Market LLC','494 Parkway Market LLC','21930 Loop 494','New Caney','TX','77357','832-877-7868','Shammshuddin',NULL,NULL,NULL,'91439','AMTS',6,'Monthly','AMTX','0','0',NULL,NULL),
(911,'PETRO C STORE - 80017596','mrzinhuntsville@gmail.com','+1281-857-9204',NULL,'$2y$10$D3q6UqOhKrBF06GjE5hNye4Ubtuy1M9f2cF26Z5vZQAx4GgvibFWS',NULL,'2025-02-21 14:28:27','2025-02-21 14:28:27',NULL,'SUNOCO RETAIL LLC','Petro Cstore LLC','3003 Highway 30 W','Huntsville','TX','77340','281-857-9204','Tofiq Prasla',NULL,NULL,NULL,'49425','AMTS',6,'Monthly','AMTX','0','0',NULL,NULL),
(912,'PICK & PAY',NULL,'+1281-342-1713',NULL,'$2y$10$.PTcN8.VnLNaF8jTywJgs.yVRhsPEelk3WMbdSV1Rx9zJMXYJaiwi',NULL,'2025-02-21 14:33:16','2025-02-21 14:33:16',NULL,'RAJAB ALI INC','RAJAB ALI INC','1417 1st St','Rosenberg','TX','77471','713-448-9028','Nick',NULL,'noushadnick@gmail.com',NULL,'20463','AMTS',6,'Monthly','AMTX','0','0',NULL,NULL),
(913,'PICK N PAY VALERO','Beaumontpickandpay2022@gmail.com','+1409-333-1548',NULL,'$2y$10$cBVvAGTawVvtjwSF.ceUZOZqWfCC2E88N8mtNszD0fuJblMsWOEHS',NULL,'2025-02-21 14:36:39','2025-02-21 14:36:39',NULL,'LIANA RETAIL INC','LIANA RETAIL INC','1050 IH 10 S','Beaumont','TX','77707','832-425-3855','Shanawaaz',NULL,NULL,NULL,'84157','AMTS',6,'Monthly','AMTX','0','0',NULL,NULL),
(914,'PINE FOREST MART',NULL,NULL,NULL,'$2y$10$cgoNR5h3.5u3RquyIjdyKeir4P/LZ.1bFkgLwJxd66P4JTwpiMi5y',NULL,'2025-02-21 14:38:04','2025-02-21 14:38:04',NULL,'ZARAK EXPRESS LLC','ZARAK EXPRESS LLC','17830 Clay Rd','Houston','TX','77084','832-512-6210','Imran',NULL,'17830PFM@gmail.com',NULL,'93050','AMTS',6,'Monthly','AMTX','0','0',NULL,NULL),
(915,'POST OAK BUZZY BEE','postoakbuzzybee@gmail.com','+1713-433-9100',NULL,'$2y$10$2k1Ecco36BAsMkcEpQAJkODSRpYjyncfqv63iPa9Mmrf4kC.rRt9K',NULL,'2025-02-21 14:40:41','2025-02-21 14:40:41',NULL,'POST OAK C STORE LLC','POST OAK C STORE LLC','5504 S Sam Houston Pkwy W','Houston','TX','77053','713-391-6456','Nizar Prasla',NULL,'nizarprasla@sbcglobal.net',NULL,'75471','AMTS',6,'Monthly','AMTX','0','0',NULL,NULL),
(916,'POST OAK VALERO','valeropostoak@gmail.com','+1713-283-9777',NULL,'$2y$10$RbkkA6PeUSF5uYqy7WM8SONo1AmUyBfONflI1a8PXccZUJmZz6cL2',NULL,'2025-02-21 14:41:33','2025-02-21 14:42:51',NULL,'KAINAAT BUSINESS LLC','KAINAAT BUSINESS LLC','14522 S Post Oak Rd Ste A','Houston','TX','77045','281-687-0287','Arif',NULL,'arifmomen@yahoo.com',NULL,'79027','AMTS',6,'Monthly','AMTX','0','0',NULL,NULL),
(917,'POWER MART 24','buyandride2@gmail.com','+1832-830-6194',NULL,'$2y$10$KWeX.MQba5ZkJrouC27r.eQiJ427ywWM2OpPMraSyvuMTMvGyOZaq',NULL,'2025-02-21 14:48:59','2025-02-21 14:48:59',NULL,'WINTERGREEN BUSINESS INC','WINTERGREEN BUSINESS INC','1501 N Hampton Rd','De Soto','TX','75115','405-510-8531','Amin',NULL,NULL,NULL,'24555','AMTS',6,'Monthly','AMTX','0','0',NULL,NULL),
(918,'PRIME MART 50','primemart50@yahoo.com','+1281-477-3331',NULL,'$2y$10$5cCs9aE9Mq030w07HFdyt.xs933drnTEGZRdptnUNNyvxFKliEAPa',NULL,'2025-02-21 14:58:00','2025-02-21 14:58:00',NULL,'Mashi Inc','Mashi Inc','13925 Cypress North Houston Rd','Cypress','TX','77429','832-798-0414','Riaz',NULL,NULL,NULL,'85647','AMTS',6,'Monthly','AMTX','0','0',NULL,NULL),
(919,'PRIME SPOT 21','primespot21@gmail.com','+1832-790-6117',NULL,'$2y$10$a9R7YIGycCQ2MWFKGe7XZ.glR0ZUnCmwAFnZie5LG91Lsh8k6tsZm',NULL,'2025-02-21 14:59:31','2025-02-21 14:59:31',NULL,'READING ALLIANCE LLC','Baton Ventures, LLC','8603 Reading Rd','Rosenberg','TX','77469','832-276-0061','Alvin',NULL,NULL,NULL,'90181','AMTS',6,'Monthly','AMTX','0','0',NULL,NULL),
(920,'PRIME SPOT 28','primespot28@gmail.com',NULL,NULL,'$2y$10$akEZk58uzI.AF5HRHF827eWSeZ0qo/eVLL5dXAxn0VMob9b0lptrO',NULL,'2025-02-21 15:00:52','2025-02-21 15:00:52',NULL,'A1 Store LLC','A1 Store LLC','22500 Franz Rd','Katy','TX','77449','832-439-4741','Barkat',NULL,'Linkbarkatali@hotmail.com',NULL,'48728','AMTS',6,'Monthly','AMTX','0','0',NULL,NULL),
(921,'PRIME SPOT 36','36primespot@gmail.com','+1281-385-1294',NULL,'$2y$10$qp0Bc2lbmalQDvsGZblfluDr3UllyB4kMEBAqtn0/q8pryrk.Mek2',NULL,'2025-02-21 15:02:31','2025-02-21 15:02:31',NULL,'Zarkava Express LLC','Zarkava Express LLC','13625 Interstate 10 E','BAYTOWN','TX','77523','832-755-0159','Ali',NULL,NULL,NULL,'75675','AMTS',6,'Monthly','AMTX','0','0',NULL,NULL),
(922,'PRIME SPOT 38','ps38olympia@primespotfuel.com','+1832-348-9786',NULL,'$2y$10$UZ/HRAR1sdxh9RQ9ljcbjubba0/Wl6NEkRfF9GqkY1GtV0s/IYSii',NULL,'2025-02-21 15:40:51','2025-02-21 15:40:51',NULL,'ALPHA OLYMPIA LLC',NULL,'602 Lake Olympia pkwy','Missouri City','TX','77489','281-251-2203','SALIM CHAROLIA',NULL,NULL,NULL,'93210','AMTS',6,'Monthly','AMTX','0','0',NULL,NULL),
(923,'PRIMESPOT 22',NULL,NULL,NULL,'$2y$10$M/ChFqOZtbzMgPOSLNLkD.I0BzULHqgGJ1ZLEpWMkHBgSgGLHWeIu',NULL,'2025-02-21 15:43:45','2025-02-21 15:43:45',NULL,'PERRY REAL ESTATE LLC','UVALDE ENTERPRISES INC','6331 Uvalde Rd','Houston','TX','77049','832-439-4741','Barkat',NULL,'Linkbarkatali@hotmail.com',NULL,'89320','AMTS',6,'Monthly','AMTX','0','0',NULL,NULL),
(924,'PRIMESPOT 27','27primespot@gmail.com','+1832-512-6210',NULL,'$2y$10$8Rgkozd72JzFstUKklE02uIz6Br6oNQVe0E2H846MnE60KrCJLTr6',NULL,'2025-02-21 15:45:07','2025-02-21 15:45:07',NULL,'VIGA VENTURES LLC','SHERGAR EXPRESS LLC','21747 Aldine Westfield Rd','Humble','TX','77338','832-244-6656','Imtiyaz',NULL,NULL,NULL,'90198','AMTS',6,'Monthly','AMTX','0','0',NULL,NULL),
(925,'PRIMESPOT 29','primespotmain@gmail.com',NULL,NULL,'$2y$10$v7p02iuAuDUI08yClG6kNeACHQVdBTo/WmhLPO6vucEBqUOgrrFja',NULL,'2025-02-21 15:46:36','2025-02-21 15:46:36',NULL,'Arena Main Ventures LLC','Arena Main Ventures LLC','9365 Main St','Houston','TX','77025','832-847-9166','Nazim',NULL,'reportsalim@gmail.com',NULL,'35393','AMTS',6,'Monthly','AMTX','0','0',NULL,NULL),
(926,'PRIMESPOT 30','primespotbellaire@gmail.com','+1281-251-2203',NULL,'$2y$10$IsLaNavcG3S41OOWXMiDM.2hlrwRBJh763CqkNPWAY8xAPjFysq.G',NULL,'2025-02-21 15:47:53','2025-02-21 15:47:53',NULL,'AQUA BELLAIRE VENTURES LLC','AQUA BELLAIRE VENTURES LLC','7100 Bellaire Blvd','Houston','TX','77074','713-330-5002','Sharif',NULL,'reportsalim@gmail.com',NULL,'46107','AMTS',6,'Monthly','AMTX','0','0',NULL,NULL),
(927,'PRIMESPOT 31','primespotshepherd@gmail.com','+1281-251-2203',NULL,'$2y$10$1/0SUmjCpPeE.K/d3EKJH.c/jyknX4/ykh/rWi9Rc0G8.nCuOKe.G',NULL,'2025-02-21 15:49:02','2025-02-21 15:49:02',NULL,'Alta Shepherd Ventures LLC','Alta Shepherd Ventures LLC','3519 S Shepherd Dr','Houston','TX','77098','281-216-7974',NULL,NULL,'reportsalim@gmail.com',NULL,'6406','AMTS',6,'Monthly','AMTX','0','0',NULL,NULL),
(928,'PRIMETIME','primetimeshell@gmail.com','+1713-778-1604',NULL,'$2y$10$PaRIHjj9PIUeX2n6a.G3LuvuS/TitzUtrxbojv4df8fbcMETTttzO',NULL,'2025-02-21 15:50:06','2025-02-21 15:50:06',NULL,'BELLFORT BUSINESS INC','BELLFORT BUSINESS INC','9461 W Bellfort St., Ste B','Houston','TX','77031','832-298-2360','Riaz',NULL,NULL,NULL,'84716','AMTS',6,'Monthly','AMTX','0','0',NULL,NULL),
(929,'PULL OVER','pullover.1827@gmail.com','+1832-768-2157',NULL,'$2y$10$9M0fTIRWcrXU6y7kmRz7Xul0nx6TogCNgtp/iqvZc1jZC.bsKQz5C',NULL,'2025-02-21 15:51:29','2025-02-21 15:51:29',NULL,'Blue Brazos Properties L L C','Zeebee Business L L C','1827 Richmond Pkwy','Richmond','TX','77469','281-615-5351','Suban',NULL,NULL,NULL,'91432','AMTS',6,'Monthly','AMTX','0','0',NULL,NULL),
(930,'QUEENS CORNER STORE','queenscornerstore@yahoo.com','+1713-946-7190',NULL,'$2y$10$weoXUNBMeBZYErKo11MTDOMRX0puMT1tAXjv3GdfE5w8IIKtPl14O',NULL,'2025-02-24 15:14:07','2025-02-24 15:14:07',NULL,'TOUHID INVESTMENTS INC','TOUHID INVESTMENTS INC','807 Queens Rd','Pasadena','TX','77502','832-798-4605','Rohit',NULL,'ray7902@aol.com',NULL,'65545','AMTS',6,'Monthly','AMTX','0','0',NULL,NULL),
(931,'QUICK BUY','quickbuy359@gmail.com','+1832-945-3656',NULL,'$2y$10$l2x1fN/YLSxxOdA4WfJUCe4Z20v.ChbpcQSR6AIjCaFEX6oJsm396',NULL,'2025-02-24 15:15:50','2025-02-24 15:15:50',NULL,'Rivertrace Retail LLC','Rivertrace Retail LLC','475 FM 359 Rd','Richmond','TX','77406','281-615-5351','Suban Ali',NULL,NULL,NULL,'90440','AMTS',6,'Monthly','AMTX','0','0',NULL,NULL),
(932,'QUICK LANE 1','quicklane0001@gmail.com',NULL,NULL,'$2y$10$lK/Y4m2IJPoUXRp/kQYDVuxWWzVKI6Ve6Oup8aWRCX0d45V8OeGwi',NULL,'2025-02-24 15:31:34','2025-02-24 15:31:34',NULL,'I & I Business, Inc','I & I Business, Inc','6626 Cullen Blvd','Houston','TX','77021','346-232-9208','Zoyeb',NULL,NULL,NULL,'33009','AMTS',6,'Monthly','AMTX','0','0',NULL,NULL),
(933,'QUICK PIC',NULL,'+1932-436-9100',NULL,'$2y$10$6/rWlCCRI2qlESk5Mmmw2euavP36UIQxZx5viX/.pCbOEWLfQjp.S',NULL,'2025-02-24 15:33:13','2025-02-24 15:33:13',NULL,'ARIEL SUN INC','PATEL, SANJAY KUMAR','1020 Martin Luther King Dr','Huntsville','TX','77320','936-581-3244','Sanjay',NULL,'sam79patel@yahoo.com',NULL,'65251','AMTS',6,'Monthly','AMTX','0','0',NULL,NULL),
(934,'QUICK STOP','qs9418@gmail.com','+1713-946-4878',NULL,'$2y$10$FOqj20bWt1ZFY5XS.J0k4OfillZspEBPoj8XcS4YQMiZ5eQCjJIQ2',NULL,'2025-02-24 15:35:21','2025-02-24 15:35:21',NULL,'Hk Momin Business LLC','Hk Momin Business LLC','9418 Almeda Genoa','Houston','TX','77075','281-673-8593','Farhan',NULL,'aios3606@gmail.com',NULL,'76386','AMTS',6,'Monthly','AMTX','0','0',NULL,NULL),
(935,'R & K FOOD MART','almeda808@gmail.com','+1281-888-2938',NULL,'$2y$10$f82EKC8ws.a8oB/zEGNhBuVc1.p6eM3TLRQte3//B14v4GpeIe0YC',NULL,'2025-02-24 15:41:11','2025-02-24 15:41:11',NULL,'DEL ALMEDA INC','DEL ALMEDA INC','808 Almeda Genoa Rd','Houston','TX','77047','832-212-8909','Javad',NULL,'tati786@yahoo.com',NULL,'90510','AMTS',6,'Monthly','AMTX','0','0',NULL,NULL),
(936,'RACE RUNNER','racerunner155@outlook.com',NULL,NULL,'$2y$10$ooWoYgESCltwVl8JLIf2FOx9Z5a6R9fTqWTSVCFZYuk2ded3Xm1hy',NULL,'2025-02-24 15:43:47','2025-02-24 15:43:47',NULL,'Nepali Eagles Inc','Nepali Eagles Inc','22046 State Highway 155 S','Flint','TX','75762','936-900-5302','Sujan',NULL,NULL,NULL,'29497','AMTS',6,'Monthly','AMTX','0','0',NULL,NULL),
(937,'RAYS FOOD STORE','ray7902@aol.com','+1832-908-2382',NULL,'$2y$10$NImA6VXrfQxSyKesMrAK4Odt3sIqqYihVNEMxQwQL1fXDadp9FhXG',NULL,'2025-02-24 15:45:57','2025-02-24 15:45:57',NULL,'Noor Properties Inc','Noor Properties Inc','2031 FM 1092 Rd','Missouri City','TX','77459','832-364-2175','Rahmatullah Momin 832-364-2175',NULL,'Easygasmcity@gmail.com',NULL,'91082','AMTS',6,'Monthly','AMTX','0','0',NULL,NULL),
(938,'RICHEY EXPRESS PHILLIPS 66',NULL,'+1713-472-7100',NULL,'$2y$10$9crM1vfaXy9Tllf8J6AHDubia0YTEnJC2HWUiftR5WnRcbtuLafTC',NULL,'2025-02-24 15:49:19','2025-02-24 15:49:19',NULL,'MASTER STORES INC','MASTER STORES INC','902 W Pasadena Fwy','Pasadena','TX','77506','832-782-0106','Amir',NULL,'mominamir@sbcglobal.net',NULL,'26720','AMTS',6,'Monthly','AMTX','0','0',NULL,NULL),
(939,'RICKYS TYLER','admin@zilajawholesale.com',NULL,NULL,'$2y$10$AdnjI3nXts7u1afEZhyqYOQzQ/VUk9c5Reuh/fVhzYL0jGsq/cq6W',NULL,'2025-02-24 15:54:03','2025-02-24 15:54:03',NULL,'Kuchuri LLC','Kuchuri LLC','351 S Glenwood Blvd','Tyler','TX','75702','347-235-2033','Sam',NULL,'Amrit_up05@yahoo.com',NULL,'18476','AMTS',6,'Monthly','AMTX','0','0',NULL,NULL),
(940,'ROAD STAR 16','hannafood527@gmail.com',NULL,NULL,'$2y$10$tl3JIyZ1p7CGe8I4JkrbluMGknaH92Tt.5v/77ncE9A5J3fhRx8dO',NULL,'2025-02-24 15:56:29','2025-02-24 15:56:29',NULL,'Hanna Store LLC','Hanna Store LLC','527 E Oak Hill Dr','Spring','TX','77386','832-630-7530','Nick Umatiya',NULL,NULL,NULL,'91300','AMTS',6,'Monthly','AMTX','0','0',NULL,NULL),
(941,'ROAD TRIP',NULL,'+1832-340-1351',NULL,'$2y$10$8s7vXXmTqYNOxmXktCOlDuBnrqM.pfltNdDAsuj5fJff7kupzPxwi',NULL,'2025-02-24 15:58:18','2025-02-24 15:58:18',NULL,'7839 Rising Sun LLC','7839 Rising Sun LLC','7839 Rankin Rd','Humble','TX','77396','813-966-4233','Nazir',NULL,'nazir.noorali@gmail.com',NULL,'65870','AMTS',6,'Monthly','AMTX','0','0',NULL,NULL),
(942,'ROADSTAR 17','Mainstroadstar@gmail.com',NULL,NULL,'$2y$10$4gJENMWXDbeIh7u29QPBBuClBWvYMDMf/ITv7h6NdlX8/6HbsB/0K',NULL,'2025-02-24 16:00:04','2025-02-24 16:00:04',NULL,'Dsv Main St LLC','Dsv Main St LLC','602 Main St','Pasadena','TX','77506','713-416-9671','Venish Dhuka',NULL,'danishmanasiya@hotmail.com',NULL,'91441','AMTS',6,'Monthly','AMTX','0','0',NULL,NULL),
(943,'ROADSTAR 26','ostroadstar@gmail.com','+1Asif 832-490-9386',NULL,'$2y$10$0UxVjXbXwH3Jzk6qcoaAeu1YgRC5CMYLwMMFTz2lg0peBhtylAeFG',NULL,'2025-02-24 16:03:41','2025-02-24 16:03:41',NULL,'Dazs Ventures Ost LLC','Dazs Ventures Ost LLC','3354 Old Spanish Trl','Houston','TX','77021','512-584-4005','Danish',NULL,'danishmanasiya@hotmail.com',NULL,'31841','AMTS',6,'Monthly','AMTX','0','0',NULL,NULL),
(944,'ROADSTAR 6','Pasadenaroadstar@gmail.com',NULL,NULL,'$2y$10$AkNc9HFyAFs8YaKv9o2E2.g54CpmG1ZIzV9XgJIeTBLRUVlTjUYWW',NULL,'2025-02-24 16:05:04','2025-02-24 16:05:04',NULL,'Dsv Pasadena LLC','Dsv Pasadena LLC','425 Pasadena Blvd Ste 150','Pasadena','TX','77506','713-416-9671','Venish Dhuka',NULL,NULL,NULL,'31722','AMTS',6,'Monthly','AMTX','0','0',NULL,NULL),
(945,'ROADSTER 15','tidwellroadster15@gmail.com',NULL,NULL,'$2y$10$vxaiJGq4cYKsVQ8zujGGG.z/oiM26kTx2wZX.XFiyyCwOiuBQDywu',NULL,'2025-02-24 16:06:30','2025-02-24 16:06:30',NULL,'TIDWELL STORE INC','TIDWELL STORE INC','4590 W Tidwell Rd','Houston','TX','77091','832-409-6850',NULL,NULL,NULL,NULL,'90053','AMTS',6,'Monthly','AMTX','0','0',NULL,NULL),
(946,'ROADSTER 20','roadstercolumbia@gmail.com',NULL,NULL,'$2y$10$zloRWTgtp0z9qkP0zoU.D.ZkEB/hWXDX8QSkapwlIf2WdYETnKV3.',NULL,'2025-02-24 16:08:25','2025-02-24 16:08:25',NULL,'ARISH STORE LLC','ARISH STORE LLC','12912 SH 35','West Colombia','TX','77486','832-488-4754','Sadik',NULL,'ostroadstar@gmail.com',NULL,'92299','AMTS',6,'Monthly','AMTX','0','0',NULL,NULL),
(947,'ROADSTER 5','antoineroadstar@gmail.com',NULL,NULL,'$2y$10$1Aip1Q3n1wE/TNBa1KpmfOtE.hLnD2Y4tIRi3b0JmoCS4fOszBmk6',NULL,'2025-02-24 16:09:55','2025-02-24 16:09:55',NULL,'Dsv Ventures LLC','Dsv Ventures LLC','10010 Antoine Dr','Houston','TX','77086','512-775-3873','Vahab',NULL,NULL,NULL,'89218','AMTS',6,'Monthly','AMTX','0','0',NULL,NULL),
(948,'ROADWAZE','roadwaze1@gmail.com','+1832-582-6282',NULL,'$2y$10$MOdPMWsE/Kppat41H6Z65.w4xVf2G5/TddoaNTxZKW.scKhxznwUm',NULL,'2025-02-24 16:11:35','2025-02-24 16:11:35',NULL,'Pinemont C Store Inc','Pinemont C Store Inc','6100 Pinemont Dr','Houston','TX','77092','979-739-4033','Rahim',NULL,NULL,NULL,'89448','AMTS',6,'Monthly','AMTX','0','0',NULL,NULL),
(949,'ROADWAZE 2',NULL,'+1281-258-4964',NULL,'$2y$10$LASBePPneYfsqrjStxaVkuRaZsdsnngG9o1WX6MkKv4y4432Jcjx6',NULL,'2025-02-24 16:12:55','2025-02-24 16:12:55',NULL,'East Mount Business, LLC','East Mount Business, LLC','6900 Mount Houston Rd','Houston','TX','77050','979-739-4033','Rahim',NULL,'roadwaze1@gmail.com',NULL,'88596','AMTS',6,'Monthly','AMTX','0','0',NULL,NULL),
(950,'ROBBIN EXPRESS','robinexpress123@yahoo.com','+1281-292-9933',NULL,'$2y$10$Gr3vp2YlMdeKSOPLPc8oc.9cPQoWlUTyuLQez1nzshDN5iACTOFLa',NULL,'2025-02-24 16:14:23','2025-02-24 16:14:23',NULL,'Makfam Gp Holdings LLC','Makfam Gp Holdings LLC','29601 Robinson Rd','Conroe','TX','77385','832-326-2519','Abdul',NULL,NULL,NULL,'80122','AMTS',6,'Monthly','AMTX','0','0',NULL,NULL),
(951,'ROMAN FOREST MARKET','romanforestmarket@gmail.com','+1281-689-9303',NULL,'$2y$10$rtHVAu8JenLb9wgyxMPlpuJ3NKkvpTyYU/H9vlebkxDn8p7XIPXmu',NULL,'2025-02-24 16:16:01','2025-02-24 16:16:01',NULL,'PERRY MAYA ESTATES LLC','SHAMU BUSINESS, INC','15 Roman Forest Blvd','New Caney','TX','77357','409-549-7320','Alvin',NULL,NULL,NULL,'88804','AMTS',6,'Monthly','AMTX','0','0',NULL,NULL),
(952,'ROYAL FOOD MART','citgo.college@gmail.com','+1409-840-5557',NULL,'$2y$10$bA19I3crDABsYxRUnj7R8OOas7qx5r7HpCOnZxbEn.DlIf2BCIjeG',NULL,'2025-02-24 16:19:10','2025-02-24 16:19:10',NULL,'Maulik Business Inc','Mt Everest Brothers Inc','5480 College St','Beaumont','TX','77707','832-298-5444',NULL,NULL,'jimmyjasani@sbcglobal.net',NULL,'40089','AMTS',6,'Monthly','AMTX','0','0',NULL,NULL),
(953,'RUDYS STOP N SHOP','rudysstop@gmail.com','+1832-282-6660',NULL,'$2y$10$Ny8z0fCDruyb85t73.MLR.bJccy56LH9uUsCglUrJLo1s4L5jTWzq',NULL,'2025-02-24 16:21:01','2025-02-24 16:21:01',NULL,'ANGLEMONT BUSINESS, INC','ANGLEMONT BUSINESS, INC','3326 Avenue I','Rosenberg','TX','77471','281-148-0514','Sameer',NULL,'rudysstop@yahoo.com',NULL,'66750','AMTS',6,'Monthly','AMTX','0','0',NULL,NULL),
(954,'RUSH 11',NULL,NULL,NULL,'$2y$10$eOyHlptApLuB1apbM5rYv.ylf2PpEIA3U2HNd7wWGW8fEOIHMkfSq',NULL,'2025-02-24 16:22:35','2025-02-24 16:22:35',NULL,'Mak & Shaz, LLC','Mak & Shaz, LLC','742 Highway 146','Dayton','TX','77535','713-456-0524','Mustaq',NULL,'mominmusthaq@gmail.com',NULL,'75117','AMTS',6,'Monthly','AMTX','0','0',NULL,NULL),
(955,'ZIPPS FOOD MART',NULL,'+1936-291-3241',NULL,'$2y$10$YyvyuxFiijdyQQMpS5LnbOOm.67ppQy..zVkLhALHtO/6ve2YH/p.',NULL,'2025-02-24 16:24:44','2025-02-24 16:24:44',NULL,'ISA C STORE INC','ISA C STORE INC','1101 Sycamore Ave','Huntsville','TX','77340','936-581-2864','Ryan',NULL,'priyjil@gmail.com',NULL,'58064','AMTS',6,'Monthly','AMTX','0','0',NULL,NULL),
(956,'YOUR C STORE 3','yourcstore3@yahoo.com',NULL,NULL,'$2y$10$sy2CO4U6ckO4ZuKTN44yoOxvIDnIcpMhteDJWYkinDB7E7ZLk8tWi',NULL,'2025-02-24 16:26:23','2025-02-24 16:26:23',NULL,'Elu Enterprises LLC','Elu Enterprises LLC','2146 S US Highway 77','La Grange','TX','78945','832-279-2707','Riyaz',NULL,NULL,NULL,'36863','AMTS',6,'Monthly','AMTX','0','0',NULL,NULL),
(957,'YOUR C STORE 2','yourcstore2@yahoo.com',NULL,NULL,'$2y$10$xayfHi8TAw2DPDUSvs590ODxeGOiHi5gq9oLJsW3fVShWWMzAbLEa',NULL,'2025-02-24 16:27:56','2025-02-24 16:27:56',NULL,'NISHAT BUSINESS LLC','NISHAT BUSINESS LLC','157 E Travis St','La Grange','TX','78945','832-279-2707','Riyaz',NULL,NULL,NULL,'1733','AMTS',6,'Monthly','AMTX','0','0',NULL,NULL),
(958,'YOUR C STORE','yourcstore809@yahoo.com','+1832-279-2707',NULL,'$2y$10$sDQCzdAO5oO2g3UGO5hP1evj01JrpLsAZHvErqKzrh4FMMQuD/48K',NULL,'2025-02-24 16:30:41','2025-02-24 16:30:41',NULL,'Diamond Store LLC','Diamond Store LLC','809 E Travis St','La Grange','TX','78945','832-270-1710','Sohail Maredia',NULL,NULL,NULL,'36119','AMTS',6,'Monthly','AMTX','0','0',NULL,NULL),
(959,'U MART','Umart77437@gmail.com',NULL,NULL,'$2y$10$ubJE6iQTsU4cKqyLQ3BO8.XODsk3bLxCj0V09zYKvztZXp5H4wCQW',NULL,'2025-02-24 16:32:26','2025-02-24 16:32:26',NULL,'Eian Ali Inc','Eian Ali Inc','1402 N Mechanic St','El Campo','TX','77437','832-969-9019','Shahbuddin',NULL,'mominsj76@gmail.com',NULL,'28941','AMTS',6,'Monthly','AMTX','0','0',NULL,NULL),
(960,'V STOP 6','vstopfoodmart@gmail.com',NULL,NULL,'$2y$10$OeEMNIoD6swv.7Y.P7xTGe4UBZzXQ2i7n5MRsShdFD1GUzfgSIVki',NULL,'2025-02-24 16:34:07','2025-02-24 16:34:07',NULL,'CANINO EXPRESS LLC','CANINO EXPRESS LLC','12095 W Hardy Rd','Houston','TX','77076','832-245-4224','Abid',NULL,NULL,NULL,'91083','AMTS',6,'Monthly','AMTX','0','0',NULL,NULL),
(961,'V-STOP','vstop200@gmail.com','+1346-319-5907',NULL,'$2y$10$.FbB6xy2RrSc6/mcvvOEq.AkjxxgwDV/SaZjNHf2wDMTMjtlZLkJm',NULL,'2025-02-24 16:35:45','2025-02-24 16:35:45',NULL,'CROSSTIMBERS PLAZA LLC','CROSSTIMBERS PLAZA LLC','3118 E Crosstimbers St Ste 200','Houston','TX','77093','832-245-4224','Abid',NULL,'abidmaknojiya@yahoo.com',NULL,'88718','AMTS',6,'Monthly','AMTX','0','0',NULL,NULL),
(962,'VICTORY FOOD STORE','victoryfoodstore1@gmail.com','+1281-506-8677',NULL,'$2y$10$XzzxHznIDUkODVThCs1dseDPUAtDcxtHIcZEv7QvufABDyiCkdNMS',NULL,'2025-02-24 16:37:23','2025-02-24 16:37:23',NULL,'VICTORY PRO LLC','VICTORY PRO LLC','1110 S Victory Dr','Houston','TX','77088','281-624-7407','Irfan',NULL,NULL,NULL,'87685','AMTS',6,'Monthly','AMTX','0','0',NULL,NULL),
(963,'VISION MART','arlingtonstore3100@gmail.com',NULL,NULL,'$2y$10$w7ZilLV6lEf6zWF4NktvgezCqyT0DpKsp5MT6k7JQeAcFcz.w57wG',NULL,'2025-02-24 16:39:13','2025-02-24 16:39:13',NULL,'Vision Joint Venture LLC','Vision Joint Venture LLC','3100 Meadowbrook Blvd','Arlington','TX','76012','972-762-7067','Ravi',NULL,'YMohammed@btcmstores.com',NULL,'54149','AMTS',6,'Monthly','AMTX','0','0',NULL,NULL),
(964,'VISTA FOOD MART 101',NULL,NULL,NULL,'$2y$10$TTCzmMS/k.lFGLyD922B5.H/9N/coL5A/AA9eMlLN/6356ssJLdOG',NULL,'2025-02-24 16:42:03','2025-02-24 16:42:03',NULL,'VISTA STORES INC','VISTA STORES INC','3409 Shaver St','Pasadena','TX','77504','832-715-1128','Sadik',NULL,NULL,NULL,'70910','AMTS',6,'Monthly','AMTX','0','0',NULL,NULL),
(965,'WADSWORTH CORNER STORE','newstart786@yahoo.com',NULL,NULL,'$2y$10$FspQ8Y6vX1DqvrjcsJ0llO3QIFQIEjbvKOMrX927ISIZBHMlsG8Qe',NULL,'2025-02-25 08:51:01','2025-02-25 08:51:01',NULL,'Wf Business, LLC','Wf Business, LLC','13718 Highway 60 S','Wadsworth','TX','77483','832-382-8570','Syed Naqvi',NULL,NULL,NULL,'33620','AMTS',6,'Monthly','AMTX','0','0',NULL,NULL),
(966,'WALLIS QUICK STOP','wqs6101@yahoo.com',NULL,NULL,'$2y$10$q9l9tjlg4rYidxsUOADYXOE2RM53KapvENprJLXaxt0pYakU3R7h.',NULL,'2025-02-25 08:52:27','2025-02-25 08:52:27',NULL,'LUCKY ENCORE LLC','LUCKY ENCORE LLC','6101 Commerce St','Wallis','TX','77485','713-391-6344','Mustafa',NULL,NULL,NULL,'33603','AMTS',6,'Monthly','AMTX','0','0',NULL,NULL),
(967,'WALTERS QUICK STOP','walters786@yahoo.com','+1281-255-2878',NULL,'$2y$10$3WV0eSk3J9iWw2TI/uv6..ie4lPpjTmmSPhgIW51xE4nZDJM9LqKy',NULL,'2025-02-25 08:55:58','2025-02-25 08:55:58',NULL,'Chianti Marie Enterprises, LLC','2920 WALTER LLC','15222 FM 2920','Tomball','TX','77377','832-983-8039','Candra',NULL,NULL,NULL,'73770','AMTS',6,'Monthly','AMTX','0','0',NULL,NULL),
(968,'WEST HARDY EXPRESS','whardyexpress@gmail.com','+1832-668-5716',NULL,'$2y$10$5JLv6AhkQ400JAzBH9TBGu/WPNW/iqVzU8wv16v7RQO/wqfN9mVaW',NULL,'2025-02-25 08:57:41','2025-02-25 08:57:41',NULL,'IMU & RESHU BUSINESS INC','RIZ BUSINESS INC','11111 W Hardy Rd','Houston','TX','77076','832-274-7165','Rahim',NULL,'raymaknojiya@gmail.com',NULL,'84818','AMTS',6,'Monthly','AMTX','0','0',NULL,NULL),
(969,'WESTOAK FOOD MART','westoakfoodmart@gmail.com','+1832-612-9108',NULL,'$2y$10$SKQXfBF6Dh6IciYkGmiBmOIUAUJ7PaAXOltVuXaPW4B0zOvhs9IU2',NULL,'2025-02-25 08:59:20','2025-02-25 08:59:20',NULL,'WESTOAK INVESTMENT INC','WESTOAK INVESTMENT INC','15205 Westheimer Rd','Houston','TX','77082','713-459-4451','Akbar',NULL,NULL,NULL,'84316','AMTS',6,'Monthly','AMTX','0','0',NULL,NULL),
(970,'WESTRIDGE GROCERY','westridgegrocery@gmail.com','+1936-662-6538',NULL,'$2y$10$qvRXtM9DEF.C3CjkMAuzkON/HUYoSa0pWDj7GNWMWCjhmegxVX6eG',NULL,'2025-02-25 09:00:57','2025-02-25 09:00:57',NULL,'WESTRIDGE C-STORE LLC','WESTRIDGE C-STORE LLC','3595 Hwy 30 W','Huntsville','TX','77340','832-488-5761','Shrdool',NULL,NULL,NULL,'84841','AMTS',6,'Monthly','AMTX','0','0',NULL,NULL),
(971,'WHITE OAK MARKET','milestone14580@gmail.com',NULL,NULL,'$2y$10$6mHrdhsx0yenxiDYkA5ajuMHWJC6tEZJjcn7/t4p0gUSawWKagFYm',NULL,'2025-02-25 09:02:17','2025-02-25 09:02:17',NULL,'MILESTONE ENTERPRISE INC','MILESTONE ENTERPRISE INC','14580 FM 1485 Rd','Conroe','TX','77306','713-377-4394','Shakeel',NULL,NULL,NULL,'87191','AMTS',6,'Monthly','AMTX','0','0',NULL,NULL),
(972,'WHITTINGTON FOOD MART',NULL,NULL,NULL,'$2y$10$uh9u1zXiZZkChNUn5g5m5uasVEI74TVAgvPzLSSxkrAM5RRVWQJx.',NULL,'2025-02-25 09:03:52','2025-02-25 09:03:52',NULL,'Whittington Business Inc','Whittington Business Inc','12702 Whittington Dr','Houston','TX','77077','713-503-1202','Sadiq Ali',NULL,'Sadiqsali@gmail.com',NULL,'39855','AMTS',6,'Monthly','AMTX','0','0',NULL,NULL),
(973,'WILSON FOOD MART','wilsonmart1700@hotmail.com','+1281-323-0946',NULL,'$2y$10$8PpBlKzywnJfA4tfTpgYPOCXvdXbysAKEgczrgXgZCFmoBZfPSMx6',NULL,'2025-02-25 09:06:15','2025-02-25 09:06:15',NULL,'Om Satiya Business, Inc','Om Satiya Business, Inc','1700 N Frazier St','Conroe','TX','77301','713-269-8715','Raj',NULL,NULL,NULL,'35110','AMTS',6,'Monthly','AMTX','0','0',NULL,NULL),
(974,'WOODBRIDGE MINI MART','badarsharif@hotmail.com',NULL,NULL,'$2y$10$RyiwjXLb6K27LGRwoTuXpObw2a/799D3Q8zL1ZEbBHOa6pY0xcFjO',NULL,'2025-02-25 09:09:38','2025-02-25 09:09:38',NULL,'ENNIS COMPLETE MANAGEMENT INCORPORATED','ENNIS COMPLETE MANAGEMENT INCORPORATED','3033 Elgin St','Houston','TX','77004','832-620-2789','Sharif',NULL,'naimsharif10@gmail.com',NULL,'32218','AMTS',6,'Monthly','AMTX','0','0',NULL,NULL),
(975,'WORTHAM FOOD MART','worthamfoodmart@gmail.com',NULL,NULL,'$2y$10$wSamtuRKY0lWBNAGJCffB.yK3kpq4zX6yZLvfrpaTKiUgHuWPpo9y',NULL,'2025-02-25 09:10:46','2025-02-25 09:10:46',NULL,'ZOEY BUSINESS INC','ZOEY BUSINESS INC','10907 N Eldridge Pkwy','Houston','TX','77065','540-630-1419','Joey',NULL,NULL,NULL,'86572','AMTS',6,'Monthly','AMTX','0','0',NULL,NULL),
(976,'TAKEOFF','takeoff6915@gmail.com',NULL,NULL,'$2y$10$rZdqKQy9sHUVIkbznqYrv.TSTXEAxYYWXd9fzvXumhSl32P2fCJoe',NULL,'2025-02-25 09:15:38','2025-02-25 09:15:38',NULL,'Sakina Stores, Inc','Sakina Stores, Inc','6915 Telephone Rd','Houston','TX','77061','571-315-1225','Nurali Rajwani',NULL,NULL,NULL,'76584','AMTS',6,'Monthly','AMTX','0','0',NULL,NULL),
(977,'TC COUNTRY STORE','tccountrystore35@gmail.com',NULL,NULL,'$2y$10$Dxre/vWvlcoe.cxBjgHHUOZY9URAS8WnbEr05s1rC1IC5IykA5O2.',NULL,'2025-02-25 09:17:46','2025-02-25 09:17:46',NULL,'K.N.R. BUSINESS, INC','R.N.R. INVESTMENTS, INC','13179 State Highway 35 N','Van Vleck','TX','77482','832-755-4898','Murtza',NULL,NULL,NULL,'74060','AMTS',6,'Monthly','AMTX','0','0',NULL,NULL),
(978,'TDS MARKET','tdsmarket150@gmail.com','+1832-630-7530',NULL,'$2y$10$tlMWfRjDZMqbB6DOwDwZ5Oo5u/G1OmtmXDoqXoP5UDnVA9mZxYchO',NULL,'2025-02-25 09:19:26','2025-02-25 09:19:26',NULL,'Shepherd Store LLC','Shepherd Store LLC','10911 Highway 150','Shepherd','TX','77371','346-336-0735','Shaz',NULL,NULL,NULL,'30634','AMTS',6,'Monthly','AMTX','0','0',NULL,NULL),
(979,'TEDDYS PLUM GROVE','teddy@texaskrystal.com','+1832-283-5418',NULL,'$2y$10$lxm7c2X9NqI76GsSeIWig.PH83RGO0ZeGYVZmWcrANuD8HlnsNL7q',NULL,'2025-02-25 09:21:18','2025-02-25 09:21:18',NULL,'Krystal Plum Grove Fuel LLC','Krystal Plum Grove Fuel LLC','7940 Plum Grove Rd','Cleveland','TX','77327','573-450-9453','Rajeev',NULL,'Rajeev@texaskrystal.com',NULL,'92559','AMTS',6,'Monthly','AMTX','0','0',NULL,NULL),
(980,'TELGE STOP','telgestop@gmail.com','+1832-373-2614',NULL,'$2y$10$Ogx1JVFPNZvRdSRHknV.iurtDi1PtSEDecwB7D/F4crSJ7CC5b9Zm',NULL,'2025-02-25 09:23:36','2025-02-25 09:23:36',NULL,'Asiyana, LLC','Asiyana, LLC','22250 Northwest Fwy','Cypress','TX','77429','713-922-6624','Noor bhai',NULL,NULL,NULL,'67205','AMTS',6,'Monthly','AMTX','0','0',NULL,NULL),
(981,'TEXAN FOOD MART','texanfood@aol.com','+1936-228-5211',NULL,'$2y$10$KBL8WJtF7sQwq.PJ/NXFk.PPvKu/IuNTy7Y4i17Sfl5LmGJAmzI2a',NULL,'2025-02-25 09:25:35','2025-02-25 09:25:35',NULL,'FIRST COUNTY INC','FIRST COUNTY INC','101 County Line Rd','Willis','TX','77378','713-992-1616','Amin Maredia',NULL,NULL,NULL,'77667','AMTS',6,'Monthly','AMTX','0','0',NULL,NULL),
(982,'TEXAS TRUCK PLAZA','madiha@tristarpetroleum.net','+1832-788-4550',NULL,'$2y$10$C21FZIYkU2rrcHvr1lyhsewWNTj4nZDnaLmsKbiXQZZawuyDjHS1e',NULL,'2025-02-25 09:30:35','2025-02-25 09:30:35',NULL,'TEXAS TRUCK PLAZA INC','TEXAS TRUCK PLAZA INC','5303 N Mccarty St','Houston','TX','77013','832-605-2525',NULL,NULL,'hamaniholdinginc@yahoo.com',NULL,'71725','AMTS',6,'Monthly','AMTX','0','0',NULL,NULL),
(983,'THE C STORE',NULL,'+1936-273-7750',NULL,'$2y$10$/6nZRLtow8SNoEMm6/DnMeza4GKcnOBhMO9N3kekYdvdx2q/os15m',NULL,'2025-02-25 09:33:42','2025-02-25 09:33:42',NULL,'ZAKI & SHIYA INC','ZAKI & SHIYA INC','400 Stephen F Austin Dr','Conroe','TX','77302','832-605-4002','Arif',NULL,'rfmomin@yahoo.com',NULL,'74731','AMTS',6,'Monthly','AMTX','0','0',NULL,NULL),
(984,'THE CORNER STORE','cornerstore1314@hotmail.com','+1936-231-3773',NULL,'$2y$10$1CsuhQNGrAlyLdLSOJ42OukiHfFzK/qZZ6iAZLDPujXb8.9Y3hJmS',NULL,'2025-02-25 09:34:57','2025-02-25 09:34:57',NULL,'FM 1314 ENTERPRISE INC','FM 1314 ENTERPRISE INC','13912 FM 1314 Rd','Conroe','TX','77302','832-359-6161','Rahim',NULL,NULL,NULL,'27132','AMTS',6,'Monthly','AMTX','0','0',NULL,NULL),
(985,'THE EXPRESS',NULL,'+1713-472-3181',NULL,'$2y$10$tm1DiBA2h30Nk.4Ym0Rt3O/5Yjez8SNC4UABkT0NMr1Xcbt.m/LAK',NULL,'2025-02-25 09:36:25','2025-02-25 09:36:25',NULL,'MY GREAT VENTURES INC','MY GREAT VENTURES INC','3202 Pasadena Fwy','Pasadena','TX','77503','832-335-7860','Karim',NULL,'kmaknojia@gmail.com',NULL,'35157','AMTS',6,'Monthly','AMTX','0','0',NULL,NULL),
(986,'THRIF-TEE SUPER MARKET','unome1277@gmail.com','+1713-697-2106',NULL,'$2y$10$J30K6/jf.kuahtuwxOuuUOhxZqGJ1ZO8e.111iXqDWFhdaNzwrLvm',NULL,'2025-02-25 09:37:49','2025-02-25 09:37:49',NULL,'EAGLEMONT ENTERPRISES INC','EAGLEMONT ENTERPRISES INC','7104 Irvington Blvd','Houston','TX','77022','832-283-1482','Imtiyaz',NULL,'moali528@gmail.com',NULL,'77066','AMTS',6,'Monthly','AMTX','0','0',NULL,NULL),
(987,'TIDWELL CITGO','tidwellcitgo@gmail.com','+1713-459-4451',NULL,'$2y$10$UmO9Lq/YAjN/SjmFy1L5wuuGkkqTZQ/U3gg/Q/ATBJle/tAS2UeVW',NULL,'2025-02-25 09:39:45','2025-02-25 09:39:45',NULL,'FNA CONVENIENCE STORES LLC','FNA CONVENIENCE STORES LLC','7895 W Tidwell Rd Ste B','Houston','TX','77040','832-276-2934','Allaudin',NULL,'marediaallaudin@yahoo.com',NULL,'75106','AMTS',6,'Monthly','AMTX','0','0',NULL,NULL),
(988,'TIDWELL FOOD MART','Tidwellfoodmart@gmail.com',NULL,NULL,'$2y$10$qNDukCa2cmK3IaVtJ2rApO5.Ugf2FIpVPjfZum303x7xI/g1TaTe.',NULL,'2025-02-25 09:41:03','2025-02-25 09:41:03',NULL,'TIDWELL FOOD MART LLC','TIDWELL FOOD MART LLC','5101 Tidwell Rd','Houston','TX','77016','832-403-6276','Mahndi',NULL,NULL,NULL,'83915','AMTS',6,'Monthly','AMTX','0','0',NULL,NULL),
(989,'TIGER EXPRESS 6','tigerexpress1204@outlook.com',NULL,NULL,'$2y$10$wiUup7/zDxjx6zk2brNn.OUvft5kY9pjYFn.2SjRDih7DdYvmmOPa',NULL,'2025-02-25 09:44:02','2025-02-25 09:44:02',NULL,'JACKTX FORTUNE INC','JACKTX FORTUNE INC','1204 W Rusk St','Jacksonville','TX','7576','214-609-8317','Raju',NULL,'coolmeraju.rb@gmail.com',NULL,'39055','AMTS',6,'Monthly','AMTX','0','0',NULL,NULL),
(990,'TIGER MART EXPRESS 7','coolmeraju.rb@gmail.com','+1214-609-8317',NULL,'$2y$10$wJDHrc5YPKw549x9pOA/ruDi6KcKMMMfm4BcQHazXkPBYgJ50KXd2',NULL,'2025-02-25 09:56:04','2025-02-25 09:56:04',NULL,'WHITETX FORTUNE INC','WHITETX FORTUNE INC','304 E Main St','Whitehouse','TX','75791','469-438-9585','Pranish',NULL,'pranishpoudel90@gmail.com',NULL,'87170','AMTS',6,'Monthly','AMTX','0','0',NULL,NULL),
(991,'TIME EXPRESS','timeexpress318@gmail.com','+1832-419-6154',NULL,'$2y$10$iDKLCo7UkUtBakmC1LSlWOb4t2pa1eTSS00wQ1ClzB0elRloKu/..',NULL,'2025-02-25 09:58:44','2025-02-25 09:58:44',NULL,'SRQ FOOD CORPORATION','SRQ FOOD CORPORATION','803 E Airtex Dr','Houston','TX','77073','281-209-0700','Zula',NULL,NULL,NULL,'84763','AMTS',6,'Monthly','AMTX','0','0',NULL,NULL),
(992,'TIME EXPRESS 3','timeexpress3@gmail.com','+1281-670-5839',NULL,'$2y$10$IuMsiOwSuLMxeTewgk43lOnORaYOU.C7z6JQnLEAViD7s1pH6HnB2',NULL,'2025-02-25 10:00:35','2025-02-25 10:00:35',NULL,'Sarim Business, Inc','Sarim Business, Inc','5251 W Gulf Bank Rd','Houston','TX','77088','832-339-1599','Asif',NULL,NULL,NULL,'89568','AMTS',6,'Monthly','AMTX','0','0',NULL,NULL),
(993,'TIME MART',NULL,NULL,NULL,'$2y$10$5onYQjG.4uOVc8Ws/1Hp3OVbUOeAA5efybDwCIGkouI71HfPPspt2',NULL,'2025-02-25 10:01:54','2025-02-25 10:01:54',NULL,'Parmar Enterprise Inc','Parmar Enterprise Inc','15518 Highway 36','Needville','TX','77461','713-972-2403','Amir',NULL,'aminmanesia@yahoo.com',NULL,'21266','AMTS',6,'Monthly','AMTX','0','0',NULL,NULL),
(994,'TIME RISE MART','timerisemart@att.net','+1832-293-7411',NULL,'$2y$10$GnrZeRT.E.RICqkrk1qv1uG/ufl/fJR5ybDv6bzHg0cT2OeyCkawq',NULL,'2025-02-25 10:03:46','2025-02-25 10:03:46',NULL,'HUMTX FORTUNE INC','HUMTX FORTUNE INC','4811 Bellfort St','Houston','TX','77033','832-885-7876','Sammy',NULL,NULL,NULL,'26979','AMTS',6,'Monthly','AMTX','0','0',NULL,NULL),
(995,'TOP ROCK','diamondproperty24606@gmail.com',NULL,NULL,'$2y$10$AeLzKVXMIkxH8PMz0eciX.H.FCSo2tim9rmHA6Hzh45UN27rOvC2K',NULL,'2025-02-25 10:05:43','2025-02-25 10:05:43',NULL,'CYPRESS CONSTITUTE LLC','CYPRESS CONSTITUTE LLC','24606 Cypresswood Dr','Spring','TX','77373','210-551-5304','Asif Karediya',NULL,NULL,NULL,'93499','AMTS',6,'Monthly','AMTX','0','0',NULL,NULL),
(996,'TOP STOP','topstop25819@gmail.com',NULL,NULL,'$2y$10$HW2MPKclrRfoNIX/9/vNlejThThwfXr28PDsrA3t9cVep1EuDAi.6',NULL,'2025-02-25 10:07:12','2025-02-25 10:07:12',NULL,'Cypresswood Enterprise, Inc','Cypresswood Enterprise, Inc','25819 Cypresswood Dr','Spring','TX','77373','210-551-5304','Asif Karediya',NULL,NULL,NULL,'93190','AMTS',6,'Monthly','AMTX','0','0',NULL,NULL),
(997,'TOWN & COUNTRY EXXON','faiyaz295@gmail.com','+1346-433-9452',NULL,'$2y$10$wpTy62/YEujciAGumujeVepNsfqxgyobGPq2duD2Ba5cEsuaaDgtS',NULL,'2025-02-25 10:11:28','2025-02-25 10:11:28',NULL,'ZAT Enterprises, Inc','ZAT Enterprises, Inc','31100 FM 2920 Rd Ste C','Waller','TX','77484','281-900-9530','Azim',NULL,'sazeem2@aol.com',NULL,'74185','AMTS',6,'Monthly','AMTX','0','0',NULL,NULL),
(998,'TRI CITY BEACH GROCERY',NULL,'+1281-573-9064',NULL,'$2y$10$uP.xqIvFoGKpnh4BoY9Bp.my5QB2YfVNar9J5kWbNoWdsSKR0JnOy',NULL,'2025-02-25 10:12:53','2025-02-25 10:12:53',NULL,'Pinnacle Oil & Gas Holdings Inc','Pinnacle Oil & Gas Holdings Inc','6100 Tri City Beach Rd','Baytown','TX','77523','832-630-5076','Salim',NULL,'salims1995@yahoo.com',NULL,'39','AMTS',6,'Monthly','AMTX','0','0',NULL,NULL),
(999,'TRINITY EXXON',NULL,NULL,NULL,'$2y$10$BAwrC9Xw0SDh0y.2A7bYUuz8NU682oPMpwbKO9.FrAHQs87R8Gr66',NULL,'2025-02-25 10:14:13','2025-02-25 10:14:13',NULL,'AAA SANDHU ENTERPRISES INC','AAA SANDHU ENTERPRISES INC','500 S Robb St','Trinity','TX','75862','832-277-6910','Ansar',NULL,'ansarosandhu@gmail.com',NULL,'78711','AMTS',6,'Monthly','AMTX','0','0',NULL,NULL),
(1000,'TRINITY MART','Eiracorp@gmail.com',NULL,NULL,'$2y$10$4UoNasGihlvQ30d8bLX/luLN7Z6o8nptiIJMWiHVCODgyJ8iEn/D.',NULL,'2025-02-25 10:15:41','2025-02-25 10:15:41',NULL,'EIRA INC','EIRA INC','607 S Robb St','Trinity','TX','75862','832-928-6491','Ahesan',NULL,NULL,NULL,'36757','AMTS',6,'Monthly','AMTX','0','0',NULL,NULL),
(1001,'TS MINI MART','hamaniholdinginc@yahoo.com','713-783-5000',NULL,'$2y$10$LchqnNrNqwMGXmNhHw5Aa.VZdrBR3m0Qm1NMonPSGNYwFelwJaqsK',NULL,'2025-02-25 10:18:32','2025-02-25 10:19:44',NULL,'SAQIB ENTERPRISES INC','SAQIB ENTERPRISES INC','3604 Oates Rd','Houston','TX','77013','832-605-2525',NULL,NULL,'madiha@tristarpetroleum.net',NULL,'67701','AMTS',6,'Monthly','AMTX','0','0',NULL,NULL),
(1002,'S&S EXPRESS','sycashell@yahoo.com','+1936-295-7860',NULL,'$2y$10$bBrdCi1Qd6RWuEYyZC0j/OLvxGHJ6FmAJyJzM.dJzmaGKM/KDeZlK',NULL,'2025-02-25 10:39:00','2025-02-25 10:39:00',NULL,'SYCAMORE SHELL INC','SYCAMORE SHELL INC','3003 Sam Houston Ave','Huntsville','TX','77340','832-692-3555','Mehendi Dauva',NULL,'sycashell@gmail.com',NULL,'12763','AMTS',6,'Monthly','AMTX','0','0',NULL,NULL),
(1003,'S&Y FOOD MART','snyfoodmart@hotmail.com',NULL,NULL,'$2y$10$1hy9y14NF2k4J49vTV0h2ui4592RprzWQvoSOui2atykEiazZT9wi',NULL,'2025-02-25 10:41:40','2025-02-25 10:41:40',NULL,'S & Y Inc','S & Y Inc','2584 W Jefferson St','Grand Prairie','TXZ','75051','817-703-6722','Shamsher Khemani',NULL,'sunny_jiwani@hotmail.com',NULL,'65956','AMTS',6,'Monthly','AMTX','0','0',NULL,NULL),
(1004,'SA FOOD MART','ahtashamsajid01@gmail.com','+1409-209-5132',NULL,'$2y$10$8vVdQbCxKs0awd7ZBB2d2Owy7qv9LK0x.Yjxb09N11peLC.2p39XG',NULL,'2025-02-25 10:43:26','2025-02-25 10:43:26',NULL,'Sa 786 Inc','Sa 786 Inc','1310 N Pine St','Kountze','TX','77625','409-333-7459','Sajid Ali Mehar',NULL,'ahsanjappa92@gmail.com',NULL,'34775','AMTS',6,'Monthly','AMTX','0','0',NULL,NULL),
(1005,'SAMCO FOOD & DELI',NULL,'+1936-594-9221',NULL,'$2y$10$LNFpxT2GkkF5kWeIqROZW.upVqbdvjbzZ5P5pA2TLVye/4hfs7jJu',NULL,'2025-02-25 10:45:56','2025-02-25 10:45:56',NULL,'A R S BUSINESS INC','A R S BUSINESS INC','State Hwy 19 & FM 980','Riverside','TX','77367','281-413-6765','Amit Patel',NULL,'amijal85@hotmail.com',NULL,'71077','AMTS',6,'Monthly','AMTX','0','0',NULL,NULL),
(1006,'SAMS EXPRESS 1',NULL,'+1281-583-7084',NULL,'$2y$10$E3fDGurtu/TpjgRvNO1WpeMnrDPkmRMU.8H3GOT31w5kDeUG/SKXG',NULL,'2025-02-25 10:47:27','2025-02-25 10:47:27',NULL,'S A & S S BUSINESS INC','S A & S S BUSINESS INC','8305 N Hwy 146','Baytown','TX','77523','281-615-5351','Suban',NULL,'Subanmomin@yahoo.com',NULL,'65434','AMTS',6,'Monthly','AMTX','0','0',NULL,NULL),
(1007,'SAMS EXPRESS 2','samexpress_2@yahoo.com','+1281-385-0000',NULL,'$2y$10$ujn4EhOJbU4GvDKX9NWsLuOQcKi1UXtYfnm.qEZJTA4sOycOx0exu',NULL,'2025-02-25 10:49:03','2025-02-25 10:49:03',NULL,'NABEEHA BUSINESS INC','NABEEHA BUSINESS INC','12731 FM 1409','Old River Winfree','TX','77535','281-615-5351','Suban',NULL,NULL,NULL,'42166','AMTS',6,'Monthly','AMTX','0','0',NULL,NULL),
(1008,'SAMS FOOD MART 3',NULL,NULL,NULL,'$2y$10$OLWfRlz1phOd0OE7Ng/NPuApPBIFjVhNV3GS5AvfHrr8cMKw/JNvG',NULL,'2025-02-25 10:52:20','2025-02-25 10:52:20',NULL,'CAPRI FOOD MART INC','CAPRI FOOD MART INC','19931 FM 2920 Rd','Tomball','TX','77377','713-885-4425','Sohil',NULL,'sammart3@gmail.com',NULL,'5867','AMTS',6,'Monthly','AMTX','0','0',NULL,NULL),
(1009,'SAVE A STEP 9','imtiyazalihmomin@gmail.com','+1281-334-7601',NULL,'$2y$10$Ae3RfnoP.U/UC96zJDRDIebwxfLvhIciY.Sj5mTt3rtjNpY5maCdW',NULL,'2025-02-25 10:54:21','2025-02-25 10:54:21',NULL,'NABIL MEHDI INC','NABIL MEHDI INC','101 Meadow Pkwy','League City','TX','77573','832-279-3739','Nizar',NULL,'nizar77479@yahoo.com',NULL,'46105','AMTS',6,'Monthly','AMTX','0','0',NULL,NULL),
(1010,'SAVE A STEP MART','saveastep1@gmail.com',NULL,NULL,'$2y$10$QFJfJrsO24.kefW2vFnXv.vdThqiOfsAkg2xtLUUud/lV4TSwvWE2',NULL,'2025-02-25 10:55:56','2025-02-25 10:55:56',NULL,'Methan Investments, Inc','Methan Investments, Inc','21950 Medowhill Dr','Spring','TX','77388','832-367-3654','Imtiyaz',NULL,'imtiyazmaknojia@gmail.com',NULL,'33614','AMTS',6,'Monthly','AMTX','0','0',NULL,NULL),
(1011,'EZ Mart 4343','Txstore3290@gmail.com','8325209040',NULL,'$2y$10$5FqfX93Qd42A/0TAGwTE8.vXvdxKO3oieqsk6l71yxpm0UjC8fHLu',NULL,'2025-02-25 11:07:12','2025-02-25 14:26:02',NULL,'Gpm Southeast, LLC','Gpm Southeast, LLC','3290 S Great Southwest Pkwy','Grand Prairie','TX','75052','8325209040','Asif M',NULL,'Txstore3290@gmail.com',NULL,'65652','AMTS',6,'Monthly','AMTX','0','0',NULL,NULL),
(1012,'EZ Mart 4338','Txstore3080@gmail.com','8325209040',NULL,'$2y$10$bwpiGIEdSewHNE5jKxs/eOPXzFIBTCjNPZv3ojfWAcQgwQqS7i24a',NULL,'2025-02-25 11:12:37','2025-02-25 14:24:41',NULL,'Gpm Southeast, LLC','Gpm Southeast, LLC','3080 Mayfield RD','Grand Prairie','TX','75052','8325209040','Asif M',NULL,'Txstore3080@gmail.com',NULL,'10480','AMTS',6,'Monthly','AMTX','0','1',NULL,NULL),
(1013,'SCOTT FOOD MART',NULL,'+1832-815-2464',NULL,'$2y$10$Ox9tXn8L2Ir3QtymfVB8kucBplVzKSWw.fHz29iziwHdfWySCIcUW',NULL,'2025-02-25 11:53:52','2025-02-25 11:53:52',NULL,'SHOARAT CORPORATION','SHOARAT CORPORATION','5820 Scott St','Houston','TX','77021','832-654-1014','Hajarat Momin',NULL,'aios3606@gmail.com',NULL,'84502','AMTS',6,'Monthly','AMTX','0','0',NULL,NULL),
(1014,'SEA WALL GROCERIES','seawallgroceries1@gmail.com','+1409-539-5160',NULL,'$2y$10$dMoBC/IA2spNhKSxtP.RDu.OPqabpRvtHnUREyeIdhO7UUnhf1n7e',NULL,'2025-02-25 11:55:36','2025-02-25 11:55:36',NULL,'WEST ISLAND ENTERPRISES INC','WEST ISLAND ENTERPRISES INC','8910 Seawall Blvd','Galveston','TX','77554','832-264-0217','Firdous',NULL,'Ali.Firdous1224@gmail.com',NULL,'85541','AMTS',6,'Monthly','AMTX','0','0',NULL,NULL),
(1015,'SEAGOVILLE FOOD MART','siranmer@yahoo.com',NULL,NULL,'$2y$10$dFb8UFH6S.UtZ3Z5bW0.sOJK5GVuNqpBDH83qvtpgX8Jn9nvOEIXa',NULL,'2025-02-25 11:57:08','2025-02-25 11:57:08',NULL,'AVEDA ENTERPRISES INC','SIRAN INVESTMENT INC','2817 N Highway 175','Seagoville','TX','75159','305-213-7938','Sohail',NULL,NULL,NULL,'83953','AMTS',6,'Monthly','AMTX','0','0',NULL,NULL),
(1016,'SEAGOVILLE MINI MART',NULL,NULL,NULL,'$2y$10$b2AyfMJSObXfIauH4UImIuNS/kns.3qstNeUYJQc.x9F52dV9x1L6',NULL,'2025-02-25 12:00:51','2025-02-25 12:00:51',NULL,'Seagoville Business LLC','Seagoville Business LLC','101 W Simonds Rd','Seagoville','TX','Seagoville TX 75159',NULL,'Akbar Momin',NULL,'haymarket01@gmail.com',NULL,'61622','AMTS',6,'Monthly','AMTX','0','0',NULL,NULL),
(1017,'SEALY FUEL EXPRESS','sealyfuelx@gmail.com','+1832-382-9747',NULL,'$2y$10$97FhGeMDaXJITrGjdqCSx.uItQTuCAdQKya2vPmO1BhzxSLTbYUiC',NULL,'2025-02-25 12:02:33','2025-02-25 12:02:33',NULL,'Fidai Partners LLC','Fidai Partners LLC','320 N Circle Dr','Sealy','TX','77474','832-627-6696','Mahedi',NULL,NULL,NULL,'35338','AMTS',6,'Monthly','AMTX','0','0',NULL,NULL),
(1018,'SETTLERS MART','settlermart@gmail.com','+1832-276-2934',NULL,'$2y$10$EuHXReHKg/4SDTx5POri2eFa745UljahwehjKszFfyEld821CJ6qG',NULL,'2025-02-25 12:04:14','2025-02-25 12:04:14',NULL,'STOCTONFALL INC','STOCTONFALL INC','6201 Fry Rd','Katy','TX','77449','281-463-9119','Imran',NULL,'marediaallaudin@yahoo.com',NULL,'78935','AMTS',6,'Monthly','AMTX','0','0',NULL,NULL),
(1019,'SHADY WOODS MARKET','shadywoods495@gmail.com',NULL,NULL,'$2y$10$g6IiZPk3Rq8p.Q.3.ZzOb.kY54K43nSkU95nrPvnC6ft8DuLG0atC',NULL,'2025-02-25 12:05:28','2025-02-25 12:05:28',NULL,'SHADY WOODS BUSINESS INC','SHADY WOODS BUSINESS INC','495 Beach Airport Rd','Conroe','TX','77301','713-377-4394','Shakeel',NULL,NULL,NULL,'83386','AMTS',6,'Monthly','AMTX','0','0',NULL,NULL),
(1020,'SHAVER FOOD MART','shaverfoodmart@gmail.com',NULL,NULL,'$2y$10$zfNGi4EEgCBYgM1EnN/deecc/Vc.QLMfRgh5FkzqiZXgj0UCW3dvq',NULL,'2025-02-25 12:06:48','2025-02-25 12:06:48',NULL,'NSR BUSINESS LLC','NSR BUSINESS LLC','4363 Shaver St','Pasadena','TX','77504','832-605-6256','Abbas',NULL,NULL,NULL,'88281','AMTS',6,'Monthly','AMTX','0','0',NULL,NULL),
(1021,'SHELL FOOD MART',NULL,'+1(713)-783-5000',NULL,'$2y$10$Ge7rkY2nIDi1kWAlB6g5CuMlDdkwoWRjwIafWDIQOsZdSbHXNKN.a',NULL,'2025-02-25 12:11:03','2025-02-25 12:11:03',NULL,'PNS Shell Inc','PNS Shell Inc','9030 Highway 6 N','Houston','TX','77095','832-382-6507',NULL,NULL,'madiha@tristarpetroleum.net',NULL,'69730','AMTS',6,'Monthly','AMTX','0','0',NULL,NULL),
(1022,'SHOP N GO',NULL,'+1713-812-7879',NULL,'$2y$10$xd5.9oaOstFsW.ZO5J.x0.y3NfnAiGxgFlToyUB6mQbm4zZ8Usana',NULL,'2025-02-25 12:14:03','2025-02-25 12:14:03',NULL,'B & Z ENTERPRISES INC','B & Z ENTERPRISES INC','5796 Bingle Rd','Houston','TX','77092','281-793-2159','Sadik',NULL,'express4302@gmail.com',NULL,'35291','AMTS',6,'Monthly','AMTX','0','0',NULL,NULL),
(1023,'SHOP N GO',NULL,'+1281-540-2916',NULL,'$2y$10$j8slLec3kwRyJTvVNFdHMuc4DR7M7N5sOUwgNQdWZ4ZcK3hnQIeZm',NULL,'2025-02-25 12:15:44','2025-02-25 12:15:44',NULL,'NORTH HOUSTON BUSINESS, INC','NORTH HOUSTON BUSINESS, INC','7211 FM 1960 Rd W Ste 290','Humble','TX','77338','832-607-6005','Sarfraz',NULL,'sarfarazm789@yahoo.com',NULL,'27223','AMTS',6,'Monthly','AMTX','0','0',NULL,NULL),
(1024,'SHOP N GO',NULL,'+1713-795-0452',NULL,'$2y$10$SRBTQMwZLJidacqSS8xjwe/npaE4CIhOz/W8xZ7Qt9t0.jEqnHzFS',NULL,'2025-02-25 12:17:04','2025-02-25 12:17:04',NULL,'Arc Retail Inc','Arc Retail Inc','7800 Almeda Rd','Houston','TX','77054','281-748-6921','Allauddin',NULL,'allauddincharolia@yahoo.com',NULL,'46693','AMTS',6,'Monthly','AMTX','0','0',NULL,NULL),
(1025,'SHOP N GO FOOD STORE','humberenterprisellc@gmail.com','+1281-997-1086',NULL,'$2y$10$.bcV8tcTctJ0yGe9W2cr9OfGF6xvbBCh5K1M8cK4xMghgxZUfTlNK',NULL,'2025-02-25 12:19:11','2025-02-25 12:19:11',NULL,'HUMAYUNS INVESTMENTS INC','Harika LLC','13002 Mykawa Rd','Brookside Village','TX','77581','713-454-3059','Vasu',NULL,'HarikallC9@gmail.com',NULL,'32290','AMTS',6,'Monthly','AMTX','0','0',NULL,NULL),
(1026,'SHOP-N-GO','shopngo6601@gmail.com','+1713-969-8677',NULL,'$2y$10$nSJYcRwXrn977spWxR0vgeYijxAIhwRkCeh2R9IRqvzFF59Yoq69W',NULL,'2025-02-25 12:20:58','2025-02-25 12:20:58',NULL,'PASTONJI FOODS AMERICA INC','PASTONJI FOODS AMERICA INC','6601 S Gessner Rd','Houston','TX','77036','713-419-9356','Rashim',NULL,'shopngo77036@gmail.com',NULL,'39752','AMTS',6,'Monthly','AMTX','0','0',NULL,NULL),
(1027,'SHORT STOP FOOD MART','Shortstop9421@gmail.com',NULL,NULL,'$2y$10$5PffrmGRfpHwxcYjFBGATebY1u5j.zAREf1k0986ZoCb..QcUv/b2',NULL,'2025-02-25 12:22:12','2025-02-25 12:22:12',NULL,'ZAHEED INC','ZAHEED INC','9421 Almeda Genoa Rd','Houston','TX','77075','281-813-2675','Zulu',NULL,NULL,NULL,'84860','AMTS',6,'Monthly','AMTX','0','0',NULL,NULL),
(1028,'SHORT STOP MARKET','Namzenterprises@yahoo.com',NULL,NULL,'$2y$10$XLGbmWHycW0kR48AyjZE/OLrHICl7iRhBdoq9Rn6PYwfX6o7W05Du',NULL,'2025-02-25 12:28:08','2025-02-25 12:28:08',NULL,'Namz Enterprises, Inc','Namz Enterprises, Inc','5304 E 5th St','Katy','TX','77493','281-813-2675','Zulfikar',NULL,NULL,NULL,'48419','AMTS',6,'Monthly','AMTX','0','0',NULL,NULL),
(1029,'SILSBEE BUZZY BEE','silsbeebuzzybee@gmail.com','+1409-386-2000',NULL,'$2y$10$l7nUFiuwrO2Pa4vDJ.6elurylYLmASwdiGD2TFLjEHpxc7lQOivqi',NULL,'2025-02-25 12:29:32','2025-02-25 12:29:32',NULL,'NPR ENTERPRISES INC','NPR ENTERPRISES INC','970 Highway 96 S','Silsbee','TX','77656','409-454-6763','Rafik Momin',NULL,NULL,NULL,'30219','AMTS',6,'Monthly','AMTX','0','0',NULL,NULL),
(1030,'SM FOOD MART','Spencer1417@yahoo.com','+1713-946-8829',NULL,'$2y$10$fj7ndlYQQ3Um71mgo/gXCuriEwF6Ax7n5lUMDi1rr6uDyfxsFKy.u',NULL,'2025-02-25 12:31:19','2025-02-25 12:31:19',NULL,'1417 Spencer LLC','1417 Spencer LLC','1417 Spencer Hwy','South Houston','TX','77587','832-715-1128','Sadiqali Momin',NULL,NULL,NULL,'35207','AMTS',6,'Monthly','AMTX','0','0',NULL,NULL),
(1031,'SMART CHOICE FOOD MART','smartchoice1620@gmail.com','+1281-554-6786',NULL,'$2y$10$MCODElIiTf4V6TyTUgIXMe744unF6X9oTJo0OlaRk6rGWt7BYQPsW',NULL,'2025-02-25 12:32:45','2025-02-25 12:32:45',NULL,'NSZ BUSINESS INC','NSZ BUSINESS INC','1620 W League City Pkwy','League City','TX','77573','281-808-7180','Nazim',NULL,NULL,NULL,'84364','AMTS',6,'Monthly','AMTX','0','0',NULL,NULL),
(1032,'SMILEYS EXPRESS 15','SmileysExpress15@gmail.com',NULL,NULL,'$2y$10$v9Ek3T0kk0WkEPjilUu8Ve2rKe2BJ9ax4jj/XdhuSJ2..sOES8RZO',NULL,'2025-02-25 12:34:08','2025-02-25 12:34:08',NULL,'Ivan Business Inc','Ivan Business Inc','18460 Highway 242 Ste A','Conroe','TX','77302','832-898-3056','Shiraz',NULL,NULL,NULL,'91337','AMTS',6,'Monthly','AMTX','0','0',NULL,NULL),
(1033,'SMILEYS EXPRESS 4','jackstruckstop@hotmail.com','+1832-488-5761',NULL,'$2y$10$qXVoZqHWmXhSDkRPppW/4ebP/wTstxLHH6NaS2gS28uo8KAzAm9B6',NULL,'2025-02-25 12:36:03','2025-02-25 12:36:03',NULL,'ORBIT BUSINESS INC','ORBIT BUSINESS INC','2924 Highway 19','Huntsville','TX','77320','936-293-8114','Shardool',NULL,'shardool125@yahoo.com',NULL,'79615','AMTS',6,'Monthly','AMTX','0','0',NULL,NULL),
(1034,'SNAPPY MART','Aminmomin15@gmail.com',NULL,NULL,'$2y$10$BqoZY2jGEZsUpN7ZCDKRsePKkGos/Uop8Is.dKPoz.LCJCvAQ0cJm',NULL,'2025-02-25 12:39:08','2025-02-25 12:39:08',NULL,'GOLDEN GROUP INC','GOLDEN GROUP INC','4303 Highway 90','Crosby','TX','77532','832-296-1128','Karim',NULL,'karimmsnappy@yahoo.com',NULL,'27988','AMTS',6,'Monthly','AMTX','0','0',NULL,NULL),
(1035,'SO 10','lemurexpress10@gmail.com',NULL,NULL,'$2y$10$3tAibX0wbtrSRAb0xe.zYuWv//7TjwqRcjyzM46i2enUBJqKBlWa.',NULL,'2025-02-25 12:42:11','2025-02-25 12:42:11',NULL,'Ain United Inc','Ain United Inc','1923 Main St','Danbury','TX','77534','832-270-1710','Sohil',NULL,'sohil4321@yahoo.com',NULL,'34201','AMTS',6,'Monthly','AMTX','0','0',NULL,NULL),
(1036,'SO 6','orangestop6@gmail.com','+1832-270-1710',NULL,'$2y$10$OnW2Ns45AYIkBO2HaWVvz.Aa.ZNBF3fGgPlsen1UPOa8JZYLahokm',NULL,'2025-02-25 12:43:44','2025-02-25 12:43:44',NULL,'Aliens Marketing Inc','Aliens Marketing Inc','1438 US 90A HWY','Sheridan','TX','77475','832-847-9051','Rizwan',NULL,'sohil4321@yahoo.com',NULL,'88421','AMTS',6,'Monthly','AMTX','0','0',NULL,NULL),
(1037,'SO 7','lemurexpress7@gmail.com',NULL,NULL,'$2y$10$Yb/41H39DYBpVb3caQuJEehHr/PWg14wLbL740OWtbRGfYVJoG4Xm',NULL,'2025-02-25 12:45:28','2025-02-25 12:45:28',NULL,'Kaiz Business Inc','Kaiz Business Inc','4142 Hwy 90A','Altair','TX','77412','832-270-1710','Sam',NULL,NULL,NULL,'90036','AMTS',6,'Monthly','AMTX','0','0',NULL,NULL),
(1038,'SOPHIES',NULL,'+1281-702-7553',NULL,'$2y$10$9ANXGjbddMnhlWZVMoUPCeOxgUpZzM1vPTvD9txcm2Z9F/AZt19Yu',NULL,'2025-02-25 13:02:56','2025-02-25 13:02:56',NULL,'Troup Development Inc','Troup Development Inc','5315 Troup Hwy','Tyler','TX','75707','832-398-8412','Sophie',NULL,'s_momin1976@yahoo.com',NULL,'92814','AMTS',6,'Monthly','AMTX','0','0',NULL,NULL),
(1039,'SORTERS FOOD MART','sorters321@gmail.com','+1281-354-1559',NULL,'$2y$10$bB.P2fXk6qrEZOwdT4pxXebc0RZuiaxE1QEyzRu.gDMtUNCx3L9oC',NULL,'2025-02-25 13:07:13','2025-02-25 13:07:13',NULL,'Eira Retail LLC','Eira Retail LLC','25315 Sorters Rd','Porter','TX','77365','832-213-7989','Naeem',NULL,NULL,NULL,'84000','AMTS',6,'Monthly','AMTX','0','0',NULL,NULL),
(1040,'SPEED MAX','speed.max0987@gmail.com',NULL,NULL,'$2y$10$108U/Kvlo0EGpzR7wejrHOWQWHu2jFBcg3My1X/vnUNiJX.2cgTCu',NULL,'2025-02-25 13:08:52','2025-02-25 13:08:52',NULL,'Arhan Rm Business LLC','Arhan Rm Business LLC','8415 N Houston Rosslyn Rd','Houston','TX','77088','832-692-4844','Rahim',NULL,NULL,NULL,'92554','AMTS',6,'Monthly','AMTX','0','0',NULL,NULL),
(1041,'SPEEDY MART','speedymart495@yahoo.com','+1713-453-8988',NULL,'$2y$10$OZwcXLMCOVctAoNFFu5tl.4oSDQWI35pJdmILqzb3QjbKYNl/zRZS',NULL,'2025-02-25 13:10:40','2025-02-25 13:10:40',NULL,'SARA INC','SARA INC','495 Freeport St','Houston','TX','77015','713-933-5310','Shabuddin',NULL,NULL,NULL,'39648','AMTS',6,'Monthly','AMTX','0','0',NULL,NULL),
(1042,'SPEEDY MART 1',NULL,'+1832-798-3934',NULL,'$2y$10$SueZjlzQcsrLn5PO22Y28.jP2NUfbDMVXLplPG4tpY0OP7D86jnMO',NULL,'2025-02-25 13:12:29','2025-02-25 13:12:29',NULL,'ESTEEM ENTERPRISES INC','ESTEEM ENTERPRISES INC','1708 N Wayside Dr','Houston','TX','77020','832-419-7816','Dilawar',NULL,'smaknojia21@gmail.com',NULL,'39834','AMTS',6,'Monthly','AMTX','0','0',NULL,NULL),
(1043,'SPEEDY MART(Ocean Point)','ocean6953@yahoo.com',NULL,NULL,'$2y$10$0oBjsHTu1bAoXynwaUR1.O8Yb/jzH7oXXs0tnUA8v9P1zyr.OpHwa',NULL,'2025-02-25 13:14:59','2025-02-25 13:14:59',NULL,'TIDWELL FUELS SERVICE, LLC','TIDWELL FUELS SERVICE, LLC','6953 W Tidwell Rd','Houston','TX','77092','832-359-7461','Ali',NULL,'oceanpointmgr@yahoo.com',NULL,'90122','AMTS',6,'Monthly','AMTX','0','0',NULL,NULL),
(1044,'SPEEDY PEREZ','agfood77502@gmail.com','+1832-466-2769',NULL,'$2y$10$/90kYCUlnGWyVHHlwuTij.h9dbK4waLFFooUHscD6KkcqPVdcpaE.',NULL,'2025-02-25 13:17:55','2025-02-25 13:17:55',NULL,'Allen Genoa Food Mart LLC','Allen Genoa Food Mart LLC','1901 Allen Genoa Rd','Pasadena','TX','77502','832-868-5585','Rafiq',NULL,NULL,NULL,'83914','AMTS',6,'Monthly','AMTX','0','0',NULL,NULL),
(1045,'SPIN IN MARKET 15','spininmarket15@yahoo.com','+1832-447-4757',NULL,'$2y$10$SKkZl8hL4sP4/ieoZhYeLu2CvemMNRLICLED/NtNmVJMUetD0USay',NULL,'2025-02-25 13:19:41','2025-02-25 13:19:41',NULL,'SANAM BUSINESS INC','SANAM BUSINESS INC','8733 FM 1409','Dayton','TX','77535','281-650-6125','Inayat',NULL,'imaknojia15@gmail.com',NULL,'54348','AMTS',6,'Monthly','AMTX','0','0',NULL,NULL),
(1046,'SPRING MART','Springmart19255@yahoo.com',NULL,NULL,'$2y$10$FzbLhUOg5OYaKlifFNDLNOs3FiJDCiMBDeGudS.7EU/mGOUPi81iy',NULL,'2025-02-25 13:20:53','2025-02-25 13:20:53',NULL,'NAMEETA INC','NAMEETA INC','19255 Kuykendahl Rd','Spring','TX','77379','832-439-2797','Manju',NULL,NULL,NULL,'67020','AMTS',6,'Monthly','AMTX','0','0',NULL,NULL),
(1047,'STAGECOACH FOOD MARKET','stagecoach16310@yahoo.com','+1281-356-1100',NULL,'$2y$10$H/4ZxCNxhObRnHVk9OVnwOg08zauzY2gRj19boRO72SuOeY9lOdte',NULL,'2025-02-25 13:22:19','2025-02-25 13:22:19',NULL,'KOUSAR ENTERPRISE INC','KOUSAR ENTERPRISE INC','16310 Butera Rd','Magnolia','TX','77355','832-277-1235','Riyaz',NULL,NULL,NULL,'79665','AMTS',6,'Monthly','AMTX','0','0',NULL,NULL),
(1048,'STAR EXPRESS','starexpress19@gmail.com','+1Amin: 281-413-6765',NULL,'$2y$10$rkBLJ4ZjHeM9T7VxsoD6Auve0cSBagpzFEP/gqjPatz0YJgoYcsnO',NULL,'2025-02-25 13:23:44','2025-02-25 13:23:44',NULL,'DARSH ENTERPRISE INC','DARSH ENTERPRISE INC','2987 State Highway 19','Huntsville','TX','77320','936-581-2864','Priyank',NULL,NULL,NULL,'92301','AMTS',6,'Monthly','AMTX','0','0',NULL,NULL),
(1049,'STAR EXPRESS 2','starexpress02@gmail.com','+1281-323-5017',NULL,'$2y$10$7MrrvZw3e/oHhB7GJw9spu8ub0CMMuH/pr7Xn.ES/zcX1zbunatd.',NULL,'2025-02-25 13:25:09','2025-02-25 13:25:09',NULL,'Nobel Business Inc','Nobel Business Inc','115 Interstate 45 N','Huntsville','TX','77535','281-543-9833','Amir Momin',NULL,NULL,NULL,'26770','AMTS',6,'Monthly','AMTX','0','0',NULL,NULL),
(1050,'STAR EXPRESS 3','starexpress563@gmail.com','+1832-662-0631',NULL,'$2y$10$6wnxDliVsvYJ1lUJHCGuoeQAo.rK2PNgdpRzfDY3dPPRDZpaAOJZa',NULL,'2025-02-25 13:31:48','2025-02-25 13:31:48',NULL,'Alim Business Inc','Alim Business Inc','563 IH 45 S','Huntsville','TX','77340','281-543-9833','Amir',NULL,NULL,NULL,'47064','AMTS',6,'Monthly','AMTX','0','0',NULL,NULL),
(1051,'STAR EXPRESS 4','Starexpress2920@gmail.com',NULL,NULL,'$2y$10$u1VvSAJpaqJcTTnV/78D.O5WW8q6wq9G64/Jn4gVmPB7ePrBPC42G',NULL,'2025-02-25 13:32:56','2025-02-25 13:32:56',NULL,'Amp Capital Inc','Amp Capital Inc','3405 FM 2920 Rd','Spring','TX','77388',NULL,NULL,NULL,NULL,NULL,'84725','AMTS',6,'Monthly','AMTX','0','0',NULL,NULL),
(1052,'STAR FOOD & GROCERY','starfood7556@gmail.com',NULL,NULL,'$2y$10$W88jAREj5pydsRLBLdFSguxZoOOlFAcHGoUfSETwJANs1GvCVL/.S',NULL,'2025-02-25 13:35:06','2025-02-25 13:35:06',NULL,'Fine Foods, Inc','Fine Foods, Inc','17402 Beaumont Hwy','Houston','TX','77049','832-744-6820','Amin',NULL,NULL,NULL,'39645','AMTS',6,'Monthly','AMTX','0','0',NULL,NULL),
(1053,'STAR FOOD 1','starfood3130@gmail.com','+1281-830-5545',NULL,'$2y$10$F/0e7EOPz55d9.sAaW1aZu3XGeFDIs5olEEVOxhZumP7GcbNGVutS',NULL,'2025-02-25 13:37:00','2025-02-25 13:37:00',NULL,'Safin Investments, Inc','Safin Investments, Inc','3130 Sawdust Rd','Spring','TX','77380','281-367-0888','Karim',NULL,'kdmethan@yahoo.com',NULL,'39782','AMTS',6,'Monthly','AMTX','0','0',NULL,NULL),
(1054,'STAR FOOD MART','asifali3533@gmail.com','+1832-886-3467',NULL,'$2y$10$K3RhQlot6r14vSM1RHeLNencPiHjIlrQ.7tH71jnhXpTdkWzWPKH6',NULL,'2025-02-25 13:40:53','2025-02-25 13:40:53',NULL,'HWY 21 CONVENIENCE & GAS LLC','HWY 21 CONVENIENCE & GAS LLC','107 North St','Nacogdoches','TX','75961','832-815-0917','Moin',NULL,'mohd.moin3533@icloud.com',NULL,'7415','AMTS',6,'Monthly','AMTX','0','0',NULL,NULL),
(1055,'STAR FOOD MART','444starfood@gmail.com','+1832-382-5211',NULL,'$2y$10$8D9PJ.lG0IzyBb3w9Vt0te9KOYwDdIqWKBKtNYMIDJvHCNYBqz9UW',NULL,'2025-02-25 13:42:33','2025-02-25 13:42:33',NULL,'FORT BEND OIL CORPORATION','SHEZA C-STORE LLC','444 FM 1092 Rd','Stafford','TX','77477','832-692-6191','Samer',NULL,'skarediya100@gmail.com',NULL,'73401','AMTS',6,'Monthly','AMTX','0','0',NULL,NULL),
(1056,'STAR FOOD N GROCERY',NULL,NULL,NULL,'$2y$10$S5wfCXKrRzBR2zFEQokmFeyHjxWQXVIOozAQC2uOLZl/dQUJ7JJsa',NULL,'2025-02-25 13:43:51','2025-02-25 13:43:51',NULL,'SIBER ENTERPRISE INC','SIBER ENTERPRISE INC','6835 Mount Houston Rd','Houston','TX','77050','281-793-0474','Barkat Ali',NULL,'Barkatali1155@yahoo.com',NULL,'39774','AMTS',6,'Monthly','AMTX','0','0',NULL,NULL),
(1057,'STAR MAXX','ptc5058@gmail.com','+1979-885-6636',NULL,'$2y$10$Qk.8GFYDbmMU901Uq2wyaelIweO7hf0drqhRD.XCaKaZR5clI1.3C',NULL,'2025-02-25 13:45:38','2025-02-25 13:45:38',NULL,'Pyka Travel Center LLC','Pyka Travel Center LLC','5058 NW I 10 Frontage Rd','Sealy','TX','77474','832-466-2769','Mahedi Maknojiya',NULL,NULL,NULL,'63447','AMTS',6,'Monthly','AMTX','0','0',NULL,NULL),
(1058,'STAR TRAC SHELL','sayeed@startexoil.com',NULL,NULL,'$2y$10$T19uZ6wtgV4Qr1QYGt0YQO0GoDq649lX/16FYs5Tu8VH8Pu4m6r6C',NULL,'2025-02-25 13:51:09','2025-02-25 13:51:09',NULL,'Richwood Houston Inc','Richwood Houston Inc','7101 Southwest Fwy','Houston','TX','77074','713-776-0867','Iqbal',NULL,'sayeed@startexoil.com',NULL,'45705','AMTS',6,'Monthly','AMTX','0','0',NULL,NULL),
(1059,'STEWART SUPER MARKET','stewartmarket7428@gmail.com','+1409-354-2099',NULL,'$2y$10$C/3y43KtguSIq.q5.Bmy9e21M0B4Pp1SngzH/7GAYc3sLG8zzXE4a',NULL,'2025-02-25 13:52:37','2025-02-25 13:52:37',NULL,'ZAMAAN BUSINESS INC','ZAMAAN BUSINESS INC','7428 Stewart Rd','Galveston','TX','77551','832-264-0217','Firdous',NULL,'ali.firdous1224@gmail.com',NULL,'41940','AMTS',6,'Monthly','AMTX','0','0',NULL,NULL),
(1060,'STOP & SHOP 2',NULL,'+1281-342-6498',NULL,'$2y$10$RVQnQRwM9omwCThaKfZ6oOf6KGSfTtXDqm0UDyEYjWdb3QWwPz75i',NULL,'2025-02-25 13:53:55','2025-02-25 13:53:55',NULL,'YAM ENTERPRISES INC','YAM ENTERPRISES INC','1301 Avenue I','Rosenberg','TX','77471','832-647-0737','Shoukat',NULL,'sammynali@hotmail.com',NULL,'27478','AMTS',6,'Monthly','AMTX','0','0',NULL,NULL),
(1061,'STOP N JOY',NULL,NULL,NULL,'$2y$10$zmwgEPfOl8A.3rVEaSFbUOn4nbiZPygfwoLg8bJpS3Lhy39VeNwwS',NULL,'2025-02-25 13:56:45','2025-02-25 13:56:45',NULL,'GOLDEN & SILVER ENTERPRISES INC','GOLDEN & SILVER ENTERPRISES INC','999 Lockwood Dr','Houston','TX','77020','832-287-4656','Barkat',NULL,'bobali786@gmail.com',NULL,'39829','AMTS',6,'Monthly','AMTX','0','0',NULL,NULL),
(1062,'STOP-N-ZIP','stopnzip@gmail.com',NULL,NULL,'$2y$10$5OLR.3JEAfJ4uc9ATRiVI.schqfA4G5X4aQgi.EbEJICYBbZyJihK',NULL,'2025-02-25 13:57:50','2025-02-25 13:57:50',NULL,'ABIR BUSINESS INC','ABIR BUSINESS INC','14455 Market Street Rd','Houston','TX','77015','832-766-4605','Moij',NULL,NULL,NULL,'39640','AMTS',6,'Monthly','AMTX','0','0',NULL,NULL),
(1063,'SUNNY FOOD MART','sunnyfoodmart786@gmail.com','+1281-239-3406',NULL,'$2y$10$xwjov99W8Fryb4spmo7SweumpJQ5QFEc5heTJC5/08/OtTgyFAEfS',NULL,'2025-02-25 13:59:19','2025-02-25 13:59:19',NULL,'LUCKY STONE LLC','LUCKY STONE LLC','2623 1st St','Rosenberg','TX','77471','832-235-4839','Riaz',NULL,NULL,NULL,'35385','AMTS',6,'Monthly','AMTX','0','0',NULL,NULL),
(1064,'SUNNYS FOOD MART 4','vstenter@gmail.com',NULL,NULL,'$2y$10$3CmG8KUKzqZyqSSCdLOnq.1mfNuMjVSauGL3O2DB35vz7ioyxhMgG',NULL,'2025-02-25 14:00:29','2025-02-25 14:00:29',NULL,'VST ENTERPRISES INC','VST ENTERPRISES INC','211 S Beckley Ave','Dallas','TX','75203',NULL,'JAVIER GUTIERREZ',NULL,'bhattaraishesh@hotmail.com',NULL,'9113','AMTS',6,'Monthly','AMTX','0','0',NULL,NULL),
(1065,'SUNNYS HEMPSTEAD','sunnyshempstead@gmail.com','+1713-413-9118',NULL,'$2y$10$w94SSpPUDu4HExVVOTYd1Obh.ImiWbOT63Nd.KZ78d6qJ0pmYuWYu',NULL,'2025-02-25 14:01:57','2025-02-25 14:01:57',NULL,'Mkrs Group LLC','Sunnys Hempstead LLC','45 Austin St','Hempstead','TX','77445','832-330-0406','Saad',NULL,'saadsial@gmail.com',NULL,'17141','AMTS',6,'Monthly','AMTX','0','0',NULL,NULL),
(1066,'SUNRISE GROCERY 11','zahirkhawaja@gmail.com','+1713-868-1424',NULL,'$2y$10$48edx9sOzOj8XCYNZPbP8OIrcbbX2gq4iwGAkx298fGjOFhRpG1Gi',NULL,'2025-02-25 14:03:36','2025-02-25 14:03:36',NULL,'SUPERIOR RETAIL CORPORATION','SUPERIOR RETAIL CORPORATION','1514 White Oak Dr','Houston','TX','77009','713-373-7738','Mujahhid',NULL,'mujaheeddhuka@yahoo.com',NULL,'25216','AMTS',6,'Monthly','AMTX','0','0',NULL,NULL),
(1067,'SUPER STOP 16','superstop16@att.net',NULL,NULL,'$2y$10$BKcJDEHz1xN1MRbE4utcvuPUh6y.XO2vFu510Y/0bwPJR00DF6tNG',NULL,'2025-02-25 14:04:52','2025-02-25 14:04:52',NULL,'SSZ ENTERPRISES INC','SSZ ENTERPRISES INC','1165 S 11th St','Beaumont','TX','77701','409-454-4742','Altaf',NULL,NULL,NULL,'40077','AMTS',6,'Monthly','AMTX','0','0',NULL,NULL),
(1068,'SUPER STOP 19','superstop19@sbcglobal.net',NULL,NULL,'$2y$10$CBbjmQNazw2SCov4pYkeb.wu.IlHdHgErDmHS72GTn8AiznWnDTai',NULL,'2025-02-25 14:06:05','2025-02-25 14:06:05',NULL,'A&F BROTHERS INC','A&F BROTHERS INC','6450 Calder Ave','Beaumont','TX','77701','409-454-4742','Altaf',NULL,NULL,NULL,'40090','AMTS',6,'Monthly','AMTX','0','0',NULL,NULL),
(1069,'SWIFT FOOD MART','swiftfoodmart7201@gmail.com','+1832-831-2195',NULL,'$2y$10$jWGbnWn3DG6BR01gZgcda.L9ZgNkJ6.VSr5FtK8nrOiWeCcxnAYCe',NULL,'2025-02-25 14:07:41','2025-02-25 14:07:41',NULL,'7201 BISSONNET, LLC','7201 Store, LLC','7201 Bissonnet St','Houston','TX','77074','832-867-8621','Arif',NULL,NULL,NULL,'88829','AMTS',6,'Monthly','AMTX','0','0',NULL,NULL),
(1070,'SWIFT SPENCER','spencerswift3@gmail.com','+1346-570-4361',NULL,'$2y$10$gxvWJ3wxPMSNdQlsMQ8V2utO444dmGoPs6Rhj11iXOWBPzXRe0Bhi',NULL,'2025-02-25 14:09:14','2025-02-25 14:09:14',NULL,'Swift Spencer Store, LLC','Swift Spencer Store, LLC','5211 Spencer Hwy','Pasadena','TX','77505','832-908-9775','Sadik',NULL,NULL,NULL,'90530','AMTS',6,'Monthly','AMTX','0','0',NULL,NULL),
(1071,'SWIFT STOP',NULL,'+1281-501-2371',NULL,'$2y$10$YQ7eyi6P26jOB8BTPx7PeOIopJmX/ejVz59hGS21.5yY7gGNkHggq',NULL,'2025-02-25 14:11:24','2025-02-25 14:11:24',NULL,'ILAM HILLCROFT LLC','ILAM HILLCROFT LLC','12540 Hillcroft St','Houston','TX','77035','713-530-3040','Saiyad',NULL,'jivauka@gmail.com',NULL,'89797','AMTS',6,'Monthly','AMTX','0','0',NULL,NULL),
(1072,'SWIPE FOR FUEL','swipe7202@gmail.com','+1Abid 832-245-4224',NULL,'$2y$10$wN0foBcsdeuYVMYecTx4VO9bVmGY0J.jXzlJIcRJdVZo3h9QRpLZG',NULL,'2025-02-25 14:12:51','2025-02-25 14:12:51',NULL,'Tidwell Green Plaza LLC','Tidwell Green Plaza LLC','7202 Tidwell Rd','Houston','TX','77016','832-941-2501','Amit',NULL,'wramsey@modweldco.com',NULL,'92208','AMTS',6,'Monthly','AMTX','0','0',NULL,NULL),
(1073,'SWIPE FOR FUEL 4','myswipefule4@gmail.com',NULL,NULL,'$2y$10$OgK7O3nwwlaAXriKwMWNBuVOwD.ZxM3ZOhUgZooAffqX2pwifg.nq',NULL,'2025-02-25 14:14:12','2025-02-25 14:14:12',NULL,'Aahil Express LLC','Aahil Express LLC','14518 Kuykendahl Rd','Houston','TX','77090','404-518-3914','Nizar',NULL,NULL,NULL,'85771','AMTS',6,'Monthly','AMTX','0','0',NULL,NULL),
(1074,'Anil Momin Food Mart','momin.anil@gmail.com',NULL,NULL,'$2y$10$Vn2LTXuaHGiO4PlxFZ1gIOI1t3B35eSI4gx3SFBQgZCBiEIzutTJi',NULL,'2025-02-26 00:06:22','2025-02-26 00:06:22',NULL,NULL,NULL,NULL,NULL,NULL,NULL,NULL,NULL,NULL,NULL,NULL,'07861','Petro-Tank Solutions',6,'Monthly','AMTX','0','0',NULL,NULL),
(1075,'Neu Hub 3','neuhub3@gmail.com',NULL,NULL,'$2y$10$1iOvdIqNrU6vmpsA2nUtPefCfxq1PSdnrNcnaMNnr2zI/0uTebv8i',NULL,'2025-03-05 12:55:38','2025-03-05 12:55:38',NULL,'Sis Smithville LLC','Hwy 71 Business LLC','709 Highway 71 W','Smithville','TX','78957','737-389-0337','Asif',NULL,NULL,NULL,'71980','Petro-Tank Solutions',6,'Monthly','AMTX','0','0',NULL,NULL),
(1076,'Xpress 95','grangercstore@gmail.com','+1720-862-4427',NULL,'$2y$10$TXzeWR6oNHfL1eluCi2AFuWgDF.iouelEP3BWSzpm1zvLD6EEL9E2',NULL,'2025-03-06 08:57:10','2025-03-06 08:57:10',NULL,'Granger Retail Investment Inc','Granger Retail Investment Inc','201 S Commerce St','Granger','TX','76530','281-917-0101','Ramiz Prasla',NULL,'ramiz.prasla@gmail.com',NULL,'27467','Petro-Tank Solutions',6,'Monthly','AMTX','0','0',NULL,NULL),
(1077,'Xpress Stop','xpressfuelstop@gmail.com',NULL,NULL,'$2y$10$ml1Qo2xTDSZm86UP2waK9Oe791pVbHiLQxam.N/ueC8wYkFI9QFu.',NULL,'2025-03-06 08:59:00','2025-03-06 08:59:00',NULL,'Forest Creek Investments LLC','Kenny Fort Business LLC','2451 Forest Creek Dr','Round Rock','TX','78665','512-653-2043','Naushad',NULL,NULL,NULL,'89424','Petro-Tank Solutions',6,'Monthly','AMTX','0','0',NULL,NULL),
(1078,'Rice Exxon Mart',NULL,NULL,NULL,'$2y$10$x8VoN.SPQDKXk05dp1PEdezfn8PS5/rJexMN5L2MPlQKpTKyGqdqS',NULL,'2025-03-28 09:33:06','2025-03-28 09:33:06',NULL,'Concord Petroleum Inc','Concord Petroleum Inc','3901 Se Mckinney St','Rice','TX','75155','214-676-0617','Kazi',NULL,'kaziullah@aol.com',NULL,'27519','Petro-Tank Solutions',6,'Monthly','AMTX','0','0',NULL,NULL),
(1079,'Corner Stop',NULL,NULL,NULL,'$2y$10$1T1k0YuQ5T.muT049aZhSefIzNuOP4APjp7zdd6zpsVOwdXW1jJLa',NULL,'2025-03-28 09:38:08','2025-03-28 09:38:08',NULL,'MALIK, TUFAIL MOHAMMAD','MALIK, TUFAIL MOHAMMAD','1304 Saint Louis St','Gonzales','TX','78629','830-445-9294','Tufail',NULL,'malikt2001@yahoo.com',NULL,'8897','Petro-Tank Solutions',6,'Monthly','AMTX','0','0',NULL,NULL),
(1080,'Prime Mart',NULL,NULL,NULL,'$2y$10$qyqKogVs2smAyIgnDr/cVen3RAmKygAJixb4xFHEKmJPQT29CkgKq',NULL,'2025-03-28 10:02:58','2025-03-28 10:02:58',NULL,'PRIME MART INC','PRIME MART INC','12430 N LAMAR BLVD','AUSTIN','TX','78753',NULL,NULL,NULL,NULL,NULL,'7164','Petro-Tank Solutions',6,'Monthly','AMTX','0','0',NULL,NULL),
(1081,'X Press Mart',NULL,NULL,NULL,'$2y$10$.afm8mRht2fc1G0CYeySW.74f7lMeCtpIqQNnKXFH4FvcbV9PJxPC',NULL,'2025-03-28 10:09:02','2025-03-28 10:09:02',NULL,'Rahbar Central Texas Inc','Rahbar Central Texas Inc','907 N Gray St','Killeen','TX','76541',NULL,NULL,NULL,NULL,NULL,'44721','Petro-Tank Solutions',6,'Monthly','AMTX','0','0',NULL,NULL),
(1082,'AA Food Mart',NULL,NULL,NULL,'$2y$10$RRgqPc/gH3aLz.6KLNDjF.WjYgqptrRKaMtGo2JqAvWP8WxPt51za',NULL,'2025-03-28 10:12:01','2025-03-28 10:12:01',NULL,'ZERIQ INC','Abiyan Inc','710 Industrial Blvd','Temple','TX','76501',NULL,NULL,NULL,'allauddin1973@hotmail.com',NULL,'18898','Petro-Tank Solutions',6,'Monthly','AMTX','0','0',NULL,NULL),
(1083,'317 Express','sabinamaknojia@hotmail.com',NULL,NULL,'$2y$10$5hS5qO7nU.zW7AohzQReN.kMv1PHDE5NfKbwAJxBOX0VpdKaILj8O',NULL,'2025-03-28 10:14:24','2025-03-28 10:14:24',NULL,'38 Express LLC','38 Express LLC','9301 State Highway 317','Belton','TX','76513','512-577-8438','Allaudin',NULL,'allauddin1973@hotmail.com',NULL,'35652','Petro-Tank Solutions',6,'Monthly','AMTX','0','0',NULL,NULL),
(1084,'My Corner Store','mycornerfoodmart@gmail.com',NULL,NULL,'$2y$10$3U1m2aIf/sFedVwHAcnxZO/NokicxYLnG19oy23oU1LeTWfD3AeAC',NULL,'2025-03-28 10:16:35','2025-03-28 10:16:35',NULL,'Imtaa, LLC','Imtaa, LLC','1011 N Highway 123 Byp','Seguin','TX','78155',NULL,NULL,NULL,NULL,NULL,'5944','Petro-Tank Solutions',6,'Monthly','AMTX','0','0',NULL,NULL),
(1085,'Popular Food Store',NULL,NULL,NULL,'$2y$10$3wmcXK8AkrMZBH.OIjJmZu9aYzOcWkeSGIhENlk0u5PLl9U.wwMcW',NULL,'2025-03-28 10:18:54','2025-03-28 10:18:54',NULL,'MUBIN CORPORATION','MUBIN CORPORATION','1439 E Southcross Blvd','San Antonio','TX','78223',NULL,NULL,NULL,'RoMomin@yahoo.com',NULL,'7073','Petro-Tank Solutions',6,'Monthly','AMTX','0','0',NULL,NULL),
(1086,'Leander Grocery','leandergrocery307@att.net',NULL,NULL,'$2y$10$XuWrQ74D27QvPi0IPqYQteOPsKnbeqBrBPL7ZUIPoX0psJ6rAbr3m',NULL,'2025-03-28 10:22:34','2025-03-28 10:22:34',NULL,'AELINA ENTERPRISES INC','MOMIN, AKBAR ALI','307 S HWY 183','Leander','TX','78641','5122591523',NULL,NULL,NULL,NULL,'14319','Petro-Tank Solutions',6,'Monthly','AMTX','0','0',NULL,NULL),
(1087,'Nicks Mini Mart',NULL,NULL,NULL,'$2y$10$VgeBTf/.gyh7TuMsLldWi.FTVZq16vmv9cwD1GzzVAV.35IPu3Xz6',NULL,'2025-03-28 10:31:00','2025-03-28 10:31:00',NULL,'Lucky Nicks Retail Mgt LLC','Lucky Nicks Retail Mgt LLC','2819 S New Braunfels Ave','San Antonio','TX','78210',NULL,NULL,NULL,NULL,NULL,'55797','Petro-Tank Solutions',6,'Monthly','AMTX','0','0',NULL,NULL),
(1088,'Ali Momin','alimomin@amtstx.com',NULL,NULL,'$2y$10$xSe5mVY/Ykp1AUJoRxtQne7hw64C6F0k9ceuGd2kG0Rj1yoMko9ju',NULL,'2025-04-09 13:57:10','2025-04-09 13:57:10',NULL,NULL,NULL,NULL,NULL,NULL,NULL,NULL,NULL,NULL,NULL,NULL,NULL,NULL,5,NULL,'AMTX','1','0',NULL,NULL),
(1089,'FUEL DEPOT 58','fuel.depot@yahoo.com',NULL,NULL,'$2y$10$6jfCEkLAtOR4SITbgFjLe.x6SuqrVihkDTHmvUsoHboln527GO3iC',NULL,'2025-04-10 13:07:11','2025-04-10 13:07:11',NULL,'Mercury Retail LLC','Mercury Retail LLC','1002 Mercury Dr','Houston','TX','77029','713-373-7738','Mike Dhukka',NULL,'fuel.depot@yahoo.com',NULL,'40155','AMTS',6,'Monthly','AMTX','0','0',NULL,NULL),
(1090,'FUEL DEPOT 12',NULL,NULL,NULL,'$2y$10$jM6nENL78/yw4tJ3escAGuU9zA1ROQxlHjuyr8oDnFQddtcWqjWva',NULL,'2025-04-10 13:09:17','2025-04-10 13:09:17',NULL,'BREEZ RETAIL CORP','BREEZ RETAIL CORP','608 NEVELL ST','Cleveland','TX','77327','713-373-7738','Mike',NULL,'fuel.depot@yahoo.com',NULL,'16102','AMTS',6,'Monthly','AMTX','0','0',NULL,NULL),
(1091,'FUEL DEPOT 23',NULL,NULL,NULL,'$2y$10$WW7sqLpVhZZctf79zQxkh.KaCMkY8tkxI/vfOxDEQ9wt2N4ZhlqjS',NULL,'2025-04-10 13:15:04','2025-04-10 13:15:04',NULL,'SPECTRUM RETAIL LLC','SPECTRUM RETAIL LLC','7120 Scott St','Houston','TX','77021','713-373-7738','Mike',NULL,'fuel.depot@yahoo.com',NULL,'88573','AMTS',6,'Monthly','AMTX','0','0',NULL,NULL),
(1092,'Fuel Depot 49',NULL,NULL,NULL,'$2y$10$bJkZK1tltNXdlOGbP1huietAfrIc6cEsXIEawfVamU5E83vZrX.qi',NULL,'2025-04-16 09:29:29','2025-04-16 09:29:29',NULL,'FALCON RETAIL LLC','FALCON RETAIL LLC','5650 LITTLE YORK RD','Houston','TX','77016','Mike','713-373-7738',NULL,'fuel.depot@yahoo.com',NULL,'92989','AMTS',6,'Monthly','AMTX','0','0',NULL,NULL),
(1093,'Fuel Depot 28',NULL,NULL,NULL,'$2y$10$IrcEXqHEbkL4Jdspz.D2Fu4/iAbYyS3RC6FIieDGj1nDjH1lOoMWu',NULL,'2025-04-16 09:37:27','2025-04-16 09:37:27',NULL,'ARCHSTONE RETAIL LLC','ARCHSTONE RETAIL LLC','7803 JENSEN DR','Houston','TX','77093','713-373-7738','Mike',NULL,'fuel.depot@yahoo.com',NULL,'90192','AMTS',6,'Monthly','AMTX','0','0',NULL,NULL),
(1094,'FUEL DEPOT 24',NULL,NULL,NULL,'$2y$10$yPAKWH5sC0rpgGUmyfbBIuOs.BioSOdhz4fwc33j4zSaWbKcq6xou',NULL,'2025-04-16 11:47:26','2025-04-16 11:47:26',NULL,'WAYFOREST RETAIL LLC','WAYFOREST RETAIL LLC','11909 Tidwell Rd','Houston','TX','77044','713-373-7738','Mike',NULL,'adilprasla94@yahoo.com',NULL,'88747','AMTS',6,'Monthly','AMTX','0','0',NULL,NULL),
(1095,'FUEL DEPOT 26',NULL,NULL,NULL,'$2y$10$TSgRkd.9ws9/PUsGq4VhAexRw1sNjZsUDkx.UzsQDJC61UJLHRIZS',NULL,'2025-04-16 11:48:52','2025-04-16 11:48:52',NULL,'LINEX RETAIL LLC','LINEX RETAIL LLC','9525 W Montgomery RD','Houston','TX','77088','713-373-7738','Mike',NULL,'fuel.depot@yahoo.com',NULL,'90870','AMTS',6,'Monthly','AMTX','0','0',NULL,NULL),
(1096,'FUEL DEPOT 27',NULL,NULL,NULL,'$2y$10$YVFCi55HbtoM5ncZyWdtmOdnI2/v0kpGcA7rf/qjgvDGii7rbdfo2',NULL,'2025-04-16 11:52:40','2025-04-16 11:52:40',NULL,'EROS RETAIL LLC','EROS RETAIL LLC','7506 Martin Luther King Blvd','Houston','TX','77033','713-373-7738','Mike',NULL,'fuel.depot@yahoo.com',NULL,'90194','AMTS',6,'Monthly','AMTX','0','0',NULL,NULL),
(1097,'FUEL DEPOT 29',NULL,NULL,NULL,'$2y$10$p1elbmgD0Ycn3g4wGTn2P.tKbWgb4m82fftCpXMHixogCJXzhDIXW',NULL,'2025-04-16 11:54:15','2025-04-16 11:54:15',NULL,'Rushcreek Retail LLC','Rushcreek Retail LLC','13450 ELLA BLVD','Houston','TX','77067','713-373-7738','Mike',NULL,'zahirkhawaja@gmail.com',NULL,'89319','AMTS',6,'Monthly','AMTX','0','0',NULL,NULL),
(1098,'FUEL DEPOT 40',NULL,NULL,NULL,'$2y$10$6cEEy3fYnLfrKh0QRfA.v.1xpMwi5edEDfZBFgJmwO/zBeDTuNeU6',NULL,'2025-04-16 11:57:01','2025-04-16 11:57:01',NULL,'Hypercity Investments LLC','New Edge Retail LLC','10265 Scott St','Houston','Tx','77051','713-505-4583','Adil',NULL,'fuel.depot@yahoo.com',NULL,'93173','AMTS',6,'Monthly','AMTX','0','0',NULL,NULL),
(1099,'FUEL DEPOT 43',NULL,NULL,NULL,'$2y$10$9/doWFko2A7IkhcWm6si5ePLZzUP5otww36q30r2Vq.Rr05vd2Bc6',NULL,'2025-04-16 11:59:31','2025-04-16 11:59:31',NULL,'BRISCOE RETAIL LLC','BRISCOE RETAIL LLC','8102 Cullen Blvd','Houston','TX','77051','713-373-7738','Mike',NULL,'fuel.depot@yahoo.com',NULL,'91370','AMTS',6,'Monthly','AMTX','0','0',NULL,NULL),
(1100,'FUEL DEPOT 45',NULL,NULL,NULL,'$2y$10$cO0xgwrVuiRTwToSd9OU4.sjseBaXvORn5cH3eDMvwG4Bftw4kWY.',NULL,'2025-04-16 12:01:35','2025-04-16 12:01:35',NULL,'Spark 1202, LLC','Spark 1202, LLC','1202 6th St N','Texas City','TX','77590','832-720-2166','Suleman Khowaja',NULL,'SulemanShams@hotmail.com',NULL,'61291','AMTS',6,'Monthly','AMTX','0','0',NULL,NULL),
(1101,'FUEL DEPOT 6',NULL,NULL,NULL,'$2y$10$UNAvsf3ek0O.GjwKCx3GyOBm82Hcd5HrQ/VphGpxsjSYor6oT3vrS',NULL,'2025-04-16 12:03:25','2025-04-16 12:03:25',NULL,'SONA VENTURES INC','SONA VENTURES INC','2610 BROADWAY ST','Houston','TX','77012','713-373-7738','Mike',NULL,'rkprasla1969@yahoo.com',NULL,'29288','AMTS',6,'Monthly','AMTX','0','0',NULL,NULL),
(1102,'BREAKTIME AT BAKER','villageatbaker@gmail.com','+1832-695-3052',NULL,'$2y$10$ySYZWk5mLLPFPzRme76T6e/DZzRsvvjRoyobwxmwwT33nWL5bp7K.',NULL,'2025-04-24 11:03:23','2025-04-24 11:03:23',NULL,'Breaktime @ Baker, LLC','Breaktime @ Baker, LLC','3700 W Baker Rd','Baytown','TX','77521','713-401-4566','Jamil',NULL,'villageatbaker@gmail.com',NULL,'88512','AMTS',6,'Monthly','AMTX','0','0',NULL,NULL),
(1103,'BREAKTIME 24',NULL,NULL,NULL,'$2y$10$VVgnL4lHEY4FbapY8PEgCunhTXCXLmIfgjL1D02Cr8kVI3dL4uGaS',NULL,'2025-04-24 13:25:11','2025-04-24 13:25:11',NULL,'ROBSTOWN MANAGEMENT, LLC','ROBSTOWN MANAGEMENT, LLC','4125 W Airport Fwy','Irving','TX','75062','214-471-9638','Yaser',NULL,'YMohammed@btcmstores.com',NULL,'63208','AMTS',6,'Monthly','AMTX','0','0',NULL,NULL),
(1104,'BREAKTIME 32',NULL,NULL,NULL,'$2y$10$gpDNolAiKPD.zEk8Pl92LOOT0qQ68uVKZpTi7twhmC2AjbrLZlG5C',NULL,'2025-04-24 13:27:21','2025-04-24 13:27:21',NULL,'BREAKTIME STORES 32, LLC','BREAKTIME STORES 32, LLC','6530 W 43rd St','Houston','TX','77092','313-614-1914','Yasir',NULL,'FuelRecords@btcmstores.com',NULL,'24933','AMTS',6,'Monthly','AMTX','0','0',NULL,NULL),
(1105,'BREAKTIME STORE 37',NULL,NULL,NULL,'$2y$10$BK6v0/UQa8rkfh8hbCJB9eErfHDyXtwOLKpC6tCF0Mzfqk1oZj0d2',NULL,'2025-04-24 13:29:15','2025-04-24 13:29:15',NULL,'Breaktime Stores 37 LLC','Breaktime Stores 37 LLC','2103 Westheimer Rd','Houston','TX','77098','313-614-1914','Yasir',NULL,'SRafiq@btcmstores.com',NULL,'23163','AMTS',6,'Monthly','AMTX','0','0',NULL,NULL),
(1106,'BREAKTIME STORES 27',NULL,NULL,NULL,'$2y$10$mjXwotYDcnQzRAniAcB8HeqOf5VJUQ4Kb/KSuUtWSO4MEMqaXmlL2',NULL,'2025-04-24 13:31:52','2025-04-24 13:31:52',NULL,'MCHARD BUSINESS, L.L.C.','MCHARD BUSINESS, L.L.C.','2620 MCHARD RD','Pearland','TX','77584','313-614-1914','Yasir',NULL,'cmmchard@btcmstores.com',NULL,'65598','AMTS',6,'Monthly','AMTX','0','0',NULL,NULL),
(1107,'BREAKTIME STORES 36',NULL,NULL,NULL,'$2y$10$Hpq48XmVKayKwRDW8z5FWeXcdFG4FWeXCicwtQCKFLryVufFtorPS',NULL,'2025-04-24 13:33:45','2025-04-24 13:33:45',NULL,'Breaktime Stores 36 LLC','Breaktime Stores 36 LLC','2602 Richmond Ave','Houston','TX','77098','313-614-1914','Yasir',NULL,'A.bari@btcmstores.com',NULL,'58373','AMTS',6,'Monthly','AMTX','0','0',NULL,NULL),
(1108,'KWICKERS FOOD MART #3',NULL,NULL,NULL,'$2y$10$Cqm.4SLu6HvWmMsoGHVU4OMNm4TU52/Aoe7HhtnJixjUXlKyN7eNm',NULL,'2025-04-29 09:55:53','2025-04-29 09:55:53',NULL,'JCT GANDHI LLC','JCT GANDHI LLC','1810 E SE LOOP 323','Tyler','TX','75701','832-766-4806','Amrit',NULL,'amrit_up05@yahoo.com',NULL,'6571','AMTS',6,'Monthly','AMTX','0','0',NULL,NULL),
(1109,'KWICKERS FOOD MART #4',NULL,NULL,NULL,'$2y$10$Ati9IuBaf2ZTtXc3zlZKvev8X8Xmys6OrC1yorv3rPuvQJewSkWqu',NULL,'2025-04-29 09:57:37','2025-04-29 09:57:37',NULL,'Front Trading LLC','Front Trading LLC','900 W FRONT ST','Tyler','TX','75702','832-766-4806','Amrit',NULL,'amrit_up05@yahoo.com',NULL,'211','AMTS',6,'Monthly','AMTX','0','0',NULL,NULL),
(1110,'STOP N SERV #2',NULL,NULL,NULL,'$2y$10$bcW/l4UvX6bmO4gHFszN8ODR89VUq5co8uq8/g.UGVhmOGlaHxQ/2',NULL,'2025-04-29 09:59:44','2025-04-29 09:59:44',NULL,'KIM, JAMES H','KIM, JAMES H','20025 FM 1485 RD','New Caney','TX','77357','832-758-5102','RAFIQ CHARANIA',NULL,'charaniarafiq@gmail.com',NULL,'14060','AMTS',6,'Monthly','AMTX','0','0',NULL,NULL),
(1111,'STOP N SERV #4',NULL,NULL,NULL,'$2y$10$kJgj9PQwXhJ/gdspfqsYqONfkIIlH1LUevgqb6UK9sNU/1lqA65OK',NULL,'2025-04-29 10:01:17','2025-04-29 10:01:17',NULL,'KIM, JAMES H','KIM, JAMES H','20409 FM 2100','Crosby','TX','77532','832-758-5102','RAFIQ CHARANIA',NULL,'charaniarafiq@gmail.com',NULL,'14061','AMTS',6,'Monthly','AMTX','0','0',NULL,NULL);
/*!40000 ALTER TABLE `users` ENABLE KEYS */;
UNLOCK TABLES;

--
-- Table structure for table `utilities`
--

DROP TABLE IF EXISTS `utilities`;
/*!40101 SET @saved_cs_client     = @@character_set_client */;
/*!40101 SET character_set_client = utf8mb4 */;
CREATE TABLE `utilities` (
  `id` int(11) NOT NULL AUTO_INCREMENT,
  `type` varchar(60) NOT NULL,
  `service_pro` varchar(60) DEFAULT NULL,
  `avg_m_bill` int(11) DEFAULT NULL,
  `end_date` date DEFAULT NULL,
  `acc_num` varchar(60) DEFAULT NULL,
  `note` varchar(600) DEFAULT NULL,
  `bill_path` varchar(600) DEFAULT NULL,
  `store_id` int(11) DEFAULT NULL,
  `created_at` timestamp NULL DEFAULT NULL,
  `updated_at` timestamp NULL DEFAULT NULL,
  PRIMARY KEY (`id`),
  KEY `store_id` (`store_id`),
  CONSTRAINT `utilities_ibfk_1` FOREIGN KEY (`store_id`) REFERENCES `stores` (`id`)
) ENGINE=InnoDB AUTO_INCREMENT=13 DEFAULT CHARSET=utf8mb4 COLLATE=utf8mb4_general_ci;
/*!40101 SET character_set_client = @saved_cs_client */;

--
-- Dumping data for table `utilities`
--

LOCK TABLES `utilities` WRITE;
/*!40000 ALTER TABLE `utilities` DISABLE KEYS */;
INSERT INTO `utilities` (`id`, `type`, `service_pro`, `avg_m_bill`, `end_date`, `acc_num`, `note`, `bill_path`, `store_id`, `created_at`, `updated_at`) VALUES (1,'Electricity','APG&E',3400,'2024-08-01','95040668-807',NULL,'1/testt - STR_1 - Team Nextfashionera.pdf',1,'2023-10-20 09:34:55','2023-10-22 03:44:59'),
(2,'Water','City OF Houston',325,NULL,'9000-2652-2012',NULL,'1/City OF Houston - STR_1 - fd49water.pdf',1,'2023-10-21 13:20:21','2023-11-06 03:51:02'),
(3,'Internet','Comcast',182,NULL,'8777703322182919','EFT','1/Comcast - STR_1 - comcastfd49.pdf',1,'2023-10-26 22:11:15','2023-11-06 03:52:56'),
(4,'Internet','AT&T',252,'2024-05-29','326829115',NULL,'/ - STR_ - Atnt.pdf',10,'2023-10-27 03:14:33','2023-10-27 03:14:33'),
(5,'Electricity','APG&E',1500,NULL,'68877865-454','$0.0654 per kwh','10/APG&E - STR_10 - Beer Permit - STR_10 - work-orders (1).pdf',10,'2023-10-27 03:18:10','2023-11-07 05:42:45'),
(6,'Water','City Of Houston',535,'2099-01-01','0435-1370-1573',NULL,'/ - STR_ - water.pdf',10,'2023-10-27 03:20:52','2023-10-27 03:20:52'),
(7,'Electricity','AP&G',2600,'2026-01-29','89376734974','0.0399 KWh','4/AP&G - STR_4 - jpg2pdf (8).pdf',4,'2023-11-06 03:49:09','2023-11-06 03:49:09'),
(8,'Gas','Center point',179,NULL,'6403220822-1',NULL,NULL,10,'2023-12-27 02:42:12','2023-12-27 02:42:12'),
(9,'Internet','AT&T',175,NULL,'304084549',NULL,'2/AT&T - STR_2 - CamScan_18-01-2024_17-03-44.pdf',2,'2024-01-19 06:04:47','2024-01-19 06:04:47'),
(10,'Electricity','APG&E',3250,NULL,'81716260-779',NULL,'2/APG&E - STR_2 - CamScan_18-01-2024_17-06-01.pdf',2,'2024-01-19 06:08:43','2024-01-19 06:08:43'),
(11,'Electricity','APG&E',3250,NULL,'81716260-779',NULL,'2/APG&E - STR_2 - CamScan_18-01-2024_17-06-01.pdf',2,'2024-01-19 06:08:51','2024-01-19 06:08:51'),
(12,'Electricity','Apge',NULL,'2024-06-04','61572076-891',NULL,NULL,17,'2024-03-01 04:31:55','2024-03-01 04:36:16');
/*!40000 ALTER TABLE `utilities` ENABLE KEYS */;
UNLOCK TABLES;

--
-- Table structure for table `vendors`
--

DROP TABLE IF EXISTS `vendors`;
/*!40101 SET @saved_cs_client     = @@character_set_client */;
/*!40101 SET character_set_client = utf8mb4 */;
CREATE TABLE `vendors` (
  `id` int(11) NOT NULL AUTO_INCREMENT,
  `name` varchar(60) NOT NULL,
  `rep_name` varchar(60) DEFAULT NULL,
  `phone` varchar(20) DEFAULT NULL,
  `delivery` varchar(60) DEFAULT NULL,
  `payment_type` varchar(60) DEFAULT NULL,
  `acc_num` varchar(60) DEFAULT NULL,
  `store_id` int(11) DEFAULT NULL,
  `created_at` timestamp NULL DEFAULT NULL,
  `updated_at` timestamp NULL DEFAULT NULL,
  PRIMARY KEY (`id`),
  KEY `store_id` (`store_id`),
  CONSTRAINT `vendors_ibfk_1` FOREIGN KEY (`store_id`) REFERENCES `stores` (`id`)
) ENGINE=InnoDB AUTO_INCREMENT=46 DEFAULT CHARSET=utf8mb4 COLLATE=utf8mb4_general_ci;
/*!40101 SET character_set_client = @saved_cs_client */;

--
-- Dumping data for table `vendors`
--

LOCK TABLES `vendors` WRITE;
/*!40000 ALTER TABLE `vendors` DISABLE KEYS */;
INSERT INTO `vendors` (`id`, `name`, `rep_name`, `phone`, `delivery`, `payment_type`, `acc_num`, `store_id`, `created_at`, `updated_at`) VALUES (10,'Little Debie (dante)',NULL,'713-470-7137','Weekly','Check',NULL,1,'2023-10-26 02:46:40','2023-10-26 02:56:11'),
(12,'Jack Hilliard (Pedro)',NULL,'346-578-5969','Weekly','EFT',NULL,1,'2023-10-26 02:53:54','2023-10-26 02:53:54'),
(13,'Bimbo',NULL,'713-471-0776','Weekly','Check',NULL,10,'2023-10-27 03:45:54','2023-10-27 03:45:54'),
(14,'Little Debie',NULL,'832-250-1357','Weekly','Check',NULL,10,'2023-10-27 03:46:11','2023-10-27 03:46:11'),
(15,'Pepsi',NULL,'832-530-7464','Bi-weekly','Check',NULL,10,'2023-10-27 03:46:28','2023-10-27 03:46:28'),
(16,'CocaCola',NULL,'281-380-9232','Bi-weekly','Check',NULL,10,'2023-10-27 03:47:02','2023-10-27 03:47:12'),
(17,'Dr Pepper',NULL,'346-266-9232','Bi-weekly','Check',NULL,10,'2023-10-27 03:47:38','2023-10-27 03:47:38'),
(18,'Tastee Kreme',NULL,'281-690-0626','Bi-weekly','Check',NULL,10,'2023-10-27 03:47:55','2023-10-27 03:47:55'),
(19,'Impact Distribution',NULL,'936-520-6014','Bi-weekly','Check',NULL,10,'2023-10-27 03:48:19','2023-10-27 03:48:19'),
(20,'Jack Hilyard',NULL,'346-578-5969','Bi-weekly','EFT',NULL,10,'2023-10-27 03:48:43','2023-10-27 03:48:43'),
(21,'Cintas (Brian )',NULL,'832-244-6747','Weekly','EFT',NULL,10,'2023-10-27 03:49:14','2023-10-27 03:49:14'),
(22,'HD Distribution (Tim)',NULL,'281-583-4891','Weekly','EFT',NULL,10,'2023-10-27 03:49:40','2023-10-27 03:49:40'),
(23,'RNDC (Joe)',NULL,'832-508-5947','Bi-weekly','EFT',NULL,10,'2023-10-27 03:50:06','2023-10-27 03:50:06'),
(24,'E&L Multi (Milton)',NULL,'832-863-8629','Bi-weekly','Check',NULL,10,'2023-10-27 03:50:46','2023-10-27 03:50:46'),
(25,'Mini Melts',NULL,'860-934-2306','On Call','Check',NULL,10,'2023-10-27 03:51:38','2023-10-27 03:51:38'),
(26,'Jerry Pickle',NULL,'281-250-7495','On Call','Cash',NULL,10,'2023-10-27 03:51:56','2023-10-27 03:51:56'),
(27,'Warner Novelty (viky)',NULL,'832-614-6609','On Call','Check',NULL,10,'2023-10-27 03:52:24','2023-10-27 03:52:24'),
(28,'Silver Eagle (jesus)',NULL,'832-768-4877','Weekly','EFT',NULL,10,'2023-10-27 03:52:54','2023-10-27 03:52:54'),
(29,'Merca Mex',NULL,'210-999-0500','On Call','Check',NULL,10,'2023-10-27 03:53:12','2023-10-27 03:53:12'),
(30,'Arizona (jenifer)',NULL,'832-706-8313','Weekly','Check',NULL,10,'2023-10-27 03:53:40','2023-10-27 03:53:40'),
(31,'Maverick (ricky)',NULL,'832-547-1323','Weekly','Check',NULL,10,'2023-10-27 03:54:02','2023-10-27 03:54:02'),
(32,'Blue Bell',NULL,'346-544-7849','Bi-weekly','Check',NULL,10,'2023-10-27 03:54:23','2023-10-27 03:54:59'),
(33,'Royal coffe',NULL,'281-227-0500','On Call','Check',NULL,10,'2023-10-27 03:54:53','2023-10-27 03:54:53'),
(34,'Jenco Coffe',NULL,'817-682-6778','Weekly','Check',NULL,10,'2023-10-27 03:55:37','2023-10-27 03:55:37'),
(35,'Frito Lay (adnan)',NULL,'832-277-0892','Weekly','EFT',NULL,10,'2023-10-27 03:56:06','2023-10-27 03:56:06'),
(36,'Takis',NULL,'713-397-5105','Weekly','Check',NULL,10,'2023-10-27 03:56:28','2023-10-27 03:56:28'),
(37,'SunShine',NULL,'832-879-8166','Weekly','Check',NULL,10,'2023-10-27 03:56:58','2023-10-27 03:56:58'),
(38,'Lance',NULL,'832-921-3583','On Call','Check',NULL,10,'2023-10-27 03:57:12','2023-10-27 03:57:12'),
(39,'Intimes',NULL,'832-933-4161','On Call','Check',NULL,10,'2023-10-27 03:57:29','2023-10-27 03:57:29'),
(40,'Ozarka water',NULL,'281-620-4120','On Call','Check',NULL,10,'2023-10-27 03:57:55','2023-10-27 03:57:55'),
(41,'GSC (Brian)',NULL,'832-877-2994','Weekly','EFT',NULL,10,'2023-10-27 03:59:40','2023-10-27 03:59:40'),
(42,'Mexican Candy (Khalitho)',NULL,NULL,'Weekly','Cash',NULL,10,'2023-10-27 04:00:58','2023-10-27 04:00:58'),
(43,'Mexican Candy (Khalitho)',NULL,'832-372-1483','On Call','Cash',NULL,10,'2023-10-27 04:01:32','2023-10-27 04:01:32'),
(44,'LA Union (Darian)',NULL,'713-835-8653','On Call','Cash',NULL,10,'2023-10-27 04:02:08','2023-10-27 04:02:08'),
(45,'Rosephora',NULL,'832-474-9459','Weekly','Cash',NULL,10,'2023-10-27 04:02:30','2023-10-27 04:02:30');
/*!40000 ALTER TABLE `vendors` ENABLE KEYS */;
UNLOCK TABLES;

--
-- Table structure for table `work_orders`
--

DROP TABLE IF EXISTS `work_orders`;
/*!40101 SET @saved_cs_client     = @@character_set_client */;
/*!40101 SET character_set_client = utf8mb4 */;
CREATE TABLE `work_orders` (
  `id` int(11) NOT NULL AUTO_INCREMENT,
  `wo_number` varchar(20) NOT NULL,
  `customer_id` bigint(20) unsigned DEFAULT NULL,
  `status` varchar(60) DEFAULT NULL,
  `tech_id` bigint(20) unsigned DEFAULT NULL,
  `fleet_id` int(11) DEFAULT NULL,
  `date` date DEFAULT NULL,
  `start_date` date DEFAULT NULL,
  `comp_date` date DEFAULT NULL,
  `comp_time` varchar(30) DEFAULT NULL,
  `time` varchar(30) DEFAULT NULL,
  `description` varchar(600) DEFAULT NULL,
  `priority` varchar(30) DEFAULT NULL,
  `comment` varchar(600) DEFAULT NULL,
  `createdBy` bigint(20) unsigned DEFAULT NULL,
  `invoiced` varchar(5) DEFAULT NULL,
  `created_at` timestamp NULL DEFAULT NULL,
  `updated_at` timestamp NULL DEFAULT NULL,
  PRIMARY KEY (`id`),
  KEY `fleet_id` (`fleet_id`),
  KEY `customer_id` (`customer_id`),
  KEY `tech_id` (`tech_id`),
  KEY `createdBy` (`createdBy`),
  CONSTRAINT `work_orders_ibfk_1` FOREIGN KEY (`fleet_id`) REFERENCES `fleets` (`id`),
  CONSTRAINT `work_orders_ibfk_2` FOREIGN KEY (`customer_id`) REFERENCES `users` (`id`),
  CONSTRAINT `work_orders_ibfk_3` FOREIGN KEY (`tech_id`) REFERENCES `users` (`id`),
  CONSTRAINT `work_orders_ibfk_4` FOREIGN KEY (`createdBy`) REFERENCES `users` (`id`)
) ENGINE=InnoDB AUTO_INCREMENT=174 DEFAULT CHARSET=utf8mb4 COLLATE=utf8mb4_general_ci;
/*!40101 SET character_set_client = @saved_cs_client */;

--
-- Dumping data for table `work_orders`
--

LOCK TABLES `work_orders` WRITE;
/*!40000 ALTER TABLE `work_orders` DISABLE KEYS */;
INSERT INTO `work_orders` (`id`, `wo_number`, `customer_id`, `status`, `tech_id`, `fleet_id`, `date`, `start_date`, `comp_date`, `comp_time`, `time`, `description`, `priority`, `comment`, `createdBy`, `invoiced`, `created_at`, `updated_at`) VALUES (159,'00001',1074,'Completed',460,NULL,'2025-03-01',NULL,'2025-03-01','20:16','20:12',NULL,'Medium','[[\"Change filters and nozzle pump 3 gas.\",\"2025-03-01 20:14:26\",\"Office\"]]',1,NULL,'2025-03-01 20:14:26','2025-03-01 20:16:56'),
(160,'00160',1074,'Completed',460,NULL,'2025-03-01',NULL,'2025-03-01','20:32','12:29',NULL,'Medium','[[\"Calibration\",\"2025-03-01 20:31:08\",\"Office\"]]',1,NULL,'2025-03-01 20:30:47','2025-03-01 20:32:01'),
(161,'00161',1074,'Completed',460,NULL,'2025-03-01',NULL,'2025-03-01','20:53','20:44','[[\"When will this be completed?\",\"2025-03-01 20:52:25\",\"Store\"]]','Medium','[[\"Test it\",\"2025-03-01 20:45:00\",\"Office\"]]',1,NULL,'2025-03-01 20:45:00','2025-03-01 20:53:33'),
(163,'00162',1074,'Completed',460,NULL,'2025-03-31',NULL,'2025-03-30','19:07','19:01',NULL,'Medium','[[\"Testing WO still\",\"2025-03-30 19:02:43\",\"Office\"]]',1,NULL,'2025-03-30 19:02:43','2025-03-30 19:07:01'),
(166,'00164',128,'Completed',460,NULL,'2025-04-01',NULL,'2025-04-01','23:34','23:28','[[\"Testing functionality from Customer\",\"2025-04-01 23:30:55\",\"Store\"]]','Medium','[[\"WO Test functionality...04.01\",\"2025-04-01 23:29:23\",\"Office\"],[\"Testing - Completed by Office\",\"2025-04-01 23:34:30\",\"Office\"]]',1,NULL,'2025-04-01 23:29:23','2025-04-01 23:37:13'),
(167,'00167',681,'Pending',NULL,NULL,'2025-04-03',NULL,NULL,NULL,'12:59',NULL,'High','[[\"COA deadline 4\\/7\\/2025: \\r\\n1. Remove liquid from STP and spill buckets\\r\\n2. De-clog hazardous materials interceptor trench drains\\r\\n3. Sensor tickets for 12 months\\r\\n4. Line Leak\",\"2025-04-03 13:00:58\",\"Office\"]]',447,NULL,'2025-04-03 13:00:58','2025-04-03 13:00:58'),
(168,'00168',493,'Pending',NULL,NULL,'2025-04-03',NULL,NULL,NULL,'13:00',NULL,'High','[[\"COA deadline 4\\/5\\/2025:\\r\\n1. Sensor tickets for 12 months\",\"2025-04-03 13:01:32\",\"Office\"]]',447,NULL,'2025-04-03 13:01:32','2025-04-03 13:01:32'),
(169,'00169',493,'Pending',NULL,NULL,'2025-04-09',NULL,NULL,NULL,'12:51',NULL,'Medium','[[\"COA Deadline 4\\/11\\/25:\\r\\n1. Remove liquid from Spill Buckets\\r\\n2. LLT\",\"2025-04-09 12:52:12\",\"Office\"]]',447,NULL,'2025-04-09 12:52:12','2025-04-09 12:52:12'),
(170,'00170',896,'Pending',NULL,NULL,'2025-04-11',NULL,NULL,NULL,'11:15',NULL,'Medium','[[\"TCEQ Inspection on 4\\/15\\/2025:\\r\\n1. Spill Bucket Test (3 yr)\\r\\n2. Overfill Test (3 yr)\\r\\n3. CP Test\\r\\n4. Rectifier log\\/info\",\"2025-04-11 11:16:49\",\"Office\"]]',447,NULL,'2025-04-11 11:16:49','2025-04-11 11:16:49'),
(171,'00171',900,'Pending',NULL,NULL,'2025-04-18',NULL,NULL,NULL,'12:18',NULL,'Medium','[[\"COA requirement for CP report due by April 23rd, 2025.\",\"2025-04-18 12:19:24\",\"Office\"]]',447,NULL,'2025-04-18 12:19:24','2025-04-18 12:19:24'),
(172,'00172',681,'Pending',NULL,NULL,'2025-04-24',NULL,NULL,NULL,'15:28',NULL,'Medium','[[\"COA Deadline:\\r\\n1. De-Clog Hazardous Materials Interceptor trench drains.\\r\\n2. Deadline: April 30, 2025\",\"2025-04-24 15:29:29\",\"Office\"]]',447,NULL,'2025-04-24 15:29:29','2025-04-24 15:29:29'),
(173,'00173',706,'Pending',NULL,NULL,'2025-04-24',NULL,NULL,NULL,'15:29',NULL,'Medium','[[\"COA Deadline: \\r\\n1. Remove liquid from spill buckets.\\r\\n2. Replace the broken regular unleaded vapor-recovery port cap.\\r\\n3. Deadline: April 30, 2025\",\"2025-04-24 15:30:47\",\"Office\"]]',447,NULL,'2025-04-24 15:30:47','2025-04-24 15:30:47');
/*!40000 ALTER TABLE `work_orders` ENABLE KEYS */;
UNLOCK TABLES;

--
-- Dumping events for database 'amtstx_lar'
--

--
-- Dumping routines for database 'amtstx_lar'
--
/*!40103 SET TIME_ZONE=@OLD_TIME_ZONE */;

/*!40101 SET SQL_MODE=@OLD_SQL_MODE */;
/*!40014 SET FOREIGN_KEY_CHECKS=@OLD_FOREIGN_KEY_CHECKS */;
/*!40014 SET UNIQUE_CHECKS=@OLD_UNIQUE_CHECKS */;
/*!40101 SET CHARACTER_SET_CLIENT=@OLD_CHARACTER_SET_CLIENT */;
/*!40101 SET CHARACTER_SET_RESULTS=@OLD_CHARACTER_SET_RESULTS */;
/*!40101 SET COLLATION_CONNECTION=@OLD_COLLATION_CONNECTION */;
/*!40111 SET SQL_NOTES=@OLD_SQL_NOTES */;

-- Dump completed on 2025-05-09 10:28:16
